id,nama_kos,kota,kecamatan,harga,jenis_kos,wifi,ac,kipas,kasur,lemari,meja,kamar_mandi_dalam,parkir_motor,parkir_mobil,dapur,cctv,keamanan,dekat_transportasi
1,Kos Mawar Jakarta 0001,Jakarta,Pasar Minggu,2100000,Putri,Ya,Ya,Ya,Ya,Ya,Tidak,Tidak,Ya,Ya,Ya,Ya,Ya,Ya
2,Kos Wijaya Jakarta 0002,Jakarta,Kebayoran Baru,2600000,Campur,Ya,Ya,Ya,Ya,Ya,Tidak,Tidak,Ya,Tidak,Ya,Ya,Tidak,Ya
3,Kos Mawar Jakarta 0003,Jakarta,Tebet,3950000,Putra,Ya,Tidak,Tidak,Ya,Ya,Tidak,Ya,Ya,Tidak,Tidak,Tidak,Ya,Ya
4,Kos Sakura Jakarta 0004,Jakarta,Pasar Minggu,3800000,Putra,Ya,Ya,Ya,Ya,Ya,Ya,Ya,Ya,Ya,Ya,Tidak,Ya,Ya
5,Kos Puspa Jakarta 0005,Jakarta,Setiabudi,2150000,Putri,Ya,Ya,Tidak,Ya,Ya,Ya,Ya,Ya,Ya,Tidak,Tidak,Ya,Ya
6,Kos Cendana Jakarta 0006,Jakarta,Kembangan,1750000,Campur,Ya,Tidak,Ya,Ya,Ya,Ya,Ya,Ya,Tidak,Tidak,Ya,Ya,Tidak
7,Kos Melati Jakarta 0007,Jakarta,Pasar Minggu,3900000,Putra,Ya,Ya,Ya,Ya,Ya,Ya,Ya,Ya,Tidak,Ya,Tidak,Tidak,Ya
8,Kos Permata Jakarta 0008,Jakarta,Pasar Minggu,3400000,Putra,Ya,Ya,Ya,Ya,Ya,Tidak,Tidak,Ya,Tidak,Ya,Tidak,Tidak,Ya
9,Kos Harmoni Jakarta 0009,Jakarta,Pasar Minggu,1750000,Putra,Ya,Ya,Tidak,Ya,Ya,Tidak,Ya,Ya,Ya,Ya,Tidak,Tidak,Ya
10,Kos Nusantara Jakarta 0010,Jakarta,Tebet,3750000,Putra,Ya,Ya,Tidak,Ya,Ya,Ya,Ya,Ya,Tidak,Tidak,Ya,Ya,Ya
11,Kos Harmoni Jakarta 0011,Jakarta,Kebayoran Baru,1600000,Campur,Tidak,Ya,Ya,Ya,Ya,Ya,Ya,Ya,Tidak,Ya,Ya,Ya,Ya
12,Kos Wijaya Jakarta 0012,Jakarta,Setiabudi,2850000,Putri,Ya,Ya,Tidak,Ya,Ya,Ya,Tidak,Ya,Tidak,Tidak,Tidak,Ya,Ya
13,Kos Amanah Jakarta 0013,Jakarta,Tebet,1700000,Putri,Ya,Ya,Tidak,Ya,Ya,Ya,Tidak,Ya,Ya,Ya,Tidak,Ya,Ya
14,Kos Mawar Jakarta 0014,Jakarta,Tebet,2700000,Putra,Ya,Ya,Ya,Ya,Tidak,Tidak,Tidak,Tidak,Tidak,Ya,Tidak,Ya,Ya
15,Kos Nusantara Jakarta 0015,Jakarta,Pasar Minggu,1650000,Putri,Ya,Tidak,Tidak,Ya,Ya,Ya,Tidak,Ya,Tidak,Ya,Ya,Ya,Ya
16,Kos Puspa Jakarta 0016,Jakarta,Tebet,3350000,Putri,Ya,Ya,Tidak,Ya,Ya,Ya,Tidak,Ya,Ya,Tidak,Tidak,Ya,Ya
17,Kos Melati Jakarta 0017,Jakarta,Kebayoran Baru,2950000,Putri,Ya,Ya,Tidak,Ya,Ya,Tidak,Ya,Ya,Ya,Ya,Tidak,Ya,Ya
18,Kos Permata Jakarta 0018,Jakarta,Pasar Minggu,1500000,Putri,Ya,Ya,Tidak,Ya,Ya,Ya,Ya,Ya,Tidak,Ya,Ya,Ya,Ya
19,Kos Kenanga Jakarta 0019,Jakarta,Pasar Minggu,3050000,Putra,Ya,Tidak,Ya,Ya,Ya,Ya,Tidak,Ya,Ya,Ya,Ya,Ya,Ya
20,Kos Melati Jakarta 0020,Jakarta,Kebayoran Baru,3700000,Campur,Ya,Ya,Tidak,Ya,Ya,Ya,Ya,Ya,Tidak,Ya,Ya,Ya,Ya
21,Kos Melati Jakarta 0021,Jakarta,Setiabudi,3950000,Putri,Ya,Tidak,Tidak,Ya,Ya,Ya,Ya,Ya,Tidak,Tidak,Tidak,Ya,Ya
22,Kos Wijaya Jakarta 0022,Jakarta,Tebet,2350000,Putra,Ya,Tidak,Tidak,Ya,Ya,Ya,Ya,Ya,Ya,Ya,Ya,Tidak,Ya
23,Kos Kenanga Jakarta 0023,Jakarta,Kebayoran Baru,3950000,Putra,Ya,Ya,Ya,Ya,Ya,Ya,Tidak,Ya,Tidak,Tidak,Ya,Ya,Ya
24,Kos Nusantara Jakarta 0024,Jakarta,Setiabudi,2850000,Putri,Ya,Ya,Tidak,Ya,Ya,Tidak,Ya,Tidak,Ya,Tidak,Ya,Ya,Ya
25,Kos Melati Jakarta 0025,Jakarta,Setiabudi,3450000,Putra,Ya,Ya,Tidak,Ya,Ya,Ya,Ya,Tidak,Tidak,Tidak,Tidak,Ya,Ya
26,Kos Puspa Jakarta 0026,Jakarta,Pasar Minggu,2450000,Putri,Ya,Tidak,Ya,Ya,Ya,Ya,Ya,Ya,Ya,Ya,Tidak,Ya,Tidak
27,Kos Permata Jakarta 0027,Jakarta,Kebayoran Baru,2400000,Putri,Ya,Ya,Ya,Ya,Ya,Ya,Ya,Ya,Tidak,Tidak,Tidak,Tidak,Ya
28,Kos Wijaya Jakarta 0028,Jakarta,Pasar Minggu,2100000,Putri,Ya,Ya,Tidak,Ya,Ya,Ya,Ya,Ya,Ya,Ya,Tidak,Tidak,Ya
29,Kos Cendana Jakarta 0029,Jakarta,Tebet,1850000,Putri,Ya,Ya,Ya,Ya,Ya,Tidak,Tidak,Ya,Tidak,Ya,Tidak,Ya,Ya
30,Kos Nusantara Jakarta 0030,Jakarta,Kembangan,2900000,Putra,Ya,Ya,Tidak,Ya,Ya,Tidak,Tidak,Ya,Tidak,Tidak,Tidak,Ya,Tidak
31,Kos Harmoni Jakarta 0031,Jakarta,Kembangan,3700000,Putra,Ya,Ya,Tidak,Ya,Ya,Ya,Ya,Ya,Tidak,Ya,Ya,Ya,Ya
32,Kos Amanah Jakarta 0032,Jakarta,Kebayoran Baru,2600000,Putra,Ya,Ya,Ya,Ya,Ya,Ya,Tidak,Ya,Tidak,Tidak,Ya,Tidak,Ya
33,Kos Wijaya Jakarta 0033,Jakarta,Tebet,2950000,Campur,Ya,Tidak,Tidak,Ya,Ya,Tidak,Tidak,Ya,Tidak,Ya,Tidak,Ya,Ya
34,Kos Anggrek Jakarta 0034,Jakarta,Kembangan,2350000,Campur,Tidak,Ya,Tidak,Ya,Ya,Ya,Ya,Ya,Tidak,Ya,Ya,Ya,Ya
35,Kos Harmoni Jakarta 0035,Jakarta,Kebayoran Baru,3450000,Putra,Ya,Ya,Ya,Ya,Ya,Ya,Tidak,Ya,Tidak,Tidak,Tidak,Tidak,Tidak
36,Kos Melati Jakarta 0036,Jakarta,Pasar Minggu,1550000,Campur,Ya,Ya,Tidak,Ya,Ya,Ya,Tidak,Ya,Tidak,Tidak,Ya,Tidak,Tidak
37,Kos Puspa Jakarta 0037,Jakarta,Kebayoran Baru,2600000,Putri,Ya,Tidak,Ya,Ya,Tidak,Ya,Ya,Ya,Tidak,Tidak,Ya,Ya,Ya
38,Kos Cendana Jakarta 0038,Jakarta,Setiabudi,3450000,Campur,Ya,Ya,Tidak,Ya,Ya,Ya,Ya,Ya,Tidak,Tidak,Ya,Ya,Ya
39,Kos Wijaya Jakarta 0039,Jakarta,Setiabudi,1550000,Putri,Ya,Ya,Ya,Ya,Ya,Ya,Tidak,Ya,Ya,Tidak,Ya,Ya,Ya
40,Kos Cendana Jakarta 0040,Jakarta,Tebet,3700000,Putri,Ya,Ya,Ya,Ya,Ya,Ya,Ya,Ya,Tidak,Tidak,Ya,Ya,Ya
41,Kos Anggrek Jakarta 0041,Jakarta,Kembangan,2350000,Putra,Ya,Ya,Ya,Ya,Ya,Ya,Ya,Ya,Tidak,Tidak,Ya,Tidak,Ya
42,Kos Melati Jakarta 0042,Jakarta,Tebet,2400000,Putra,Ya,Tidak,Ya,Ya,Ya,Tidak,Tidak,Ya,Tidak,Ya,Tidak,Tidak,Ya
43,Kos Amanah Jakarta 0043,Jakarta,Kembangan,2900000,Putra,Ya,Ya,Tidak,Ya,Ya,Tidak,Ya,Ya,Ya,Tidak,Tidak,Tidak,Ya
44,Kos Harmoni Jakarta 0044,Jakarta,Kebayoran Baru,3250000,Campur,Tidak,Ya,Tidak,Ya,Ya,Ya,Ya,Ya,Tidak,Ya,Tidak,Tidak,Ya
45,Kos Harmoni Jakarta 0045,Jakarta,Tebet,2300000,Putri,Ya,Tidak,Ya,Ya,Ya,Ya,Ya,Ya,Tidak,Ya,Tidak,Ya,Ya
46,Kos Kenanga Jakarta 0046,Jakarta,Pasar Minggu,3600000,Campur,Ya,Ya,Ya,Ya,Ya,Ya,Ya,Ya,Ya,Tidak,Tidak,Ya,Ya
47,Kos Amanah Jakarta 0047,Jakarta,Setiabudi,3700000,Putri,Ya,Ya,Ya,Ya,Ya,Ya,Ya,Ya,Tidak,Tidak,Tidak,Tidak,Ya
48,Kos Mawar Jakarta 0048,Jakarta,Setiabudi,3300000,Putra,Ya,Ya,Ya,Ya,Ya,Tidak,Tidak,Ya,Ya,Ya,Tidak,Tidak,Ya
49,Kos Sakura Jakarta 0049,Jakarta,Setiabudi,2800000,Putri,Ya,Ya,Tidak,Ya,Ya,Ya,Ya,Ya,Tidak,Ya,Ya,Ya,Ya
50,Kos Cendana Jakarta 0050,Jakarta,Kembangan,2800000,Putra,Ya,Tidak,Tidak,Ya,Ya,Ya,Ya,Ya,Tidak,Ya,Tidak,Tidak,Ya
51,Kos Harmoni Jakarta 0051,Jakarta,Tebet,2450000,Putri,Ya,Ya,Tidak,Ya,Ya,Ya,Ya,Ya,Tidak,Tidak,Tidak,Ya,Ya
52,Kos Amanah Jakarta 0052,Jakarta,Tebet,2950000,Putri,Ya,Ya,Tidak,Ya,Ya,Ya,Ya,Ya,Tidak,Tidak,Tidak,Ya,Ya
53,Kos Kenanga Jakarta 0053,Jakarta,Pasar Minggu,3350000,Campur,Ya,Tidak,Tidak,Ya,Ya,Tidak,Ya,Ya,Tidak,Tidak,Tidak,Tidak,Ya
54,Kos Wijaya Jakarta 0054,Jakarta,Kebayoran Baru,2500000,Putri,Ya,Ya,Tidak,Ya,Ya,Ya,Ya,Ya,Tidak,Ya,Tidak,Ya,Ya
55,Kos Amanah Jakarta 0055,Jakarta,Kebayoran Baru,3150000,Campur,Ya,Tidak,Ya,Ya,Ya,Tidak,Tidak,Ya,Ya,Tidak,Tidak,Tidak,Tidak
56,Kos Cendana Jakarta 0056,Jakarta,Kembangan,2500000,Putri,Ya,Ya,Tidak,Ya,Tidak,Ya,Tidak,Ya,Tidak,Ya,Ya,Ya,Ya
57,Kos Melati Jakarta 0057,Jakarta,Kembangan,2000000,Putri,Ya,Ya,Tidak,Ya,Ya,Ya,Tidak,Ya,Ya,Ya,Tidak,Tidak,Ya
58,Kos Puspa Jakarta 0058,Jakarta,Tebet,3050000,Campur,Ya,Ya,Tidak,Ya,Ya,Ya,Ya,Ya,Tidak,Tidak,Ya,Ya,Tidak
59,Kos Permata Jakarta 0059,Jakarta,Kembangan,3700000,Putra,Ya,Ya,Ya,Ya,Ya,Ya,Tidak,Ya,Tidak,Ya,Ya,Ya,Ya
60,Kos Puspa Jakarta 0060,Jakarta,Kebayoran Baru,3400000,Putri,Ya,Ya,Ya,Ya,Ya,Ya,Ya,Ya,Tidak,Ya,Tidak,Ya,Ya
61,Kos Melati Jakarta 0061,Jakarta,Kebayoran Baru,2450000,Campur,Ya,Tidak,Tidak,Ya,Ya,Tidak,Ya,Ya,Tidak,Tidak,Tidak,Ya,Ya
62,Kos Sakura Jakarta 0062,Jakarta,Setiabudi,3000000,Campur,Ya,Ya,Ya,Ya,Ya,Ya,Ya,Ya,Tidak,Tidak,Ya,Ya,Ya
63,Kos Melati Jakarta 0063,Jakarta,Kembangan,1500000,Putra,Ya,Tidak,Tidak,Ya,Ya,Ya,Tidak,Ya,Tidak,Tidak,Ya,Tidak,Ya
64,Kos Puspa Jakarta 0064,Jakarta,Tebet,3550000,Putra,Ya,Ya,Tidak,Ya,Ya,Ya,Tidak,Ya,Tidak,Ya,Tidak,Tidak,Ya
65,Kos Permata Jakarta 0065,Jakarta,Pasar Minggu,2800000,Putri,Ya,Tidak,Ya,Ya,Ya,Ya,Tidak,Ya,Tidak,Ya,Tidak,Ya,Ya
66,Kos Permata Jakarta 0066,Jakarta,Setiabudi,3200000,Campur,Ya,Tidak,Tidak,Ya,Ya,Ya,Tidak,Ya,Tidak,Ya,Ya,Ya,Ya
67,Kos Sakura Jakarta 0067,Jakarta,Pasar Minggu,2150000,Putra,Ya,Ya,Ya,Ya,Tidak,Tidak,Tidak,Ya,Ya,Tidak,Tidak,Ya,Ya
68,Kos Sakura Jakarta 0068,Jakarta,Kebayoran Baru,3600000,Campur,Ya,Ya,Ya,Ya,Ya,Ya,Ya,Ya,Ya,Tidak,Ya,Ya,Ya
69,Kos Puspa Jakarta 0069,Jakarta,Kebayoran Baru,2900000,Putri,Ya,Ya,Tidak,Ya,Ya,Ya,Ya,Ya,Tidak,Ya,Ya,Ya,Ya
70,Kos Amanah Jakarta 0070,Jakarta,Kebayoran Baru,1750000,Putra,Tidak,Ya,Tidak,Ya,Ya,Ya,Ya,Tidak,Ya,Ya,Ya,Ya,Ya
71,Kos Permata Jakarta 0071,Jakarta,Pasar Minggu,3800000,Campur,Ya,Ya,Tidak,Ya,Ya,Ya,Ya,Ya,Tidak,Tidak,Ya,Tidak,Ya
72,Kos Melati Jakarta 0072,Jakarta,Kebayoran Baru,1750000,Putri,Ya,Tidak,Ya,Ya,Ya,Ya,Tidak,Ya,Tidak,Ya,Tidak,Ya,Ya
73,Kos Mawar Jakarta 0073,Jakarta,Setiabudi,3400000,Putra,Ya,Ya,Ya,Ya,Ya,Tidak,Ya,Ya,Tidak,Tidak,Tidak,Ya,Tidak
74,Kos Puspa Jakarta 0074,Jakarta,Pasar Minggu,3650000,Putri,Ya,Ya,Ya,Ya,Ya,Tidak,Ya,Ya,Ya,Ya,Ya,Ya,Ya
75,Kos Sakura Jakarta 0075,Jakarta,Kebayoran Baru,1750000,Putri,Ya,Tidak,Tidak,Ya,Ya,Ya,Tidak,Ya,Tidak,Ya,Tidak,Ya,Ya
76,Kos Kenanga Jakarta 0076,Jakarta,Kembangan,3600000,Putri,Ya,Ya,Ya,Ya,Ya,Tidak,Tidak,Ya,Ya,Ya,Ya,Ya,Ya
77,Kos Mawar Jakarta 0077,Jakarta,Kebayoran Baru,2150000,Putra,Ya,Ya,Ya,Ya,Ya,Ya,Ya,Ya,Tidak,Tidak,Ya,Ya,Tidak
78,Kos Melati Jakarta 0078,Jakarta,Kembangan,3850000,Putra,Ya,Ya,Ya,Ya,Ya,Ya,Tidak,Ya,Tidak,Tidak,Tidak,Tidak,Ya
79,Kos Nusantara Jakarta 0079,Jakarta,Setiabudi,1750000,Putri,Ya,Tidak,Tidak,Ya,Ya,Ya,Tidak,Ya,Ya,Ya,Ya,Tidak,Ya
80,Kos Anggrek Jakarta 0080,Jakarta,Setiabudi,3800000,Campur,Ya,Ya,Ya,Ya,Ya,Tidak,Tidak,Ya,Tidak,Ya,Tidak,Ya,Ya
81,Kos Puspa Jakarta 0081,Jakarta,Kembangan,3650000,Campur,Ya,Ya,Ya,Ya,Ya,Ya,Ya,Ya,Ya,Tidak,Tidak,Ya,Ya
82,Kos Kenanga Jakarta 0082,Jakarta,Kembangan,2900000,Putra,Ya,Ya,Tidak,Ya,Ya,Ya,Ya,Ya,Tidak,Ya,Ya,Ya,Ya
83,Kos Puspa Jakarta 0083,Jakarta,Tebet,2500000,Putri,Ya,Ya,Tidak,Ya,Tidak,Ya,Ya,Ya,Tidak,Tidak,Tidak,Ya,Tidak
84,Kos Puspa Jakarta 0084,Jakarta,Tebet,2650000,Putri,Ya,Tidak,Ya,Ya,Ya,Tidak,Tidak,Ya,Tidak,Ya,Tidak,Tidak,Ya
85,Kos Puspa Jakarta 0085,Jakarta,Tebet,2550000,Putra,Ya,Ya,Ya,Ya,Ya,Tidak,Tidak,Ya,Ya,Tidak,Ya,Tidak,Ya
86,Kos Nusantara Jakarta 0086,Jakarta,Pasar Minggu,1750000,Putri,Ya,Tidak,Ya,Ya,Ya,Ya,Ya,Ya,Ya,Tidak,Tidak,Ya,Ya
87,Kos Cendana Jakarta 0087,Jakarta,Pasar Minggu,1600000,Putri,Ya,Ya,Ya,Ya,Ya,Ya,Tidak,Ya,Ya,Ya,Ya,Tidak,Ya
88,Kos Amanah Jakarta 0088,Jakarta,Pasar Minggu,2400000,Campur,Ya,Ya,Tidak,Ya,Ya,Ya,Tidak,Ya,Tidak,Tidak,Ya,Ya,Ya
89,Kos Cendana Jakarta 0089,Jakarta,Pasar Minggu,2800000,Campur,Ya,Ya,Ya,Ya,Tidak,Tidak,Tidak,Ya,Tidak,Tidak,Ya,Tidak,Ya
90,Kos Kenanga Jakarta 0090,Jakarta,Kembangan,3100000,Putra,Ya,Tidak,Ya,Ya,Ya,Ya,Tidak,Ya,Ya,Tidak,Tidak,Ya,Ya
91,Kos Melati Jakarta 0091,Jakarta,Setiabudi,4000000,Putra,Ya,Tidak,Ya,Ya,Ya,Ya,Ya,Ya,Tidak,Ya,Tidak,Ya,Ya
92,Kos Puspa Jakarta 0092,Jakarta,Pasar Minggu,2850000,Putra,Ya,Tidak,Ya,Ya,Ya,Tidak,Ya,Ya,Tidak,Ya,Ya,Ya,Tidak
93,Kos Sakura Jakarta 0093,Jakarta,Setiabudi,2850000,Putra,Ya,Ya,Ya,Ya,Ya,Tidak,Ya,Ya,Tidak,Tidak,Ya,Ya,Ya
94,Kos Mawar Jakarta 0094,Jakarta,Kembangan,2650000,Putra,Ya,Ya,Ya,Ya,Ya,Ya,Ya,Tidak,Tidak,Tidak,Tidak,Ya,Tidak
95,Kos Permata Jakarta 0095,Jakarta,Kembangan,3700000,Putri,Ya,Tidak,Ya,Ya,Ya,Ya,Tidak,Ya,Tidak,Ya,Tidak,Tidak,Ya
96,Kos Amanah Jakarta 0096,Jakarta,Setiabudi,1600000,Campur,Ya,Ya,Tidak,Ya,Tidak,Ya,Ya,Ya,Tidak,Ya,Ya,Ya,Ya
97,Kos Amanah Jakarta 0097,Jakarta,Kembangan,2650000,Campur,Ya,Ya,Tidak,Ya,Ya,Ya,Ya,Ya,Tidak,Tidak,Tidak,Ya,Tidak
98,Kos Wijaya Jakarta 0098,Jakarta,Tebet,3700000,Putri,Ya,Tidak,Tidak,Ya,Ya,Ya,Tidak,Ya,Tidak,Ya,Tidak,Ya,Ya
99,Kos Sakura Jakarta 0099,Jakarta,Kebayoran Baru,1950000,Campur,Ya,Tidak,Tidak,Ya,Ya,Ya,Tidak,Ya,Ya,Tidak,Ya,Ya,Ya
100,Kos Melati Jakarta 0100,Jakarta,Pasar Minggu,1900000,Putri,Ya,Ya,Ya,Ya,Ya,Ya,Ya,Tidak,Ya,Ya,Ya,Ya,Ya
101,Kos Kenanga Jakarta 0101,Jakarta,Kembangan,2100000,Putra,Ya,Ya,Ya,Ya,Ya,Tidak,Ya,Ya,Tidak,Ya,Ya,Ya,Tidak
102,Kos Sakura Jakarta 0102,Jakarta,Tebet,4000000,Putri,Ya,Ya,Tidak,Ya,Ya,Ya,Tidak,Ya,Tidak,Ya,Ya,Ya,Tidak
103,Kos Wijaya Jakarta 0103,Jakarta,Kembangan,3150000,Putri,Ya,Tidak,Tidak,Ya,Ya,Ya,Ya,Ya,Tidak,Tidak,Ya,Tidak,Ya
104,Kos Sakura Jakarta 0104,Jakarta,Kembangan,3100000,Campur,Ya,Ya,Ya,Ya,Ya,Ya,Ya,Ya,Ya,Tidak,Tidak,Ya,Ya
105,Kos Cendana Jakarta 0105,Jakarta,Setiabudi,1900000,Putri,Ya,Ya,Ya,Ya,Ya,Ya,Tidak,Ya,Tidak,Tidak,Tidak,Ya,Ya
106,Kos Melati Jakarta 0106,Jakarta,Kebayoran Baru,3550000,Campur,Ya,Ya,Tidak,Ya,Ya,Ya,Ya,Ya,Tidak,Ya,Tidak,Ya,Tidak
107,Kos Amanah Jakarta 0107,Jakarta,Kebayoran Baru,3700000,Putra,Ya,Ya,Tidak,Ya,Ya,Ya,Tidak,Ya,Tidak,Ya,Ya,Tidak,Ya
108,Kos Anggrek Jakarta 0108,Jakarta,Tebet,2950000,Putra,Ya,Ya,Ya,Ya,Ya,Ya,Tidak,Ya,Tidak,Tidak,Ya,Ya,Ya
109,Kos Sakura Jakarta 0109,Jakarta,Kembangan,3100000,Putri,Ya,Ya,Ya,Ya,Tidak,Tidak,Ya,Tidak,Tidak,Tidak,Tidak,Tidak,Ya
110,Kos Kenanga Jakarta 0110,Jakarta,Pasar Minggu,1500000,Campur,Ya,Ya,Ya,Ya,Ya,Ya,Ya,Ya,Ya,Ya,Tidak,Tidak,Ya
111,Kos Kenanga Jakarta 0111,Jakarta,Pasar Minggu,3650000,Putri,Ya,Tidak,Tidak,Ya,Ya,Ya,Ya,Ya,Ya,Tidak,Ya,Ya,Ya
112,Kos Amanah Jakarta 0112,Jakarta,Pasar Minggu,2950000,Putra,Ya,Ya,Ya,Ya,Tidak,Ya,Ya,Ya,Tidak,Ya,Ya,Ya,Ya
113,Kos Amanah Jakarta 0113,Jakarta,Kebayoran Baru,2650000,Putra,Ya,Ya,Tidak,Ya,Ya,Ya,Ya,Ya,Tidak,Tidak,Tidak,Ya,Ya
114,Kos Mawar Jakarta 0114,Jakarta,Pasar Minggu,3000000,Putra,Ya,Ya,Ya,Ya,Ya,Tidak,Ya,Ya,Tidak,Tidak,Tidak,Ya,Ya
115,Kos Wijaya Jakarta 0115,Jakarta,Pasar Minggu,3950000,Putri,Ya,Ya,Tidak,Ya,Ya,Ya,Ya,Tidak,Ya,Ya,Ya,Ya,Ya
116,Kos Cendana Jakarta 0116,Jakarta,Setiabudi,3650000,Campur,Ya,Tidak,Tidak,Ya,Ya,Ya,Ya,Tidak,Tidak,Ya,Tidak,Ya,Ya
117,Kos Nusantara Jakarta 0117,Jakarta,Kembangan,2500000,Putri,Ya,Ya,Tidak,Ya,Ya,Ya,Ya,Ya,Ya,Tidak,Ya,Ya,Ya
118,Kos Nusantara Jakarta 0118,Jakarta,Kebayoran Baru,2600000,Campur,Ya,Tidak,Tidak,Ya,Ya,Ya,Ya,Ya,Tidak,Ya,Tidak,Ya,Ya
119,Kos Harmoni Jakarta 0119,Jakarta,Tebet,1650000,Putra,Ya,Tidak,Ya,Ya,Ya,Ya,Ya,Ya,Ya,Tidak,Ya,Ya,Tidak
120,Kos Kenanga Jakarta 0120,Jakarta,Setiabudi,2400000,Putri,Ya,Ya,Tidak,Ya,Ya,Tidak,Tidak,Ya,Tidak,Tidak,Tidak,Ya,Ya
121,Kos Wijaya Jakarta 0121,Jakarta,Kembangan,2050000,Campur,Ya,Ya,Tidak,Ya,Ya,Tidak,Tidak,Ya,Ya,Tidak,Ya,Tidak,Tidak
122,Kos Cendana Jakarta 0122,Jakarta,Kembangan,2350000,Putra,Tidak,Tidak,Tidak,Ya,Ya,Ya,Ya,Tidak,Tidak,Tidak,Tidak,Ya,Tidak
123,Kos Wijaya Jakarta 0123,Jakarta,Pasar Minggu,2500000,Putra,Ya,Ya,Ya,Ya,Ya,Ya,Tidak,Ya,Tidak,Tidak,Ya,Tidak,Tidak
124,Kos Permata Jakarta 0124,Jakarta,Setiabudi,3700000,Putra,Ya,Ya,Ya,Ya,Ya,Ya,Ya,Ya,Tidak,Tidak,Ya,Tidak,Ya
125,Kos Sakura Jakarta 0125,Jakarta,Kembangan,1950000,Putri,Ya,Ya,Ya,Ya,Ya,Tidak,Tidak,Ya,Tidak,Tidak,Tidak,Ya,Ya
126,Kos Cendana Jakarta 0126,Jakarta,Setiabudi,1700000,Campur,Tidak,Ya,Tidak,Ya,Ya,Tidak,Tidak,Ya,Tidak,Tidak,Tidak,Tidak,Ya
127,Kos Amanah Jakarta 0127,Jakarta,Kebayoran Baru,2950000,Putra,Ya,Tidak,Tidak,Ya,Ya,Ya,Ya,Ya,Tidak,Tidak,Tidak,Ya,Tidak
128,Kos Cendana Jakarta 0128,Jakarta,Kebayoran Baru,1700000,Campur,Ya,Ya,Tidak,Ya,Ya,Ya,Ya,Ya,Ya,Ya,Ya,Ya,Ya
129,Kos Melati Jakarta 0129,Jakarta,Pasar Minggu,1900000,Putri,Ya,Ya,Ya,Ya,Ya,Ya,Tidak,Tidak,Tidak,Tidak,Ya,Tidak,Ya
130,Kos Harmoni Jakarta 0130,Jakarta,Tebet,2950000,Putra,Ya,Ya,Tidak,Ya,Ya,Tidak,Ya,Ya,Ya,Ya,Tidak,Ya,Ya
131,Kos Puspa Jakarta 0131,Jakarta,Kebayoran Baru,2250000,Putri,Ya,Tidak,Tidak,Ya,Ya,Tidak,Ya,Ya,Tidak,Ya,Ya,Ya,Ya
132,Kos Anggrek Jakarta 0132,Jakarta,Tebet,2450000,Campur,Ya,Ya,Ya,Ya,Ya,Ya,Ya,Ya,Tidak,Tidak,Ya,Ya,Ya
133,Kos Permata Jakarta 0133,Jakarta,Kembangan,4000000,Putri,Tidak,Ya,Ya,Ya,Ya,Ya,Ya,Ya,Ya,Tidak,Tidak,Ya,Ya
134,Kos Wijaya Jakarta 0134,Jakarta,Pasar Minggu,3150000,Putra,Ya,Ya,Ya,Ya,Ya,Ya,Ya,Ya,Tidak,Ya,Tidak,Ya,Ya
135,Kos Harmoni Jakarta 0135,Jakarta,Pasar Minggu,3800000,Putri,Ya,Ya,Tidak,Ya,Ya,Tidak,Ya,Ya,Ya,Ya,Tidak,Ya,Tidak
136,Kos Nusantara Jakarta 0136,Jakarta,Tebet,2750000,Campur,Ya,Ya,Tidak,Ya,Ya,Tidak,Ya,Ya,Tidak,Tidak,Tidak,Tidak,Ya
137,Kos Harmoni Jakarta 0137,Jakarta,Setiabudi,2500000,Putri,Ya,Tidak,Ya,Ya,Ya,Ya,Ya,Ya,Tidak,Ya,Tidak,Ya,Ya
138,Kos Permata Jakarta 0138,Jakarta,Setiabudi,2300000,Campur,Ya,Ya,Ya,Ya,Ya,Tidak,Ya,Ya,Ya,Ya,Ya,Tidak,Ya
139,Kos Cendana Jakarta 0139,Jakarta,Kebayoran Baru,1700000,Campur,Ya,Tidak,Tidak,Ya,Ya,Tidak,Ya,Ya,Tidak,Ya,Tidak,Tidak,Tidak
140,Kos Amanah Jakarta 0140,Jakarta,Kembangan,1550000,Putra,Ya,Tidak,Ya,Ya,Ya,Ya,Tidak,Ya,Tidak,Ya,Tidak,Ya,Ya
141,Kos Sakura Jakarta 0141,Jakarta,Tebet,2100000,Putri,Ya,Ya,Tidak,Ya,Ya,Tidak,Ya,Ya,Tidak,Tidak,Tidak,Ya,Ya
142,Kos Permata Jakarta 0142,Jakarta,Kebayoran Baru,1750000,Putri,Ya,Ya,Tidak,Ya,Ya,Tidak,Ya,Ya,Tidak,Ya,Tidak,Ya,Tidak
143,Kos Harmoni Jakarta 0143,Jakarta,Tebet,3700000,Campur,Ya,Ya,Tidak,Ya,Ya,Ya,Tidak,Ya,Tidak,Tidak,Tidak,Tidak,Tidak
144,Kos Nusantara Jakarta 0144,Jakarta,Kembangan,1700000,Putra,Ya,Ya,Ya,Ya,Ya,Tidak,Ya,Ya,Tidak,Ya,Tidak,Ya,Ya
145,Kos Melati Jakarta 0145,Jakarta,Kembangan,2200000,Campur,Ya,Ya,Tidak,Ya,Ya,Ya,Ya,Ya,Tidak,Tidak,Ya,Tidak,Ya
146,Kos Permata Jakarta 0146,Jakarta,Pasar Minggu,3600000,Putri,Ya,Tidak,Tidak,Ya,Ya,Tidak,Ya,Ya,Tidak,Ya,Ya,Tidak,Ya
147,Kos Amanah Jakarta 0147,Jakarta,Setiabudi,3900000,Putra,Ya,Ya,Ya,Ya,Ya,Ya,Ya,Ya,Ya,Ya,Ya,Ya,Tidak
148,Kos Wijaya Jakarta 0148,Jakarta,Kebayoran Baru,3800000,Campur,Ya,Ya,Ya,Ya,Ya,Ya,Ya,Ya,Ya,Tidak,Ya,Ya,Ya
149,Kos Melati Jakarta 0149,Jakarta,Setiabudi,2300000,Campur,Ya,Tidak,Tidak,Ya,Ya,Ya,Ya,Ya,Tidak,Ya,Ya,Ya,Ya
150,Kos Permata Jakarta 0150,Jakarta,Pasar Minggu,1900000,Putra,Ya,Ya,Tidak,Ya,Ya,Ya,Ya,Ya,Tidak,Ya,Tidak,Ya,Ya
151,Kos Wijaya Jakarta 0151,Jakarta,Setiabudi,1850000,Campur,Ya,Tidak,Ya,Ya,Ya,Ya,Ya,Ya,Tidak,Tidak,Tidak,Ya,Ya
152,Kos Wijaya Jakarta 0152,Jakarta,Kembangan,1900000,Putri,Ya,Tidak,Ya,Ya,Ya,Ya,Tidak,Tidak,Ya,Tidak,Tidak,Ya,Ya
153,Kos Anggrek Jakarta 0153,Jakarta,Pasar Minggu,3400000,Putri,Ya,Ya,Tidak,Ya,Ya,Ya,Tidak,Ya,Tidak,Tidak,Tidak,Ya,Ya
154,Kos Mawar Jakarta 0154,Jakarta,Kebayoran Baru,2300000,Putra,Ya,Tidak,Tidak,Ya,Ya,Ya,Ya,Tidak,Tidak,Ya,Tidak,Tidak,Ya
155,Kos Melati Jakarta 0155,Jakarta,Kebayoran Baru,3800000,Putra,Ya,Ya,Tidak,Ya,Ya,Ya,Ya,Ya,Tidak,Ya,Tidak,Ya,Ya
156,Kos Permata Jakarta 0156,Jakarta,Kebayoran Baru,3650000,Campur,Ya,Ya,Ya,Ya,Ya,Ya,Ya,Ya,Tidak,Ya,Tidak,Ya,Ya
157,Kos Nusantara Jakarta 0157,Jakarta,Pasar Minggu,2100000,Putri,Tidak,Tidak,Tidak,Ya,Ya,Ya,Ya,Ya,Tidak,Tidak,Ya,Ya,Ya
158,Kos Permata Jakarta 0158,Jakarta,Kembangan,3150000,Campur,Ya,Ya,Ya,Ya,Ya,Ya,Tidak,Ya,Tidak,Tidak,Ya,Ya,Ya
159,Kos Anggrek Jakarta 0159,Jakarta,Kebayoran Baru,2250000,Putra,Ya,Ya,Ya,Ya,Ya,Ya,Ya,Ya,Tidak,Tidak,Tidak,Ya,Ya
160,Kos Amanah Jakarta 0160,Jakarta,Setiabudi,1900000,Putra,Ya,Tidak,Tidak,Ya,Ya,Ya,Ya,Ya,Tidak,Tidak,Tidak,Tidak,Ya
161,Kos Amanah Jakarta 0161,Jakarta,Kembangan,2000000,Putra,Ya,Ya,Tidak,Ya,Tidak,Ya,Ya,Ya,Tidak,Tidak,Ya,Ya,Ya
162,Kos Cendana Jakarta 0162,Jakarta,Setiabudi,3200000,Campur,Ya,Tidak,Ya,Ya,Ya,Ya,Ya,Ya,Tidak,Tidak,Tidak,Ya,Ya
163,Kos Amanah Jakarta 0163,Jakarta,Kebayoran Baru,3950000,Campur,Ya,Tidak,Tidak,Ya,Tidak,Ya,Tidak,Ya,Tidak,Tidak,Ya,Ya,Ya
164,Kos Puspa Jakarta 0164,Jakarta,Pasar Minggu,2000000,Putra,Ya,Tidak,Tidak,Ya,Ya,Ya,Ya,Ya,Tidak,Tidak,Tidak,Ya,Ya
165,Kos Sakura Jakarta 0165,Jakarta,Tebet,2250000,Putra,Ya,Ya,Ya,Ya,Ya,Tidak,Tidak,Ya,Tidak,Tidak,Tidak,Tidak,Tidak
166,Kos Nusantara Jakarta 0166,Jakarta,Setiabudi,3700000,Campur,Ya,Ya,Tidak,Ya,Ya,Ya,Tidak,Ya,Tidak,Ya,Tidak,Tidak,Ya
167,Kos Harmoni Jakarta 0167,Jakarta,Kembangan,2150000,Putri,Ya,Tidak,Ya,Ya,Ya,Tidak,Tidak,Ya,Tidak,Tidak,Ya,Ya,Ya
168,Kos Sakura Jakarta 0168,Jakarta,Kembangan,2950000,Putra,Ya,Ya,Tidak,Ya,Ya,Tidak,Tidak,Ya,Tidak,Ya,Tidak,Tidak,Ya
169,Kos Sakura Jakarta 0169,Jakarta,Kebayoran Baru,2750000,Putri,Tidak,Ya,Tidak,Ya,Ya,Ya,Ya,Tidak,Tidak,Tidak,Ya,Ya,Tidak
170,Kos Melati Jakarta 0170,Jakarta,Kembangan,3700000,Putra,Ya,Tidak,Ya,Ya,Ya,Ya,Ya,Ya,Tidak,Tidak,Ya,Ya,Ya
171,Kos Cendana Jakarta 0171,Jakarta,Pasar Minggu,1500000,Putri,Ya,Ya,Tidak,Ya,Ya,Ya,Tidak,Ya,Tidak,Tidak,Ya,Tidak,Ya
172,Kos Anggrek Jakarta 0172,Jakarta,Kembangan,2500000,Campur,Ya,Ya,Ya,Ya,Ya,Tidak,Ya,Ya,Ya,Tidak,Ya,Ya,Ya
173,Kos Harmoni Jakarta 0173,Jakarta,Kembangan,2400000,Putri,Ya,Ya,Ya,Ya,Ya,Tidak,Ya,Tidak,Ya,Tidak,Tidak,Ya,Ya
174,Kos Puspa Jakarta 0174,Jakarta,Kembangan,2650000,Putri,Ya,Tidak,Ya,Ya,Ya,Ya,Tidak,Ya,Tidak,Ya,Ya,Ya,Ya
175,Kos Wijaya Jakarta 0175,Jakarta,Kembangan,3700000,Putri,Ya,Ya,Tidak,Ya,Ya,Ya,Ya,Ya,Tidak,Tidak,Ya,Ya,Ya
176,Kos Permata Jakarta 0176,Jakarta,Kebayoran Baru,2450000,Putri,Ya,Ya,Ya,Ya,Ya,Ya,Tidak,Tidak,Ya,Ya,Tidak,Tidak,Ya
177,Kos Nusantara Jakarta 0177,Jakarta,Kebayoran Baru,2000000,Putri,Ya,Tidak,Ya,Ya,Ya,Ya,Ya,Ya,Tidak,Tidak,Tidak,Ya,Ya
178,Kos Cendana Jakarta 0178,Jakarta,Kebayoran Baru,2300000,Putri,Ya,Ya,Tidak,Ya,Ya,Ya,Tidak,Ya,Tidak,Ya,Tidak,Ya,Ya
179,Kos Cendana Jakarta 0179,Jakarta,Kebayoran Baru,1600000,Campur,Ya,Ya,Ya,Ya,Ya,Ya,Ya,Ya,Tidak,Ya,Tidak,Tidak,Ya
180,Kos Nusantara Jakarta 0180,Jakarta,Setiabudi,2350000,Campur,Ya,Ya,Ya,Ya,Ya,Ya,Tidak,Ya,Tidak,Tidak,Tidak,Ya,Ya
181,Kos Melati Jakarta 0181,Jakarta,Pasar Minggu,2950000,Putra,Ya,Ya,Tidak,Ya,Ya,Ya,Ya,Ya,Tidak,Tidak,Tidak,Tidak,Ya
182,Kos Mawar Jakarta 0182,Jakarta,Kembangan,1550000,Putra,Ya,Ya,Ya,Ya,Ya,Ya,Ya,Ya,Tidak,Ya,Tidak,Tidak,Ya
183,Kos Mawar Jakarta 0183,Jakarta,Tebet,3750000,Putra,Ya,Tidak,Tidak,Ya,Tidak,Ya,Tidak,Ya,Tidak,Ya,Tidak,Ya,Ya
184,Kos Mawar Jakarta 0184,Jakarta,Kembangan,3600000,Campur,Ya,Ya,Tidak,Ya,Ya,Tidak,Ya,Ya,Tidak,Tidak,Tidak,Ya,Ya
185,Kos Sakura Jakarta 0185,Jakarta,Kebayoran Baru,2000000,Putri,Ya,Ya,Ya,Ya,Ya,Ya,Tidak,Ya,Tidak,Ya,Ya,Tidak,Ya
186,Kos Harmoni Jakarta 0186,Jakarta,Setiabudi,1950000,Putra,Ya,Ya,Ya,Ya,Ya,Ya,Ya,Ya,Ya,Tidak,Ya,Ya,Ya
187,Kos Sakura Jakarta 0187,Jakarta,Kebayoran Baru,1500000,Putra,Ya,Ya,Tidak,Ya,Ya,Ya,Tidak,Ya,Tidak,Ya,Tidak,Ya,Ya
188,Kos Permata Jakarta 0188,Jakarta,Kembangan,1900000,Putra,Ya,Ya,Ya,Ya,Ya,Ya,Tidak,Ya,Tidak,Tidak,Ya,Tidak,Ya
189,Kos Sakura Jakarta 0189,Jakarta,Setiabudi,2350000,Putri,Ya,Tidak,Ya,Ya,Tidak,Ya,Tidak,Ya,Tidak,Ya,Ya,Ya,Ya
190,Kos Harmoni Jakarta 0190,Jakarta,Pasar Minggu,4000000,Putra,Ya,Ya,Tidak,Ya,Ya,Ya,Tidak,Ya,Ya,Ya,Ya,Ya,Ya
191,Kos Kenanga Jakarta 0191,Jakarta,Kebayoran Baru,3000000,Putri,Ya,Tidak,Ya,Ya,Ya,Ya,Ya,Ya,Tidak,Ya,Tidak,Ya,Ya
192,Kos Wijaya Jakarta 0192,Jakarta,Setiabudi,2050000,Putra,Ya,Tidak,Tidak,Ya,Ya,Ya,Ya,Ya,Tidak,Ya,Tidak,Ya,Ya
193,Kos Amanah Jakarta 0193,Jakarta,Pasar Minggu,2450000,Putra,Ya,Tidak,Tidak,Ya,Ya,Ya,Tidak,Tidak,Tidak,Tidak,Ya,Tidak,Tidak
194,Kos Mawar Jakarta 0194,Jakarta,Kebayoran Baru,1950000,Putri,Ya,Ya,Tidak,Ya,Ya,Ya,Ya,Ya,Tidak,Ya,Ya,Tidak,Tidak
195,Kos Wijaya Jakarta 0195,Jakarta,Kembangan,3550000,Putra,Tidak,Tidak,Tidak,Ya,Ya,Tidak,Ya,Tidak,Tidak,Ya,Ya,Ya,Ya
196,Kos Nusantara Jakarta 0196,Jakarta,Pasar Minggu,2750000,Campur,Ya,Ya,Tidak,Ya,Ya,Ya,Tidak,Ya,Tidak,Tidak,Ya,Ya,Ya
197,Kos Anggrek Jakarta 0197,Jakarta,Tebet,3500000,Campur,Ya,Ya,Ya,Ya,Ya,Tidak,Ya,Ya,Ya,Ya,Ya,Ya,Ya
198,Kos Nusantara Jakarta 0198,Jakarta,Kembangan,2000000,Campur,Ya,Tidak,Tidak,Ya,Ya,Ya,Ya,Ya,Ya,Ya,Ya,Ya,Ya
199,Kos Anggrek Jakarta 0199,Jakarta,Setiabudi,1800000,Putra,Ya,Ya,Tidak,Ya,Ya,Ya,Tidak,Ya,Tidak,Ya,Ya,Tidak,Ya
200,Kos Wijaya Jakarta 0200,Jakarta,Tebet,1650000,Putra,Ya,Ya,Tidak,Ya,Ya,Tidak,Ya,Ya,Tidak,Ya,Ya,Tidak,Ya
201,Kos Anggrek Jakarta 0201,Jakarta,Kebayoran Baru,2850000,Putra,Ya,Ya,Tidak,Ya,Ya,Tidak,Ya,Ya,Ya,Ya,Tidak,Tidak,Ya
202,Kos Kenanga Jakarta 0202,Jakarta,Kebayoran Baru,3550000,Putri,Ya,Ya,Tidak,Ya,Ya,Ya,Tidak,Tidak,Tidak,Ya,Tidak,Ya,Tidak
203,Kos Anggrek Jakarta 0203,Jakarta,Pasar Minggu,2800000,Campur,Ya,Tidak,Ya,Ya,Ya,Ya,Ya,Ya,Tidak,Ya,Tidak,Ya,Ya
204,Kos Nusantara Jakarta 0204,Jakarta,Kebayoran Baru,3100000,Putri,Ya,Ya,Tidak,Ya,Ya,Ya,Ya,Ya,Tidak,Tidak,Tidak,Ya,Tidak
205,Kos Permata Jakarta 0205,Jakarta,Kembangan,2100000,Campur,Ya,Ya,Tidak,Ya,Ya,Tidak,Ya,Tidak,Ya,Ya,Ya,Ya,Ya
206,Kos Nusantara Jakarta 0206,Jakarta,Pasar Minggu,3350000,Putri,Ya,Tidak,Ya,Ya,Ya,Tidak,Ya,Ya,Tidak,Ya,Ya,Ya,Tidak
207,Kos Wijaya Jakarta 0207,Jakarta,Setiabudi,2700000,Putri,Ya,Ya,Ya,Ya,Ya,Tidak,Tidak,Tidak,Tidak,Ya,Ya,Ya,Ya
208,Kos Kenanga Jakarta 0208,Jakarta,Setiabudi,1550000,Putra,Ya,Ya,Ya,Ya,Ya,Ya,Tidak,Ya,Tidak,Tidak,Tidak,Ya,Ya
209,Kos Puspa Jakarta 0209,Jakarta,Kebayoran Baru,2100000,Putri,Ya,Ya,Tidak,Ya,Ya,Ya,Tidak,Ya,Tidak,Tidak,Tidak,Ya,Ya
210,Kos Puspa Jakarta 0210,Jakarta,Kebayoran Baru,2050000,Putra,Tidak,Ya,Tidak,Ya,Ya,Ya,Ya,Ya,Ya,Tidak,Ya,Tidak,Ya
211,Kos Anggrek Jakarta 0211,Jakarta,Kembangan,3400000,Putri,Ya,Tidak,Ya,Ya,Ya,Tidak,Tidak,Ya,Tidak,Tidak,Tidak,Ya,Ya
212,Kos Harmoni Jakarta 0212,Jakarta,Tebet,3550000,Putra,Tidak,Ya,Tidak,Ya,Ya,Tidak,Ya,Ya,Ya,Ya,Ya,Tidak,Ya
213,Kos Kenanga Jakarta 0213,Jakarta,Setiabudi,2850000,Campur,Ya,Ya,Tidak,Ya,Ya,Tidak,Tidak,Ya,Ya,Ya,Tidak,Ya,Ya
214,Kos Puspa Jakarta 0214,Jakarta,Pasar Minggu,2400000,Putra,Ya,Ya,Ya,Ya,Ya,Ya,Ya,Ya,Ya,Tidak,Tidak,Tidak,Ya
215,Kos Puspa Jakarta 0215,Jakarta,Kembangan,3600000,Putra,Ya,Ya,Tidak,Ya,Ya,Tidak,Ya,Ya,Tidak,Ya,Ya,Tidak,Tidak
216,Kos Permata Jakarta 0216,Jakarta,Pasar Minggu,3500000,Campur,Ya,Ya,Tidak,Ya,Ya,Tidak,Ya,Ya,Tidak,Tidak,Tidak,Ya,Ya
217,Kos Sakura Jakarta 0217,Jakarta,Setiabudi,3550000,Putra,Ya,Ya,Tidak,Ya,Ya,Tidak,Tidak,Ya,Ya,Ya,Ya,Tidak,Ya
218,Kos Melati Jakarta 0218,Jakarta,Kembangan,2100000,Putri,Ya,Tidak,Ya,Ya,Ya,Ya,Ya,Ya,Tidak,Ya,Tidak,Ya,Tidak
219,Kos Nusantara Jakarta 0219,Jakarta,Tebet,3950000,Putra,Ya,Ya,Ya,Ya,Ya,Tidak,Ya,Ya,Tidak,Tidak,Tidak,Ya,Ya
220,Kos Wijaya Jakarta 0220,Jakarta,Kembangan,2750000,Putri,Ya,Tidak,Ya,Ya,Ya,Ya,Ya,Ya,Tidak,Ya,Tidak,Tidak,Ya
221,Kos Anggrek Jakarta 0221,Jakarta,Setiabudi,1900000,Putra,Ya,Ya,Tidak,Ya,Ya,Tidak,Tidak,Ya,Tidak,Ya,Ya,Tidak,Ya
222,Kos Amanah Jakarta 0222,Jakarta,Setiabudi,3900000,Putra,Ya,Ya,Ya,Ya,Ya,Tidak,Ya,Ya,Tidak,Ya,Tidak,Ya,Tidak
223,Kos Permata Jakarta 0223,Jakarta,Setiabudi,3950000,Putri,Tidak,Tidak,Ya,Ya,Ya,Tidak,Ya,Ya,Tidak,Ya,Ya,Ya,Ya
224,Kos Permata Jakarta 0224,Jakarta,Kebayoran Baru,2450000,Putri,Ya,Tidak,Tidak,Ya,Ya,Ya,Tidak,Ya,Tidak,Tidak,Tidak,Ya,Ya
225,Kos Kenanga Jakarta 0225,Jakarta,Pasar Minggu,2100000,Putri,Ya,Ya,Tidak,Ya,Ya,Ya,Tidak,Ya,Tidak,Ya,Tidak,Ya,Ya
226,Kos Melati Jakarta 0226,Jakarta,Pasar Minggu,1700000,Putri,Ya,Ya,Tidak,Ya,Ya,Ya,Ya,Ya,Ya,Ya,Ya,Ya,Ya
227,Kos Nusantara Jakarta 0227,Jakarta,Kebayoran Baru,1800000,Campur,Ya,Ya,Ya,Ya,Tidak,Ya,Ya,Ya,Ya,Ya,Ya,Tidak,Ya
228,Kos Wijaya Jakarta 0228,Jakarta,Kembangan,2350000,Campur,Ya,Ya,Ya,Ya,Ya,Ya,Tidak,Tidak,Tidak,Tidak,Ya,Ya,Ya
229,Kos Puspa Jakarta 0229,Jakarta,Kembangan,2050000,Putri,Ya,Ya,Ya,Ya,Ya,Ya,Ya,Ya,Tidak,Tidak,Ya,Tidak,Ya
230,Kos Mawar Jakarta 0230,Jakarta,Pasar Minggu,3950000,Putri,Ya,Ya,Tidak,Ya,Ya,Tidak,Tidak,Ya,Tidak,Tidak,Ya,Ya,Ya
231,Kos Sakura Jakarta 0231,Jakarta,Pasar Minggu,3450000,Putra,Ya,Ya,Tidak,Ya,Ya,Ya,Tidak,Ya,Tidak,Tidak,Tidak,Ya,Ya
232,Kos Wijaya Jakarta 0232,Jakarta,Tebet,1750000,Putri,Ya,Ya,Tidak,Ya,Ya,Tidak,Ya,Ya,Tidak,Tidak,Ya,Ya,Ya
233,Kos Puspa Jakarta 0233,Jakarta,Pasar Minggu,3500000,Putra,Ya,Ya,Tidak,Ya,Ya,Ya,Ya,Ya,Ya,Ya,Tidak,Ya,Ya
234,Kos Nusantara Jakarta 0234,Jakarta,Kembangan,1850000,Putra,Ya,Ya,Tidak,Ya,Tidak,Ya,Ya,Ya,Tidak,Tidak,Tidak,Ya,Ya
235,Kos Wijaya Jakarta 0235,Jakarta,Kebayoran Baru,2300000,Putri,Ya,Ya,Ya,Ya,Ya,Tidak,Ya,Ya,Ya,Tidak,Tidak,Tidak,Ya
236,Kos Amanah Jakarta 0236,Jakarta,Kembangan,3600000,Putri,Ya,Tidak,Ya,Ya,Ya,Tidak,Tidak,Ya,Tidak,Tidak,Tidak,Ya,Ya
237,Kos Sakura Jakarta 0237,Jakarta,Kebayoran Baru,2700000,Putri,Ya,Tidak,Ya,Ya,Ya,Ya,Ya,Ya,Tidak,Tidak,Tidak,Ya,Ya
238,Kos Puspa Jakarta 0238,Jakarta,Pasar Minggu,2450000,Campur,Ya,Ya,Tidak,Ya,Ya,Ya,Tidak,Ya,Tidak,Ya,Ya,Tidak,Ya
239,Kos Sakura Jakarta 0239,Jakarta,Pasar Minggu,3200000,Putri,Ya,Ya,Tidak,Ya,Ya,Ya,Ya,Ya,Tidak,Tidak,Ya,Ya,Tidak
240,Kos Cendana Jakarta 0240,Jakarta,Kebayoran Baru,1550000,Putri,Ya,Ya,Ya,Ya,Ya,Ya,Tidak,Ya,Tidak,Tidak,Ya,Tidak,Ya
241,Kos Amanah Jakarta 0241,Jakarta,Kebayoran Baru,3450000,Campur,Ya,Ya,Ya,Ya,Ya,Tidak,Tidak,Ya,Ya,Tidak,Ya,Ya,Ya
242,Kos Permata Jakarta 0242,Jakarta,Setiabudi,3250000,Putra,Ya,Tidak,Tidak,Ya,Ya,Ya,Tidak,Ya,Tidak,Tidak,Tidak,Ya,Tidak
243,Kos Nusantara Jakarta 0243,Jakarta,Tebet,2400000,Putri,Ya,Ya,Tidak,Ya,Ya,Ya,Ya,Ya,Tidak,Ya,Tidak,Tidak,Ya
244,Kos Sakura Jakarta 0244,Jakarta,Kebayoran Baru,1950000,Campur,Tidak,Ya,Tidak,Ya,Ya,Ya,Ya,Ya,Tidak,Ya,Tidak,Ya,Ya
245,Kos Cendana Jakarta 0245,Jakarta,Tebet,2800000,Putri,Ya,Tidak,Tidak,Ya,Ya,Ya,Tidak,Ya,Ya,Tidak,Tidak,Tidak,Ya
246,Kos Melati Jakarta 0246,Jakarta,Setiabudi,2900000,Putra,Ya,Ya,Tidak,Ya,Ya,Ya,Ya,Tidak,Tidak,Ya,Tidak,Tidak,Ya
247,Kos Anggrek Jakarta 0247,Jakarta,Pasar Minggu,3100000,Putri,Ya,Tidak,Ya,Ya,Ya,Tidak,Ya,Ya,Ya,Ya,Tidak,Ya,Ya
248,Kos Permata Jakarta 0248,Jakarta,Kembangan,1800000,Putra,Ya,Tidak,Ya,Ya,Ya,Tidak,Ya,Tidak,Tidak,Ya,Ya,Ya,Ya
249,Kos Kenanga Jakarta 0249,Jakarta,Pasar Minggu,1700000,Putri,Ya,Tidak,Tidak,Ya,Ya,Tidak,Ya,Ya,Ya,Tidak,Ya,Ya,Ya
250,Kos Nusantara Jakarta 0250,Jakarta,Kebayoran Baru,2600000,Campur,Ya,Ya,Ya,Ya,Ya,Ya,Ya,Ya,Tidak,Tidak,Tidak,Tidak,Ya
251,Kos Cendana Jakarta 0251,Jakarta,Setiabudi,3500000,Putra,Ya,Tidak,Ya,Ya,Ya,Tidak,Ya,Ya,Tidak,Ya,Tidak,Ya,Ya
252,Kos Melati Jakarta 0252,Jakarta,Setiabudi,2150000,Putri,Ya,Tidak,Tidak,Ya,Ya,Ya,Tidak,Ya,Tidak,Ya,Ya,Ya,Ya
253,Kos Cendana Jakarta 0253,Jakarta,Kembangan,3550000,Putri,Ya,Ya,Ya,Ya,Ya,Ya,Ya,Ya,Tidak,Ya,Ya,Tidak,Tidak
254,Kos Amanah Jakarta 0254,Jakarta,Setiabudi,3450000,Putri,Ya,Ya,Ya,Ya,Ya,Ya,Ya,Ya,Tidak,Ya,Tidak,Tidak,Ya
255,Kos Permata Jakarta 0255,Jakarta,Setiabudi,3000000,Putri,Ya,Ya,Tidak,Ya,Ya,Tidak,Ya,Ya,Tidak,Tidak,Tidak,Ya,Ya
256,Kos Melati Jakarta 0256,Jakarta,Kebayoran Baru,3100000,Putri,Ya,Ya,Tidak,Ya,Ya,Ya,Tidak,Ya,Ya,Tidak,Ya,Tidak,Ya
257,Kos Puspa Jakarta 0257,Jakarta,Setiabudi,1900000,Putri,Ya,Ya,Tidak,Ya,Ya,Ya,Ya,Ya,Tidak,Tidak,Ya,Ya,Tidak
258,Kos Permata Jakarta 0258,Jakarta,Tebet,3850000,Putri,Ya,Ya,Tidak,Ya,Ya,Tidak,Tidak,Ya,Ya,Tidak,Ya,Ya,Tidak
259,Kos Mawar Jakarta 0259,Jakarta,Setiabudi,1800000,Putri,Tidak,Ya,Tidak,Ya,Ya,Ya,Ya,Ya,Tidak,Tidak,Ya,Tidak,Tidak
260,Kos Harmoni Jakarta 0260,Jakarta,Pasar Minggu,2750000,Putri,Ya,Tidak,Tidak,Ya,Ya,Ya,Ya,Ya,Tidak,Tidak,Tidak,Ya,Ya
261,Kos Nusantara Jakarta 0261,Jakarta,Kebayoran Baru,3600000,Putra,Ya,Ya,Tidak,Ya,Ya,Ya,Ya,Ya,Ya,Tidak,Ya,Ya,Ya
262,Kos Mawar Jakarta 0262,Jakarta,Pasar Minggu,1950000,Putra,Ya,Tidak,Tidak,Ya,Ya,Ya,Ya,Ya,Ya,Ya,Tidak,Ya,Ya
263,Kos Amanah Jakarta 0263,Jakarta,Tebet,2200000,Campur,Ya,Ya,Tidak,Ya,Ya,Ya,Ya,Ya,Tidak,Ya,Ya,Ya,Tidak
264,Kos Melati Jakarta 0264,Jakarta,Kebayoran Baru,2100000,Putri,Ya,Tidak,Tidak,Ya,Ya,Ya,Ya,Ya,Tidak,Ya,Tidak,Ya,Ya
265,Kos Puspa Jakarta 0265,Jakarta,Pasar Minggu,1500000,Campur,Ya,Tidak,Tidak,Ya,Ya,Ya,Tidak,Ya,Tidak,Tidak,Tidak,Ya,Ya
266,Kos Nusantara Jakarta 0266,Jakarta,Pasar Minggu,1800000,Putri,Ya,Ya,Tidak,Ya,Ya,Ya,Ya,Ya,Tidak,Tidak,Ya,Ya,Ya
267,Kos Wijaya Jakarta 0267,Jakarta,Tebet,3700000,Campur,Ya,Tidak,Tidak,Ya,Ya,Ya,Ya,Ya,Ya,Tidak,Ya,Ya,Ya
268,Kos Cendana Jakarta 0268,Jakarta,Kembangan,2050000,Putri,Ya,Ya,Ya,Ya,Ya,Ya,Ya,Ya,Tidak,Tidak,Ya,Ya,Ya
269,Kos Harmoni Jakarta 0269,Jakarta,Pasar Minggu,2750000,Campur,Ya,Ya,Ya,Ya,Ya,Ya,Tidak,Ya,Tidak,Tidak,Ya,Ya,Ya
270,Kos Anggrek Jakarta 0270,Jakarta,Kebayoran Baru,3400000,Putra,Ya,Ya,Tidak,Ya,Ya,Ya,Tidak,Ya,Tidak,Ya,Tidak,Ya,Ya
271,Kos Cendana Jakarta 0271,Jakarta,Setiabudi,2100000,Putra,Ya,Tidak,Tidak,Ya,Ya,Ya,Ya,Tidak,Tidak,Tidak,Ya,Ya,Ya
272,Kos Puspa Jakarta 0272,Jakarta,Tebet,3150000,Putra,Ya,Ya,Ya,Ya,Ya,Ya,Ya,Ya,Ya,Tidak,Tidak,Ya,Ya
273,Kos Mawar Jakarta 0273,Jakarta,Setiabudi,2050000,Putri,Ya,Tidak,Tidak,Ya,Ya,Ya,Ya,Ya,Tidak,Ya,Tidak,Ya,Ya
274,Kos Harmoni Jakarta 0274,Jakarta,Setiabudi,3950000,Putri,Ya,Ya,Ya,Ya,Tidak,Tidak,Tidak,Ya,Tidak,Tidak,Tidak,Tidak,Ya
275,Kos Mawar Jakarta 0275,Jakarta,Setiabudi,2250000,Putra,Ya,Ya,Ya,Ya,Ya,Ya,Tidak,Tidak,Tidak,Ya,Ya,Tidak,Ya
276,Kos Nusantara Jakarta 0276,Jakarta,Tebet,2250000,Putri,Ya,Tidak,Ya,Ya,Ya,Ya,Ya,Ya,Tidak,Ya,Tidak,Tidak,Ya
277,Kos Cendana Jakarta 0277,Jakarta,Kebayoran Baru,3000000,Putri,Ya,Ya,Ya,Ya,Ya,Ya,Ya,Ya,Tidak,Tidak,Tidak,Ya,Ya
278,Kos Wijaya Jakarta 0278,Jakarta,Kembangan,3200000,Putra,Ya,Tidak,Tidak,Ya,Ya,Ya,Ya,Ya,Tidak,Ya,Tidak,Ya,Ya
279,Kos Kenanga Jakarta 0279,Jakarta,Tebet,3250000,Putra,Ya,Tidak,Tidak,Ya,Ya,Ya,Ya,Ya,Ya,Tidak,Ya,Ya,Ya
280,Kos Permata Jakarta 0280,Jakarta,Tebet,1800000,Putri,Ya,Tidak,Ya,Ya,Ya,Ya,Ya,Ya,Tidak,Ya,Ya,Ya,Tidak
281,Kos Cendana Jakarta 0281,Jakarta,Setiabudi,4000000,Putri,Ya,Ya,Tidak,Ya,Ya,Tidak,Tidak,Ya,Ya,Ya,Ya,Tidak,Ya
282,Kos Cendana Jakarta 0282,Jakarta,Setiabudi,2600000,Putra,Ya,Tidak,Ya,Ya,Ya,Ya,Ya,Ya,Tidak,Ya,Tidak,Ya,Ya
283,Kos Melati Jakarta 0283,Jakarta,Kembangan,3450000,Putra,Ya,Tidak,Tidak,Ya,Ya,Ya,Tidak,Ya,Tidak,Ya,Tidak,Ya,Ya
284,Kos Kenanga Jakarta 0284,Jakarta,Setiabudi,3400000,Putri,Ya,Ya,Ya,Ya,Ya,Ya,Tidak,Ya,Tidak,Ya,Ya,Ya,Ya
285,Kos Nusantara Jakarta 0285,Jakarta,Kebayoran Baru,2150000,Putra,Ya,Ya,Tidak,Ya,Ya,Ya,Tidak,Ya,Ya,Ya,Tidak,Ya,Tidak
286,Kos Kenanga Jakarta 0286,Jakarta,Tebet,2250000,Putri,Ya,Ya,Tidak,Ya,Ya,Ya,Ya,Ya,Ya,Ya,Ya,Ya,Tidak
287,Kos Sakura Jakarta 0287,Jakarta,Pasar Minggu,2050000,Putri,Ya,Ya,Tidak,Ya,Ya,Ya,Ya,Ya,Tidak,Ya,Tidak,Tidak,Ya
288,Kos Sakura Jakarta 0288,Jakarta,Setiabudi,1500000,Putra,Ya,Tidak,Tidak,Ya,Ya,Ya,Ya,Ya,Tidak,Ya,Ya,Ya,Ya
289,Kos Mawar Jakarta 0289,Jakarta,Pasar Minggu,2650000,Putra,Ya,Tidak,Ya,Ya,Ya,Ya,Tidak,Tidak,Tidak,Ya,Ya,Ya,Ya
290,Kos Nusantara Jakarta 0290,Jakarta,Setiabudi,2400000,Putri,Ya,Ya,Ya,Ya,Ya,Ya,Tidak,Ya,Ya,Tidak,Tidak,Tidak,Ya
291,Kos Cendana Jakarta 0291,Jakarta,Kebayoran Baru,2050000,Campur,Ya,Ya,Ya,Ya,Ya,Ya,Ya,Ya,Tidak,Tidak,Tidak,Ya,Ya
292,Kos Mawar Jakarta 0292,Jakarta,Setiabudi,1750000,Campur,Ya,Ya,Ya,Ya,Ya,Ya,Ya,Ya,Tidak,Tidak,Tidak,Ya,Ya
293,Kos Amanah Jakarta 0293,Jakarta,Tebet,3850000,Campur,Tidak,Ya,Tidak,Ya,Ya,Ya,Ya,Ya,Tidak,Tidak,Ya,Tidak,Ya
294,Kos Melati Jakarta 0294,Jakarta,Setiabudi,3000000,Putri,Ya,Tidak,Ya,Ya,Ya,Ya,Ya,Tidak,Tidak,Ya,Tidak,Tidak,Ya
295,Kos Mawar Jakarta 0295,Jakarta,Pasar Minggu,4000000,Putri,Ya,Tidak,Tidak,Ya,Ya,Ya,Tidak,Ya,Ya,Ya,Ya,Tidak,Ya
296,Kos Cendana Jakarta 0296,Jakarta,Kebayoran Baru,1900000,Putri,Ya,Ya,Tidak,Ya,Ya,Ya,Tidak,Ya,Tidak,Tidak,Ya,Ya,Ya
297,Kos Cendana Jakarta 0297,Jakarta,Setiabudi,3200000,Putri,Ya,Ya,Tidak,Ya,Ya,Tidak,Tidak,Ya,Tidak,Tidak,Ya,Ya,Ya
298,Kos Anggrek Jakarta 0298,Jakarta,Kembangan,1500000,Campur,Ya,Ya,Ya,Ya,Ya,Ya,Tidak,Ya,Tidak,Ya,Ya,Ya,Ya
299,Kos Cendana Jakarta 0299,Jakarta,Tebet,3450000,Putra,Ya,Tidak,Tidak,Ya,Ya,Ya,Ya,Ya,Ya,Tidak,Tidak,Ya,Ya
300,Kos Wijaya Jakarta 0300,Jakarta,Kembangan,3150000,Putri,Ya,Ya,Ya,Ya,Ya,Ya,Tidak,Ya,Ya,Ya,Ya,Ya,Ya
301,Kos Nusantara Jakarta 0301,Jakarta,Kembangan,2650000,Campur,Ya,Ya,Ya,Ya,Ya,Ya,Tidak,Ya,Tidak,Tidak,Tidak,Ya,Ya
302,Kos Permata Jakarta 0302,Jakarta,Tebet,3300000,Putri,Ya,Ya,Tidak,Ya,Ya,Tidak,Ya,Ya,Tidak,Ya,Ya,Ya,Ya
303,Kos Anggrek Jakarta 0303,Jakarta,Tebet,3200000,Campur,Ya,Tidak,Ya,Ya,Ya,Ya,Ya,Ya,Tidak,Tidak,Ya,Ya,Ya
304,Kos Cendana Jakarta 0304,Jakarta,Setiabudi,2650000,Campur,Ya,Ya,Ya,Ya,Tidak,Ya,Ya,Ya,Tidak,Tidak,Tidak,Ya,Ya
305,Kos Nusantara Jakarta 0305,Jakarta,Setiabudi,3250000,Putri,Ya,Ya,Tidak,Ya,Tidak,Ya,Ya,Tidak,Tidak,Ya,Ya,Tidak,Ya
306,Kos Harmoni Jakarta 0306,Jakarta,Kebayoran Baru,3800000,Putra,Ya,Ya,Ya,Ya,Ya,Ya,Ya,Ya,Tidak,Ya,Ya,Ya,Ya
307,Kos Anggrek Jakarta 0307,Jakarta,Setiabudi,2850000,Putri,Ya,Ya,Tidak,Ya,Ya,Tidak,Ya,Ya,Ya,Tidak,Ya,Tidak,Tidak
308,Kos Cendana Jakarta 0308,Jakarta,Tebet,1950000,Putra,Ya,Tidak,Ya,Ya,Ya,Ya,Ya,Ya,Tidak,Ya,Ya,Ya,Ya
309,Kos Wijaya Jakarta 0309,Jakarta,Setiabudi,1750000,Putri,Ya,Ya,Ya,Ya,Ya,Ya,Ya,Ya,Tidak,Ya,Ya,Ya,Ya
310,Kos Wijaya Jakarta 0310,Jakarta,Setiabudi,3650000,Campur,Ya,Tidak,Tidak,Ya,Ya,Ya,Ya,Ya,Tidak,Tidak,Tidak,Ya,Ya
311,Kos Sakura Jakarta 0311,Jakarta,Kembangan,1600000,Campur,Ya,Ya,Ya,Ya,Ya,Ya,Ya,Ya,Tidak,Tidak,Tidak,Tidak,Ya
312,Kos Melati Jakarta 0312,Jakarta,Setiabudi,2900000,Putri,Ya,Tidak,Ya,Ya,Ya,Ya,Tidak,Ya,Tidak,Ya,Tidak,Ya,Ya
313,Kos Cendana Jakarta 0313,Jakarta,Kebayoran Baru,2300000,Putra,Ya,Tidak,Ya,Ya,Ya,Tidak,Ya,Ya,Tidak,Tidak,Tidak,Ya,Tidak
314,Kos Permata Jakarta 0314,Jakarta,Kembangan,2200000,Campur,Ya,Tidak,Tidak,Ya,Ya,Ya,Ya,Ya,Tidak,Tidak,Tidak,Tidak,Ya
315,Kos Kenanga Jakarta 0315,Jakarta,Setiabudi,3050000,Putri,Ya,Tidak,Tidak,Ya,Ya,Ya,Ya,Ya,Tidak,Tidak,Tidak,Ya,Tidak
316,Kos Mawar Jakarta 0316,Jakarta,Pasar Minggu,2350000,Putra,Ya,Ya,Ya,Ya,Ya,Ya,Tidak,Ya,Tidak,Tidak,Tidak,Tidak,Ya
317,Kos Puspa Jakarta 0317,Jakarta,Setiabudi,2900000,Putri,Ya,Ya,Ya,Ya,Ya,Ya,Tidak,Ya,Tidak,Ya,Tidak,Ya,Ya
318,Kos Puspa Jakarta 0318,Jakarta,Tebet,2500000,Putra,Ya,Ya,Tidak,Ya,Ya,Tidak,Ya,Ya,Tidak,Ya,Tidak,Tidak,Ya
319,Kos Permata Jakarta 0319,Jakarta,Setiabudi,1950000,Campur,Ya,Tidak,Ya,Ya,Ya,Ya,Ya,Ya,Tidak,Tidak,Ya,Tidak,Ya
320,Kos Cendana Jakarta 0320,Jakarta,Pasar Minggu,3000000,Putri,Ya,Ya,Tidak,Ya,Ya,Ya,Ya,Ya,Ya,Tidak,Ya,Ya,Ya
321,Kos Harmoni Jakarta 0321,Jakarta,Kebayoran Baru,2050000,Campur,Ya,Tidak,Tidak,Ya,Ya,Ya,Ya,Ya,Ya,Ya,Ya,Tidak,Tidak
322,Kos Nusantara Jakarta 0322,Jakarta,Pasar Minggu,3400000,Putri,Tidak,Tidak,Tidak,Ya,Ya,Ya,Ya,Ya,Ya,Tidak,Ya,Ya,Ya
323,Kos Permata Jakarta 0323,Jakarta,Kebayoran Baru,2100000,Putra,Ya,Tidak,Ya,Ya,Ya,Ya,Tidak,Ya,Tidak,Tidak,Tidak,Ya,Ya
324,Kos Melati Jakarta 0324,Jakarta,Tebet,3950000,Putri,Ya,Ya,Tidak,Ya,Ya,Ya,Ya,Ya,Tidak,Ya,Tidak,Ya,Ya
325,Kos Nusantara Jakarta 0325,Jakarta,Tebet,3750000,Putri,Ya,Ya,Ya,Ya,Ya,Ya,Ya,Ya,Tidak,Tidak,Ya,Ya,Ya
326,Kos Anggrek Jakarta 0326,Jakarta,Pasar Minggu,3600000,Campur,Ya,Tidak,Tidak,Ya,Ya,Ya,Tidak,Tidak,Tidak,Ya,Tidak,Ya,Ya
327,Kos Kenanga Jakarta 0327,Jakarta,Kebayoran Baru,2950000,Putri,Ya,Ya,Tidak,Ya,Ya,Ya,Tidak,Tidak,Tidak,Ya,Tidak,Tidak,Ya
328,Kos Permata Jakarta 0328,Jakarta,Pasar Minggu,2150000,Putra,Ya,Tidak,Tidak,Ya,Ya,Ya,Tidak,Ya,Tidak,Tidak,Ya,Tidak,Ya
329,Kos Puspa Jakarta 0329,Jakarta,Pasar Minggu,3300000,Campur,Ya,Ya,Ya,Ya,Ya,Ya,Tidak,Ya,Tidak,Ya,Ya,Ya,Ya
330,Kos Sakura Jakarta 0330,Jakarta,Kebayoran Baru,3700000,Campur,Ya,Ya,Tidak,Ya,Ya,Ya,Ya,Ya,Tidak,Ya,Ya,Ya,Ya
331,Kos Nusantara Jakarta 0331,Jakarta,Setiabudi,2850000,Putri,Ya,Ya,Ya,Ya,Ya,Ya,Ya,Tidak,Tidak,Ya,Tidak,Ya,Ya
332,Kos Harmoni Jakarta 0332,Jakarta,Kebayoran Baru,1850000,Putra,Ya,Ya,Tidak,Ya,Ya,Ya,Ya,Ya,Tidak,Ya,Ya,Ya,Ya
333,Kos Melati Jakarta 0333,Jakarta,Setiabudi,2450000,Putri,Ya,Ya,Tidak,Ya,Ya,Tidak,Ya,Ya,Tidak,Tidak,Ya,Ya,Ya
334,Kos Mawar Jakarta 0334,Jakarta,Tebet,3000000,Putra,Ya,Ya,Tidak,Ya,Ya,Tidak,Ya,Ya,Ya,Ya,Ya,Ya,Tidak
335,Kos Puspa Jakarta 0335,Jakarta,Setiabudi,4000000,Putri,Ya,Tidak,Tidak,Ya,Ya,Tidak,Tidak,Ya,Tidak,Tidak,Tidak,Ya,Ya
336,Kos Anggrek Jakarta 0336,Jakarta,Kebayoran Baru,2350000,Putri,Tidak,Ya,Ya,Ya,Tidak,Ya,Tidak,Ya,Tidak,Tidak,Tidak,Tidak,Ya
337,Kos Amanah Jakarta 0337,Jakarta,Pasar Minggu,1950000,Putra,Ya,Ya,Ya,Ya,Tidak,Ya,Ya,Ya,Tidak,Tidak,Tidak,Ya,Ya
338,Kos Nusantara Jakarta 0338,Jakarta,Pasar Minggu,1850000,Putra,Tidak,Tidak,Tidak,Ya,Ya,Ya,Tidak,Ya,Tidak,Tidak,Ya,Tidak,Ya
339,Kos Anggrek Jakarta 0339,Jakarta,Tebet,2100000,Putra,Tidak,Tidak,Tidak,Ya,Ya,Ya,Ya,Ya,Tidak,Ya,Tidak,Ya,Tidak
340,Kos Nusantara Jakarta 0340,Jakarta,Setiabudi,3300000,Putra,Ya,Tidak,Tidak,Ya,Ya,Ya,Ya,Tidak,Tidak,Ya,Tidak,Ya,Ya
341,Kos Puspa Jakarta 0341,Jakarta,Kembangan,3450000,Putri,Ya,Ya,Ya,Ya,Ya,Ya,Ya,Ya,Ya,Ya,Ya,Ya,Ya
342,Kos Kenanga Jakarta 0342,Jakarta,Kembangan,3000000,Putra,Ya,Ya,Tidak,Ya,Ya,Ya,Tidak,Ya,Tidak,Ya,Tidak,Ya,Ya
343,Kos Anggrek Jakarta 0343,Jakarta,Kembangan,2950000,Campur,Ya,Tidak,Tidak,Ya,Ya,Ya,Tidak,Ya,Tidak,Tidak,Ya,Ya,Ya
344,Kos Harmoni Jakarta 0344,Jakarta,Pasar Minggu,2250000,Putri,Ya,Ya,Tidak,Ya,Ya,Ya,Tidak,Ya,Tidak,Ya,Ya,Ya,Ya
345,Kos Nusantara Jakarta 0345,Jakarta,Pasar Minggu,3050000,Putra,Tidak,Ya,Ya,Ya,Ya,Ya,Tidak,Ya,Tidak,Tidak,Ya,Ya,Ya
346,Kos Mawar Jakarta 0346,Jakarta,Kebayoran Baru,2150000,Campur,Ya,Ya,Ya,Ya,Ya,Ya,Ya,Ya,Tidak,Tidak,Tidak,Ya,Ya
347,Kos Puspa Jakarta 0347,Jakarta,Setiabudi,2850000,Putri,Ya,Tidak,Tidak,Ya,Ya,Ya,Ya,Ya,Tidak,Tidak,Ya,Ya,Ya
348,Kos Anggrek Jakarta 0348,Jakarta,Kebayoran Baru,2400000,Campur,Tidak,Tidak,Tidak,Ya,Ya,Ya,Tidak,Ya,Ya,Tidak,Tidak,Ya,Ya
349,Kos Wijaya Jakarta 0349,Jakarta,Tebet,2400000,Campur,Ya,Tidak,Ya,Ya,Ya,Ya,Ya,Ya,Tidak,Ya,Ya,Ya,Tidak
350,Kos Nusantara Jakarta 0350,Jakarta,Pasar Minggu,2850000,Putri,Ya,Ya,Ya,Ya,Ya,Tidak,Ya,Ya,Tidak,Ya,Tidak,Ya,Ya
351,Kos Puspa Jakarta 0351,Jakarta,Setiabudi,1600000,Campur,Ya,Ya,Tidak,Ya,Ya,Ya,Ya,Ya,Tidak,Tidak,Tidak,Ya,Tidak
352,Kos Puspa Jakarta 0352,Jakarta,Kebayoran Baru,2250000,Putri,Ya,Tidak,Ya,Ya,Ya,Ya,Ya,Ya,Tidak,Tidak,Tidak,Ya,Ya
353,Kos Nusantara Jakarta 0353,Jakarta,Setiabudi,2800000,Putri,Ya,Tidak,Ya,Ya,Ya,Tidak,Ya,Ya,Tidak,Tidak,Tidak,Ya,Ya
354,Kos Kenanga Jakarta 0354,Jakarta,Pasar Minggu,1550000,Putra,Tidak,Ya,Ya,Ya,Ya,Ya,Ya,Ya,Tidak,Tidak,Tidak,Ya,Ya
355,Kos Amanah Jakarta 0355,Jakarta,Setiabudi,2050000,Putra,Ya,Ya,Tidak,Ya,Ya,Ya,Ya,Ya,Ya,Ya,Ya,Ya,Ya
356,Kos Harmoni Jakarta 0356,Jakarta,Kembangan,3800000,Putri,Ya,Ya,Tidak,Ya,Ya,Ya,Ya,Ya,Tidak,Ya,Tidak,Tidak,Ya
357,Kos Wijaya Jakarta 0357,Jakarta,Kembangan,3000000,Putra,Ya,Tidak,Ya,Ya,Ya,Tidak,Ya,Ya,Tidak,Ya,Tidak,Tidak,Ya
358,Kos Puspa Jakarta 0358,Jakarta,Setiabudi,2550000,Putra,Ya,Ya,Ya,Ya,Ya,Ya,Ya,Ya,Tidak,Ya,Tidak,Ya,Ya
359,Kos Mawar Jakarta 0359,Jakarta,Kebayoran Baru,1700000,Putra,Ya,Ya,Tidak,Ya,Ya,Ya,Ya,Ya,Tidak,Tidak,Tidak,Tidak,Ya
360,Kos Permata Jakarta 0360,Jakarta,Kebayoran Baru,3750000,Campur,Ya,Ya,Ya,Ya,Ya,Ya,Ya,Ya,Ya,Tidak,Tidak,Tidak,Tidak
361,Kos Amanah Jakarta 0361,Jakarta,Setiabudi,3950000,Putri,Ya,Ya,Ya,Ya,Ya,Ya,Tidak,Ya,Ya,Ya,Ya,Ya,Ya
362,Kos Amanah Jakarta 0362,Jakarta,Tebet,3450000,Putri,Ya,Tidak,Ya,Ya,Ya,Ya,Tidak,Ya,Tidak,Ya,Tidak,Ya,Ya
363,Kos Mawar Jakarta 0363,Jakarta,Kembangan,1950000,Putri,Ya,Ya,Tidak,Ya,Ya,Ya,Ya,Ya,Tidak,Ya,Ya,Tidak,Ya
364,Kos Melati Jakarta 0364,Jakarta,Pasar Minggu,2200000,Putra,Ya,Ya,Ya,Ya,Ya,Ya,Ya,Ya,Tidak,Tidak,Tidak,Ya,Ya
365,Kos Anggrek Jakarta 0365,Jakarta,Kebayoran Baru,2950000,Campur,Tidak,Tidak,Tidak,Ya,Ya,Tidak,Ya,Ya,Tidak,Tidak,Tidak,Ya,Ya
366,Kos Harmoni Jakarta 0366,Jakarta,Tebet,1600000,Putra,Ya,Ya,Tidak,Ya,Tidak,Ya,Ya,Ya,Ya,Tidak,Tidak,Tidak,Ya
367,Kos Nusantara Jakarta 0367,Jakarta,Kebayoran Baru,2750000,Putra,Ya,Ya,Tidak,Ya,Ya,Ya,Ya,Ya,Tidak,Ya,Tidak,Ya,Ya
368,Kos Puspa Jakarta 0368,Jakarta,Kebayoran Baru,2250000,Putri,Ya,Ya,Ya,Ya,Ya,Tidak,Ya,Ya,Tidak,Ya,Ya,Ya,Ya
369,Kos Harmoni Jakarta 0369,Jakarta,Kebayoran Baru,2100000,Putri,Ya,Ya,Ya,Ya,Ya,Tidak,Ya,Ya,Tidak,Tidak,Ya,Ya,Ya
370,Kos Melati Jakarta 0370,Jakarta,Setiabudi,1950000,Campur,Ya,Tidak,Tidak,Ya,Ya,Tidak,Ya,Ya,Tidak,Tidak,Tidak,Ya,Ya
371,Kos Mawar Jakarta 0371,Jakarta,Tebet,1750000,Putri,Ya,Ya,Ya,Ya,Ya,Ya,Ya,Ya,Tidak,Ya,Ya,Tidak,Ya
372,Kos Puspa Jakarta 0372,Jakarta,Tebet,3750000,Putri,Ya,Ya,Tidak,Ya,Ya,Ya,Ya,Ya,Tidak,Ya,Ya,Ya,Ya
373,Kos Harmoni Jakarta 0373,Jakarta,Kembangan,3950000,Putri,Tidak,Ya,Tidak,Ya,Ya,Ya,Ya,Ya,Tidak,Ya,Ya,Tidak,Ya
374,Kos Kenanga Jakarta 0374,Jakarta,Setiabudi,3450000,Campur,Ya,Ya,Ya,Ya,Ya,Tidak,Tidak,Ya,Ya,Tidak,Ya,Ya,Ya
375,Kos Harmoni Jakarta 0375,Jakarta,Setiabudi,2200000,Campur,Ya,Ya,Tidak,Ya,Ya,Ya,Tidak,Ya,Ya,Tidak,Tidak,Ya,Ya
376,Kos Wijaya Jakarta 0376,Jakarta,Setiabudi,1900000,Putri,Ya,Ya,Tidak,Ya,Ya,Ya,Ya,Ya,Tidak,Tidak,Ya,Tidak,Ya
377,Kos Kenanga Jakarta 0377,Jakarta,Pasar Minggu,2000000,Campur,Ya,Ya,Ya,Ya,Ya,Ya,Ya,Ya,Ya,Ya,Ya,Tidak,Ya
378,Kos Nusantara Jakarta 0378,Jakarta,Kembangan,3850000,Campur,Ya,Ya,Ya,Ya,Tidak,Tidak,Ya,Ya,Tidak,Tidak,Tidak,Tidak,Ya
379,Kos Wijaya Jakarta 0379,Jakarta,Pasar Minggu,2750000,Putri,Ya,Ya,Ya,Ya,Ya,Tidak,Tidak,Ya,Tidak,Ya,Tidak,Tidak,Ya
380,Kos Amanah Jakarta 0380,Jakarta,Setiabudi,2000000,Putri,Ya,Tidak,Ya,Ya,Ya,Ya,Ya,Ya,Tidak,Ya,Ya,Ya,Ya
381,Kos Melati Jakarta 0381,Jakarta,Kembangan,3700000,Putra,Ya,Tidak,Ya,Ya,Ya,Tidak,Tidak,Ya,Tidak,Ya,Tidak,Ya,Tidak
382,Kos Permata Jakarta 0382,Jakarta,Setiabudi,1650000,Putra,Ya,Ya,Ya,Ya,Tidak,Ya,Tidak,Ya,Ya,Tidak,Tidak,Ya,Tidak
383,Kos Puspa Jakarta 0383,Jakarta,Tebet,3900000,Putri,Ya,Ya,Ya,Ya,Ya,Ya,Ya,Ya,Ya,Tidak,Ya,Ya,Ya
384,Kos Cendana Jakarta 0384,Jakarta,Setiabudi,2900000,Putri,Ya,Ya,Ya,Ya,Ya,Ya,Ya,Ya,Tidak,Tidak,Ya,Ya,Ya
385,Kos Kenanga Jakarta 0385,Jakarta,Kebayoran Baru,3700000,Putra,Ya,Tidak,Tidak,Ya,Tidak,Ya,Tidak,Ya,Ya,Tidak,Ya,Tidak,Ya
386,Kos Mawar Jakarta 0386,Jakarta,Tebet,3150000,Putri,Ya,Ya,Tidak,Ya,Ya,Ya,Tidak,Tidak,Tidak,Ya,Tidak,Ya,Ya
387,Kos Kenanga Jakarta 0387,Jakarta,Tebet,3000000,Putri,Ya,Ya,Tidak,Ya,Ya,Ya,Tidak,Ya,Tidak,Ya,Ya,Tidak,Ya
388,Kos Sakura Jakarta 0388,Jakarta,Tebet,2250000,Putra,Ya,Tidak,Ya,Ya,Ya,Tidak,Ya,Ya,Tidak,Ya,Ya,Ya,Tidak
389,Kos Melati Jakarta 0389,Jakarta,Kebayoran Baru,2750000,Campur,Tidak,Ya,Ya,Ya,Ya,Ya,Tidak,Ya,Tidak,Ya,Ya,Tidak,Ya
390,Kos Puspa Jakarta 0390,Jakarta,Tebet,3300000,Putri,Ya,Tidak,Tidak,Ya,Ya,Tidak,Ya,Ya,Tidak,Ya,Tidak,Tidak,Ya
391,Kos Puspa Jakarta 0391,Jakarta,Tebet,3350000,Putri,Tidak,Ya,Ya,Ya,Ya,Ya,Tidak,Ya,Ya,Tidak,Ya,Ya,Ya
392,Kos Mawar Jakarta 0392,Jakarta,Setiabudi,2750000,Putra,Ya,Tidak,Ya,Ya,Ya,Tidak,Tidak,Tidak,Tidak,Ya,Tidak,Ya,Ya
393,Kos Kenanga Jakarta 0393,Jakarta,Tebet,3800000,Campur,Ya,Ya,Ya,Ya,Ya,Ya,Tidak,Ya,Ya,Tidak,Ya,Tidak,Ya
394,Kos Melati Jakarta 0394,Jakarta,Kebayoran Baru,2800000,Putri,Ya,Tidak,Ya,Ya,Ya,Ya,Ya,Ya,Tidak,Tidak,Ya,Tidak,Ya
395,Kos Amanah Jakarta 0395,Jakarta,Pasar Minggu,3850000,Putri,Ya,Ya,Ya,Ya,Ya,Tidak,Ya,Ya,Tidak,Ya,Tidak,Ya,Ya
396,Kos Melati Jakarta 0396,Jakarta,Setiabudi,3050000,Campur,Ya,Ya,Ya,Ya,Tidak,Tidak,Ya,Ya,Tidak,Ya,Tidak,Ya,Ya
397,Kos Sakura Jakarta 0397,Jakarta,Pasar Minggu,1650000,Putra,Ya,Tidak,Tidak,Ya,Ya,Tidak,Ya,Ya,Tidak,Ya,Tidak,Ya,Ya
398,Kos Permata Jakarta 0398,Jakarta,Tebet,3900000,Putra,Ya,Tidak,Ya,Ya,Ya,Ya,Tidak,Tidak,Ya,Ya,Tidak,Ya,Ya
399,Kos Cendana Jakarta 0399,Jakarta,Setiabudi,2650000,Campur,Ya,Ya,Tidak,Ya,Ya,Ya,Ya,Ya,Tidak,Ya,Tidak,Tidak,Ya
400,Kos Nusantara Jakarta 0400,Jakarta,Kebayoran Baru,2800000,Putri,Ya,Tidak,Ya,Ya,Ya,Ya,Tidak,Ya,Tidak,Tidak,Tidak,Tidak,Ya
401,Kos Mawar Jakarta 0401,Jakarta,Kebayoran Baru,2200000,Putra,Ya,Tidak,Tidak,Ya,Ya,Ya,Ya,Ya,Tidak,Tidak,Tidak,Ya,Ya
402,Kos Mawar Jakarta 0402,Jakarta,Pasar Minggu,3350000,Putra,Ya,Tidak,Ya,Ya,Ya,Tidak,Ya,Ya,Ya,Ya,Tidak,Ya,Ya
403,Kos Nusantara Jakarta 0403,Jakarta,Setiabudi,3350000,Putra,Ya,Ya,Ya,Ya,Ya,Tidak,Tidak,Tidak,Ya,Tidak,Ya,Ya,Ya
404,Kos Cendana Jakarta 0404,Jakarta,Kebayoran Baru,3800000,Putra,Ya,Ya,Tidak,Ya,Ya,Ya,Ya,Ya,Ya,Ya,Ya,Ya,Tidak
405,Kos Melati Jakarta 0405,Jakarta,Setiabudi,1850000,Putri,Ya,Ya,Tidak,Ya,Ya,Ya,Ya,Tidak,Ya,Ya,Ya,Ya,Ya
406,Kos Harmoni Jakarta 0406,Jakarta,Pasar Minggu,2800000,Putra,Ya,Ya,Ya,Ya,Ya,Tidak,Ya,Ya,Tidak,Ya,Tidak,Ya,Ya
407,Kos Melati Jakarta 0407,Jakarta,Kebayoran Baru,1950000,Putri,Ya,Ya,Ya,Ya,Ya,Ya,Tidak,Ya,Tidak,Ya,Ya,Ya,Ya
408,Kos Amanah Jakarta 0408,Jakarta,Setiabudi,3900000,Putri,Ya,Tidak,Tidak,Ya,Ya,Ya,Ya,Ya,Ya,Tidak,Ya,Ya,Ya
409,Kos Kenanga Jakarta 0409,Jakarta,Kembangan,3050000,Putra,Ya,Ya,Tidak,Ya,Ya,Ya,Ya,Ya,Tidak,Ya,Ya,Tidak,Ya
410,Kos Permata Jakarta 0410,Jakarta,Pasar Minggu,3950000,Putri,Tidak,Ya,Tidak,Ya,Ya,Ya,Ya,Ya,Tidak,Ya,Ya,Ya,Ya
411,Kos Amanah Jakarta 0411,Jakarta,Setiabudi,2700000,Putri,Ya,Ya,Tidak,Ya,Ya,Ya,Tidak,Ya,Ya,Tidak,Tidak,Tidak,Ya
412,Kos Cendana Jakarta 0412,Jakarta,Pasar Minggu,3300000,Putri,Ya,Ya,Tidak,Ya,Ya,Tidak,Ya,Ya,Tidak,Ya,Tidak,Ya,Ya
413,Kos Anggrek Jakarta 0413,Jakarta,Setiabudi,3850000,Putri,Ya,Ya,Ya,Ya,Ya,Ya,Ya,Ya,Tidak,Ya,Ya,Ya,Ya
414,Kos Kenanga Jakarta 0414,Jakarta,Kebayoran Baru,2550000,Putra,Ya,Ya,Ya,Ya,Ya,Tidak,Ya,Ya,Tidak,Ya,Ya,Ya,Ya
415,Kos Melati Jakarta 0415,Jakarta,Kembangan,1800000,Putri,Ya,Ya,Tidak,Ya,Ya,Ya,Ya,Ya,Tidak,Ya,Ya,Ya,Ya
416,Kos Harmoni Jakarta 0416,Jakarta,Setiabudi,2300000,Putra,Ya,Ya,Tidak,Ya,Ya,Ya,Ya,Tidak,Ya,Tidak,Tidak,Ya,Tidak
417,Kos Melati Jakarta 0417,Jakarta,Setiabudi,3100000,Campur,Tidak,Ya,Ya,Ya,Ya,Ya,Tidak,Ya,Tidak,Ya,Tidak,Ya,Ya
418,Kos Harmoni Jakarta 0418,Jakarta,Kembangan,2350000,Campur,Ya,Ya,Ya,Ya,Ya,Ya,Ya,Ya,Ya,Ya,Tidak,Tidak,Ya
419,Kos Wijaya Jakarta 0419,Jakarta,Kembangan,2500000,Campur,Ya,Ya,Tidak,Ya,Ya,Ya,Ya,Ya,Tidak,Ya,Ya,Ya,Ya
420,Kos Kenanga Jakarta 0420,Jakarta,Kembangan,3050000,Putri,Tidak,Ya,Tidak,Ya,Ya,Ya,Ya,Ya,Ya,Ya,Ya,Ya,Ya
421,Kos Mawar Jakarta 0421,Jakarta,Kebayoran Baru,1750000,Putra,Ya,Ya,Ya,Ya,Ya,Ya,Ya,Ya,Tidak,Ya,Tidak,Tidak,Ya
422,Kos Melati Jakarta 0422,Jakarta,Pasar Minggu,3600000,Campur,Ya,Ya,Tidak,Ya,Ya,Ya,Tidak,Ya,Tidak,Tidak,Ya,Ya,Ya
423,Kos Wijaya Jakarta 0423,Jakarta,Tebet,1950000,Putra,Tidak,Tidak,Ya,Ya,Ya,Ya,Ya,Ya,Tidak,Tidak,Ya,Tidak,Ya
424,Kos Sakura Jakarta 0424,Jakarta,Setiabudi,3000000,Putri,Ya,Ya,Ya,Ya,Ya,Ya,Ya,Ya,Ya,Tidak,Tidak,Ya,Ya
425,Kos Nusantara Jakarta 0425,Jakarta,Setiabudi,3650000,Putra,Ya,Ya,Tidak,Ya,Ya,Tidak,Tidak,Tidak,Tidak,Tidak,Ya,Ya,Ya
426,Kos Amanah Jakarta 0426,Jakarta,Setiabudi,3950000,Putri,Ya,Tidak,Ya,Ya,Ya,Ya,Tidak,Ya,Ya,Tidak,Ya,Ya,Tidak
427,Kos Kenanga Jakarta 0427,Jakarta,Pasar Minggu,1700000,Putri,Ya,Ya,Ya,Ya,Ya,Ya,Tidak,Tidak,Tidak,Ya,Tidak,Ya,Ya
428,Kos Anggrek Jakarta 0428,Jakarta,Pasar Minggu,1750000,Putra,Ya,Tidak,Tidak,Ya,Ya,Ya,Ya,Ya,Tidak,Tidak,Ya,Ya,Ya
429,Kos Puspa Jakarta 0429,Jakarta,Setiabudi,2400000,Putra,Ya,Tidak,Tidak,Ya,Ya,Ya,Ya,Ya,Tidak,Ya,Tidak,Ya,Ya
430,Kos Harmoni Jakarta 0430,Jakarta,Setiabudi,3700000,Campur,Ya,Ya,Tidak,Ya,Tidak,Tidak,Ya,Tidak,Tidak,Tidak,Tidak,Tidak,Tidak
431,Kos Amanah Jakarta 0431,Jakarta,Kebayoran Baru,2200000,Putri,Ya,Ya,Tidak,Ya,Ya,Tidak,Ya,Ya,Ya,Tidak,Tidak,Tidak,Ya
432,Kos Wijaya Jakarta 0432,Jakarta,Tebet,1550000,Putra,Ya,Tidak,Tidak,Ya,Ya,Ya,Ya,Ya,Tidak,Tidak,Ya,Ya,Ya
433,Kos Nusantara Jakarta 0433,Jakarta,Kembangan,3850000,Putri,Ya,Ya,Tidak,Ya,Ya,Ya,Ya,Ya,Ya,Ya,Tidak,Ya,Ya
434,Kos Cendana Jakarta 0434,Jakarta,Pasar Minggu,2700000,Putra,Ya,Ya,Ya,Ya,Ya,Ya,Ya,Ya,Tidak,Tidak,Tidak,Tidak,Ya
435,Kos Sakura Jakarta 0435,Jakarta,Setiabudi,1850000,Putra,Ya,Ya,Tidak,Ya,Ya,Ya,Ya,Ya,Tidak,Tidak,Ya,Ya,Ya
436,Kos Sakura Jakarta 0436,Jakarta,Setiabudi,3850000,Campur,Tidak,Ya,Tidak,Ya,Ya,Ya,Ya,Ya,Tidak,Tidak,Tidak,Ya,Ya
437,Kos Amanah Jakarta 0437,Jakarta,Kebayoran Baru,2900000,Putri,Ya,Ya,Tidak,Ya,Ya,Tidak,Ya,Ya,Ya,Ya,Ya,Ya,Ya
438,Kos Permata Jakarta 0438,Jakarta,Pasar Minggu,2150000,Putri,Ya,Ya,Tidak,Ya,Ya,Tidak,Ya,Ya,Tidak,Ya,Ya,Ya,Ya
439,Kos Puspa Jakarta 0439,Jakarta,Kebayoran Baru,2500000,Putra,Tidak,Ya,Tidak,Ya,Ya,Ya,Tidak,Ya,Tidak,Ya,Tidak,Ya,Ya
440,Kos Nusantara Jakarta 0440,Jakarta,Pasar Minggu,1900000,Putra,Ya,Tidak,Tidak,Ya,Ya,Tidak,Ya,Ya,Tidak,Tidak,Tidak,Ya,Ya
441,Kos Harmoni Jakarta 0441,Jakarta,Tebet,2700000,Campur,Ya,Ya,Ya,Ya,Ya,Ya,Tidak,Ya,Tidak,Ya,Tidak,Tidak,Ya
442,Kos Cendana Jakarta 0442,Jakarta,Tebet,3050000,Putri,Ya,Tidak,Tidak,Ya,Ya,Ya,Ya,Ya,Tidak,Tidak,Ya,Ya,Ya
443,Kos Permata Jakarta 0443,Jakarta,Tebet,3050000,Putri,Ya,Ya,Tidak,Ya,Ya,Ya,Ya,Ya,Tidak,Ya,Tidak,Tidak,Ya
444,Kos Cendana Jakarta 0444,Jakarta,Kebayoran Baru,1600000,Putri,Ya,Ya,Ya,Ya,Ya,Tidak,Ya,Tidak,Tidak,Ya,Ya,Ya,Ya
445,Kos Wijaya Jakarta 0445,Jakarta,Kebayoran Baru,1750000,Putri,Ya,Ya,Ya,Ya,Ya,Tidak,Ya,Ya,Tidak,Ya,Tidak,Ya,Ya
446,Kos Kenanga Jakarta 0446,Jakarta,Kebayoran Baru,2850000,Putri,Ya,Ya,Tidak,Ya,Ya,Ya,Tidak,Ya,Tidak,Tidak,Ya,Ya,Tidak
447,Kos Permata Jakarta 0447,Jakarta,Kembangan,2450000,Putra,Ya,Ya,Ya,Ya,Ya,Ya,Tidak,Tidak,Tidak,Ya,Tidak,Tidak,Ya
448,Kos Melati Jakarta 0448,Jakarta,Setiabudi,3950000,Putri,Ya,Ya,Tidak,Ya,Ya,Ya,Ya,Ya,Ya,Ya,Tidak,Tidak,Ya
449,Kos Mawar Jakarta 0449,Jakarta,Setiabudi,1500000,Putra,Ya,Ya,Ya,Ya,Ya,Ya,Tidak,Ya,Tidak,Tidak,Ya,Ya,Ya
450,Kos Amanah Jakarta 0450,Jakarta,Tebet,3750000,Putra,Ya,Ya,Ya,Ya,Ya,Ya,Tidak,Tidak,Ya,Ya,Tidak,Tidak,Tidak
451,Kos Nusantara Jakarta 0451,Jakarta,Tebet,3000000,Putra,Ya,Ya,Tidak,Ya,Ya,Ya,Tidak,Ya,Tidak,Tidak,Ya,Ya,Ya
452,Kos Permata Jakarta 0452,Jakarta,Setiabudi,4000000,Putri,Ya,Ya,Tidak,Ya,Ya,Ya,Tidak,Ya,Ya,Ya,Tidak,Tidak,Ya
453,Kos Harmoni Jakarta 0453,Jakarta,Tebet,3250000,Putra,Tidak,Ya,Ya,Ya,Ya,Ya,Ya,Ya,Ya,Ya,Tidak,Tidak,Ya
454,Kos Kenanga Jakarta 0454,Jakarta,Setiabudi,4000000,Putri,Ya,Tidak,Ya,Ya,Ya,Tidak,Tidak,Ya,Ya,Ya,Tidak,Ya,Ya
455,Kos Melati Jakarta 0455,Jakarta,Kebayoran Baru,4000000,Putri,Ya,Tidak,Ya,Ya,Ya,Ya,Ya,Ya,Tidak,Tidak,Ya,Ya,Ya
456,Kos Nusantara Jakarta 0456,Jakarta,Kebayoran Baru,1950000,Putri,Ya,Tidak,Tidak,Ya,Ya,Ya,Ya,Ya,Tidak,Ya,Ya,Ya,Ya
457,Kos Wijaya Jakarta 0457,Jakarta,Setiabudi,3500000,Putri,Ya,Ya,Tidak,Ya,Ya,Ya,Tidak,Ya,Tidak,Ya,Tidak,Ya,Ya
458,Kos Sakura Jakarta 0458,Jakarta,Kebayoran Baru,3750000,Campur,Ya,Tidak,Ya,Ya,Ya,Tidak,Ya,Ya,Tidak,Tidak,Tidak,Ya,Ya
459,Kos Nusantara Jakarta 0459,Jakarta,Pasar Minggu,2400000,Putri,Tidak,Ya,Ya,Ya,Tidak,Ya,Ya,Ya,Tidak,Tidak,Tidak,Ya,Ya
460,Kos Cendana Jakarta 0460,Jakarta,Pasar Minggu,4000000,Putri,Ya,Tidak,Tidak,Ya,Ya,Ya,Ya,Ya,Tidak,Tidak,Ya,Ya,Ya
461,Kos Cendana Jakarta 0461,Jakarta,Setiabudi,2150000,Putra,Ya,Ya,Tidak,Ya,Ya,Tidak,Tidak,Ya,Tidak,Ya,Tidak,Tidak,Ya
462,Kos Mawar Jakarta 0462,Jakarta,Setiabudi,2300000,Putri,Ya,Ya,Tidak,Ya,Ya,Ya,Tidak,Ya,Tidak,Tidak,Tidak,Tidak,Ya
463,Kos Permata Jakarta 0463,Jakarta,Pasar Minggu,3400000,Putra,Ya,Ya,Tidak,Ya,Ya,Ya,Tidak,Ya,Tidak,Tidak,Tidak,Ya,Tidak
464,Kos Sakura Jakarta 0464,Jakarta,Kembangan,2800000,Putra,Ya,Ya,Tidak,Ya,Ya,Ya,Ya,Ya,Ya,Tidak,Ya,Tidak,Ya
465,Kos Amanah Jakarta 0465,Jakarta,Kembangan,3800000,Campur,Ya,Tidak,Ya,Ya,Ya,Ya,Ya,Ya,Tidak,Ya,Ya,Ya,Ya
466,Kos Anggrek Jakarta 0466,Jakarta,Kebayoran Baru,3400000,Campur,Ya,Ya,Ya,Ya,Ya,Ya,Tidak,Ya,Ya,Ya,Tidak,Tidak,Tidak
467,Kos Kenanga Jakarta 0467,Jakarta,Setiabudi,2150000,Putra,Ya,Ya,Ya,Ya,Ya,Ya,Ya,Ya,Tidak,Ya,Ya,Tidak,Ya
468,Kos Sakura Jakarta 0468,Jakarta,Tebet,3100000,Putri,Ya,Ya,Tidak,Ya,Ya,Ya,Ya,Ya,Tidak,Ya,Ya,Tidak,Ya
469,Kos Amanah Jakarta 0469,Jakarta,Setiabudi,3550000,Putra,Ya,Ya,Ya,Ya,Ya,Ya,Ya,Ya,Tidak,Tidak,Ya,Ya,Ya
470,Kos Cendana Jakarta 0470,Jakarta,Tebet,3900000,Putri,Ya,Ya,Tidak,Ya,Ya,Ya,Tidak,Ya,Ya,Tidak,Tidak,Tidak,Tidak
471,Kos Wijaya Jakarta 0471,Jakarta,Pasar Minggu,1600000,Putri,Ya,Ya,Tidak,Ya,Ya,Ya,Tidak,Ya,Tidak,Tidak,Ya,Tidak,Ya
472,Kos Sakura Jakarta 0472,Jakarta,Setiabudi,2800000,Putri,Tidak,Ya,Ya,Ya,Ya,Ya,Ya,Ya,Tidak,Tidak,Ya,Ya,Ya
473,Kos Harmoni Jakarta 0473,Jakarta,Pasar Minggu,3350000,Putra,Ya,Tidak,Ya,Ya,Ya,Ya,Ya,Ya,Tidak,Ya,Tidak,Tidak,Ya
474,Kos Puspa Jakarta 0474,Jakarta,Kebayoran Baru,2250000,Campur,Ya,Ya,Tidak,Ya,Ya,Ya,Ya,Ya,Ya,Tidak,Tidak,Ya,Ya
475,Kos Cendana Jakarta 0475,Jakarta,Kembangan,1600000,Putra,Ya,Ya,Tidak,Ya,Ya,Tidak,Ya,Ya,Ya,Tidak,Ya,Ya,Tidak
476,Kos Puspa Jakarta 0476,Jakarta,Pasar Minggu,2400000,Putra,Ya,Tidak,Ya,Ya,Tidak,Ya,Tidak,Ya,Tidak,Tidak,Ya,Ya,Ya
477,Kos Permata Jakarta 0477,Jakarta,Setiabudi,3500000,Putra,Ya,Ya,Ya,Ya,Ya,Ya,Ya,Ya,Tidak,Ya,Tidak,Tidak,Ya
478,Kos Mawar Jakarta 0478,Jakarta,Tebet,2800000,Putri,Ya,Ya,Ya,Ya,Tidak,Ya,Ya,Ya,Ya,Tidak,Tidak,Ya,Ya
479,Kos Wijaya Jakarta 0479,Jakarta,Pasar Minggu,2600000,Putri,Ya,Ya,Ya,Ya,Ya,Tidak,Tidak,Ya,Tidak,Tidak,Ya,Ya,Tidak
480,Kos Puspa Jakarta 0480,Jakarta,Setiabudi,3750000,Putra,Ya,Tidak,Tidak,Ya,Ya,Ya,Ya,Ya,Tidak,Tidak,Tidak,Ya,Ya
481,Kos Sakura Jakarta 0481,Jakarta,Pasar Minggu,2100000,Putri,Tidak,Tidak,Ya,Ya,Ya,Ya,Ya,Ya,Tidak,Tidak,Ya,Ya,Ya
482,Kos Permata Jakarta 0482,Jakarta,Kebayoran Baru,3700000,Putri,Ya,Tidak,Tidak,Ya,Ya,Ya,Ya,Ya,Tidak,Ya,Tidak,Tidak,Ya
483,Kos Cendana Jakarta 0483,Jakarta,Kembangan,3050000,Putri,Ya,Tidak,Tidak,Ya,Ya,Ya,Tidak,Ya,Tidak,Ya,Tidak,Ya,Ya
484,Kos Nusantara Jakarta 0484,Jakarta,Kembangan,1700000,Campur,Ya,Tidak,Ya,Ya,Ya,Ya,Ya,Ya,Ya,Ya,Tidak,Ya,Ya
485,Kos Anggrek Jakarta 0485,Jakarta,Kebayoran Baru,2550000,Putri,Ya,Ya,Ya,Ya,Ya,Ya,Ya,Ya,Tidak,Tidak,Tidak,Ya,Ya
486,Kos Sakura Jakarta 0486,Jakarta,Kebayoran Baru,2900000,Putra,Ya,Ya,Tidak,Ya,Ya,Ya,Ya,Ya,Tidak,Tidak,Ya,Tidak,Ya
487,Kos Amanah Jakarta 0487,Jakarta,Kembangan,2950000,Campur,Ya,Ya,Ya,Ya,Ya,Ya,Tidak,Ya,Tidak,Ya,Tidak,Tidak,Ya
488,Kos Harmoni Jakarta 0488,Jakarta,Pasar Minggu,1900000,Putri,Ya,Ya,Ya,Ya,Ya,Tidak,Ya,Ya,Ya,Ya,Tidak,Ya,Ya
489,Kos Cendana Jakarta 0489,Jakarta,Tebet,1950000,Putri,Ya,Ya,Tidak,Ya,Ya,Ya,Tidak,Ya,Tidak,Ya,Tidak,Tidak,Ya
490,Kos Permata Jakarta 0490,Jakarta,Tebet,4000000,Putra,Ya,Ya,Tidak,Ya,Ya,Ya,Ya,Ya,Tidak,Tidak,Ya,Ya,Tidak
491,Kos Mawar Jakarta 0491,Jakarta,Kembangan,2200000,Campur,Ya,Ya,Tidak,Ya,Ya,Ya,Tidak,Ya,Tidak,Ya,Ya,Ya,Tidak
492,Kos Mawar Jakarta 0492,Jakarta,Kebayoran Baru,2600000,Putra,Ya,Tidak,Ya,Ya,Ya,Ya,Tidak,Ya,Tidak,Ya,Ya,Tidak,Ya
493,Kos Cendana Jakarta 0493,Jakarta,Tebet,2050000,Putra,Ya,Ya,Ya,Ya,Ya,Tidak,Ya,Ya,Ya,Ya,Tidak,Ya,Ya
494,Kos Sakura Jakarta 0494,Jakarta,Pasar Minggu,3450000,Campur,Ya,Ya,Ya,Ya,Ya,Ya,Tidak,Ya,Tidak,Ya,Ya,Ya,Ya
495,Kos Puspa Jakarta 0495,Jakarta,Pasar Minggu,2100000,Campur,Ya,Ya,Ya,Ya,Ya,Tidak,Ya,Ya,Tidak,Tidak,Tidak,Ya,Ya
496,Kos Puspa Jakarta 0496,Jakarta,Kebayoran Baru,2000000,Putri,Ya,Ya,Ya,Ya,Ya,Ya,Ya,Ya,Tidak,Ya,Tidak,Tidak,Ya
497,Kos Puspa Jakarta 0497,Jakarta,Kebayoran Baru,2150000,Putra,Ya,Ya,Tidak,Ya,Ya,Ya,Ya,Ya,Tidak,Tidak,Tidak,Ya,Ya
498,Kos Anggrek Jakarta 0498,Jakarta,Tebet,3350000,Putra,Ya,Tidak,Ya,Ya,Ya,Tidak,Ya,Tidak,Tidak,Tidak,Ya,Ya,Ya
499,Kos Kenanga Jakarta 0499,Jakarta,Pasar Minggu,3100000,Putri,Ya,Ya,Ya,Ya,Ya,Ya,Ya,Ya,Ya,Ya,Ya,Ya,Tidak
500,Kos Harmoni Jakarta 0500,Jakarta,Pasar Minggu,1900000,Campur,Ya,Ya,Ya,Ya,Ya,Ya,Ya,Ya,Tidak,Ya,Tidak,Tidak,Ya
501,Kos Cendana Jakarta 0501,Jakarta,Tebet,2750000,Putra,Ya,Tidak,Tidak,Ya,Ya,Ya,Tidak,Ya,Tidak,Ya,Tidak,Ya,Ya
502,Kos Wijaya Jakarta 0502,Jakarta,Tebet,2900000,Putri,Ya,Ya,Ya,Ya,Ya,Ya,Ya,Ya,Tidak,Ya,Tidak,Ya,Tidak
503,Kos Nusantara Jakarta 0503,Jakarta,Pasar Minggu,2450000,Putra,Ya,Ya,Tidak,Ya,Ya,Tidak,Ya,Ya,Tidak,Ya,Ya,Ya,Ya
504,Kos Wijaya Jakarta 0504,Jakarta,Kebayoran Baru,3200000,Putri,Ya,Tidak,Tidak,Ya,Ya,Tidak,Ya,Ya,Tidak,Tidak,Tidak,Tidak,Ya
505,Kos Wijaya Jakarta 0505,Jakarta,Setiabudi,2150000,Putra,Ya,Ya,Tidak,Ya,Ya,Ya,Ya,Ya,Ya,Tidak,Tidak,Ya,Ya
506,Kos Harmoni Jakarta 0506,Jakarta,Tebet,2150000,Putra,Ya,Ya,Ya,Ya,Ya,Ya,Tidak,Ya,Ya,Ya,Tidak,Ya,Ya
507,Kos Puspa Jakarta 0507,Jakarta,Tebet,3150000,Putra,Ya,Ya,Ya,Ya,Ya,Ya,Ya,Ya,Tidak,Ya,Tidak,Ya,Ya
508,Kos Sakura Jakarta 0508,Jakarta,Kembangan,2250000,Putra,Ya,Ya,Ya,Ya,Ya,Ya,Tidak,Ya,Tidak,Tidak,Tidak,Ya,Ya
509,Kos Permata Jakarta 0509,Jakarta,Kebayoran Baru,3700000,Putri,Ya,Ya,Ya,Ya,Ya,Ya,Ya,Ya,Ya,Tidak,Ya,Tidak,Ya
510,Kos Mawar Jakarta 0510,Jakarta,Kembangan,1550000,Putra,Ya,Tidak,Ya,Ya,Ya,Ya,Ya,Ya,Tidak,Tidak,Ya,Ya,Ya
511,Kos Melati Jakarta 0511,Jakarta,Kebayoran Baru,3250000,Putri,Ya,Tidak,Ya,Ya,Ya,Tidak,Ya,Ya,Ya,Tidak,Ya,Tidak,Ya
512,Kos Mawar Jakarta 0512,Jakarta,Setiabudi,1950000,Putri,Ya,Ya,Ya,Ya,Ya,Ya,Tidak,Ya,Ya,Ya,Tidak,Ya,Ya
513,Kos Amanah Jakarta 0513,Jakarta,Kebayoran Baru,3400000,Putra,Ya,Tidak,Tidak,Ya,Ya,Ya,Ya,Ya,Tidak,Tidak,Tidak,Ya,Ya
514,Kos Melati Jakarta 0514,Jakarta,Tebet,3800000,Putra,Ya,Tidak,Tidak,Ya,Ya,Ya,Ya,Ya,Tidak,Ya,Ya,Ya,Ya
515,Kos Wijaya Jakarta 0515,Jakarta,Setiabudi,1500000,Putri,Ya,Ya,Ya,Ya,Ya,Ya,Ya,Ya,Tidak,Ya,Ya,Ya,Ya
516,Kos Puspa Jakarta 0516,Jakarta,Tebet,2300000,Campur,Ya,Ya,Tidak,Ya,Ya,Ya,Ya,Ya,Tidak,Tidak,Tidak,Ya,Ya
517,Kos Anggrek Jakarta 0517,Jakarta,Kebayoran Baru,3400000,Campur,Ya,Tidak,Tidak,Ya,Ya,Tidak,Tidak,Ya,Tidak,Tidak,Ya,Tidak,Ya
518,Kos Melati Jakarta 0518,Jakarta,Kebayoran Baru,1900000,Putri,Ya,Ya,Tidak,Ya,Ya,Ya,Ya,Ya,Tidak,Ya,Ya,Ya,Ya
519,Kos Cendana Jakarta 0519,Jakarta,Kembangan,3550000,Campur,Ya,Ya,Ya,Ya,Ya,Tidak,Ya,Tidak,Tidak,Ya,Ya,Ya,Ya
520,Kos Cendana Jakarta 0520,Jakarta,Setiabudi,2050000,Putri,Ya,Ya,Tidak,Ya,Ya,Ya,Ya,Ya,Tidak,Tidak,Tidak,Ya,Tidak
521,Kos Melati Jakarta 0521,Jakarta,Kembangan,3800000,Putri,Ya,Tidak,Ya,Ya,Ya,Ya,Ya,Ya,Ya,Tidak,Tidak,Tidak,Ya
522,Kos Wijaya Jakarta 0522,Jakarta,Tebet,3000000,Putri,Ya,Ya,Ya,Ya,Ya,Ya,Ya,Tidak,Ya,Tidak,Tidak,Tidak,Ya
523,Kos Nusantara Jakarta 0523,Jakarta,Tebet,2300000,Putri,Ya,Tidak,Tidak,Ya,Ya,Tidak,Ya,Ya,Tidak,Tidak,Tidak,Ya,Ya
524,Kos Wijaya Jakarta 0524,Jakarta,Kembangan,2750000,Campur,Ya,Ya,Tidak,Ya,Ya,Ya,Tidak,Ya,Tidak,Ya,Tidak,Tidak,Ya
525,Kos Nusantara Jakarta 0525,Jakarta,Setiabudi,3100000,Putri,Ya,Ya,Tidak,Ya,Ya,Ya,Ya,Tidak,Tidak,Tidak,Ya,Ya,Ya
526,Kos Sakura Jakarta 0526,Jakarta,Setiabudi,3400000,Putri,Ya,Ya,Ya,Ya,Ya,Ya,Ya,Ya,Tidak,Ya,Tidak,Ya,Ya
527,Kos Cendana Jakarta 0527,Jakarta,Tebet,2850000,Putra,Ya,Ya,Tidak,Ya,Tidak,Tidak,Ya,Ya,Tidak,Tidak,Ya,Ya,Tidak
528,Kos Anggrek Jakarta 0528,Jakarta,Tebet,2350000,Putri,Ya,Tidak,Tidak,Ya,Ya,Tidak,Ya,Ya,Tidak,Tidak,Tidak,Ya,Ya
529,Kos Anggrek Jakarta 0529,Jakarta,Tebet,3750000,Putra,Tidak,Ya,Ya,Ya,Tidak,Tidak,Ya,Ya,Tidak,Tidak,Tidak,Tidak,Ya
530,Kos Puspa Jakarta 0530,Jakarta,Kebayoran Baru,3500000,Putra,Ya,Ya,Ya,Ya,Ya,Ya,Ya,Ya,Tidak,Ya,Tidak,Tidak,Ya
531,Kos Mawar Jakarta 0531,Jakarta,Kebayoran Baru,2150000,Putri,Ya,Ya,Ya,Ya,Ya,Ya,Ya,Ya,Ya,Ya,Tidak,Ya,Ya
532,Kos Anggrek Jakarta 0532,Jakarta,Kembangan,2700000,Putri,Ya,Ya,Tidak,Ya,Ya,Tidak,Ya,Ya,Tidak,Ya,Tidak,Tidak,Ya
533,Kos Harmoni Jakarta 0533,Jakarta,Setiabudi,2900000,Putri,Tidak,Tidak,Tidak,Ya,Ya,Tidak,Ya,Ya,Tidak,Ya,Ya,Ya,Tidak
534,Kos Amanah Jakarta 0534,Jakarta,Tebet,3400000,Putri,Ya,Ya,Ya,Ya,Ya,Tidak,Tidak,Ya,Ya,Ya,Ya,Tidak,Ya
535,Kos Cendana Jakarta 0535,Jakarta,Pasar Minggu,4000000,Campur,Ya,Tidak,Ya,Ya,Ya,Tidak,Ya,Ya,Tidak,Ya,Ya,Ya,Ya
536,Kos Harmoni Jakarta 0536,Jakarta,Tebet,3900000,Campur,Ya,Ya,Tidak,Ya,Ya,Ya,Ya,Ya,Ya,Ya,Ya,Ya,Ya
537,Kos Permata Jakarta 0537,Jakarta,Tebet,3200000,Putri,Ya,Ya,Tidak,Ya,Ya,Tidak,Ya,Ya,Tidak,Tidak,Tidak,Tidak,Ya
538,Kos Cendana Jakarta 0538,Jakarta,Kembangan,2200000,Putra,Ya,Tidak,Ya,Ya,Ya,Ya,Tidak,Ya,Tidak,Tidak,Tidak,Tidak,Ya
539,Kos Mawar Jakarta 0539,Jakarta,Pasar Minggu,3200000,Putra,Ya,Ya,Ya,Ya,Ya,Tidak,Tidak,Ya,Tidak,Tidak,Tidak,Ya,Ya
540,Kos Kenanga Jakarta 0540,Jakarta,Tebet,3050000,Putri,Ya,Ya,Tidak,Ya,Ya,Tidak,Ya,Ya,Tidak,Ya,Ya,Tidak,Ya
541,Kos Permata Jakarta 0541,Jakarta,Tebet,3050000,Putra,Ya,Ya,Tidak,Ya,Ya,Tidak,Ya,Ya,Tidak,Tidak,Ya,Tidak,Ya
542,Kos Nusantara Jakarta 0542,Jakarta,Kembangan,2450000,Campur,Tidak,Ya,Tidak,Ya,Ya,Ya,Tidak,Tidak,Ya,Tidak,Tidak,Tidak,Tidak
543,Kos Harmoni Jakarta 0543,Jakarta,Pasar Minggu,2750000,Putra,Ya,Tidak,Tidak,Ya,Ya,Ya,Tidak,Tidak,Tidak,Ya,Tidak,Ya,Ya
544,Kos Nusantara Jakarta 0544,Jakarta,Tebet,3850000,Putri,Ya,Tidak,Tidak,Ya,Ya,Tidak,Ya,Ya,Tidak,Ya,Tidak,Tidak,Ya
545,Kos Mawar Jakarta 0545,Jakarta,Kebayoran Baru,3100000,Putri,Ya,Tidak,Ya,Ya,Ya,Tidak,Ya,Tidak,Tidak,Ya,Ya,Ya,Ya
546,Kos Permata Jakarta 0546,Jakarta,Kebayoran Baru,3950000,Putri,Ya,Tidak,Tidak,Ya,Ya,Ya,Ya,Ya,Tidak,Tidak,Tidak,Ya,Ya
547,Kos Amanah Jakarta 0547,Jakarta,Setiabudi,3700000,Putri,Ya,Ya,Tidak,Ya,Ya,Ya,Ya,Ya,Tidak,Tidak,Ya,Ya,Tidak
548,Kos Mawar Jakarta 0548,Jakarta,Kembangan,3250000,Campur,Ya,Ya,Tidak,Ya,Ya,Ya,Ya,Ya,Ya,Tidak,Tidak,Ya,Ya
549,Kos Nusantara Jakarta 0549,Jakarta,Tebet,1500000,Putri,Ya,Ya,Ya,Ya,Ya,Ya,Tidak,Ya,Tidak,Ya,Tidak,Ya,Tidak
550,Kos Wijaya Jakarta 0550,Jakarta,Kebayoran Baru,2250000,Putra,Ya,Ya,Ya,Ya,Ya,Ya,Ya,Ya,Ya,Tidak,Tidak,Ya,Ya
551,Kos Melati Jakarta 0551,Jakarta,Kebayoran Baru,2250000,Putra,Tidak,Ya,Tidak,Ya,Ya,Ya,Ya,Ya,Tidak,Tidak,Ya,Ya,Ya
552,Kos Sakura Jakarta 0552,Jakarta,Kembangan,2950000,Putra,Ya,Tidak,Ya,Ya,Ya,Ya,Ya,Ya,Tidak,Ya,Tidak,Ya,Ya
553,Kos Puspa Jakarta 0553,Jakarta,Tebet,2800000,Campur,Ya,Ya,Tidak,Ya,Ya,Ya,Tidak,Tidak,Tidak,Ya,Ya,Ya,Ya
554,Kos Kenanga Jakarta 0554,Jakarta,Tebet,2200000,Putra,Ya,Tidak,Ya,Ya,Tidak,Ya,Ya,Ya,Tidak,Ya,Ya,Ya,Tidak
555,Kos Puspa Jakarta 0555,Jakarta,Setiabudi,3250000,Putra,Ya,Tidak,Ya,Ya,Tidak,Tidak,Ya,Ya,Tidak,Tidak,Tidak,Ya,Ya
556,Kos Kenanga Jakarta 0556,Jakarta,Kebayoran Baru,3650000,Putri,Ya,Ya,Ya,Ya,Ya,Ya,Tidak,Ya,Tidak,Tidak,Tidak,Ya,Ya
557,Kos Anggrek Jakarta 0557,Jakarta,Kembangan,3100000,Putra,Ya,Ya,Ya,Ya,Ya,Ya,Tidak,Tidak,Tidak,Ya,Tidak,Ya,Ya
558,Kos Harmoni Jakarta 0558,Jakarta,Kebayoran Baru,2000000,Putri,Tidak,Ya,Tidak,Ya,Ya,Ya,Tidak,Ya,Tidak,Tidak,Tidak,Ya,Ya
559,Kos Cendana Jakarta 0559,Jakarta,Kebayoran Baru,2750000,Putra,Ya,Ya,Tidak,Ya,Ya,Ya,Tidak,Ya,Tidak,Ya,Tidak,Ya,Ya
560,Kos Mawar Jakarta 0560,Jakarta,Pasar Minggu,2900000,Campur,Ya,Tidak,Ya,Ya,Ya,Ya,Ya,Tidak,Tidak,Tidak,Tidak,Tidak,Ya
561,Kos Permata Jakarta 0561,Jakarta,Tebet,3200000,Campur,Ya,Tidak,Tidak,Ya,Ya,Ya,Tidak,Ya,Tidak,Ya,Ya,Ya,Ya
562,Kos Amanah Jakarta 0562,Jakarta,Pasar Minggu,3050000,Putra,Ya,Ya,Tidak,Ya,Ya,Ya,Tidak,Ya,Tidak,Tidak,Tidak,Ya,Tidak
563,Kos Wijaya Jakarta 0563,Jakarta,Kebayoran Baru,3050000,Putra,Ya,Ya,Ya,Ya,Ya,Ya,Tidak,Ya,Ya,Ya,Ya,Ya,Tidak
564,Kos Nusantara Jakarta 0564,Jakarta,Kembangan,1500000,Putri,Ya,Ya,Ya,Ya,Ya,Ya,Tidak,Ya,Tidak,Tidak,Tidak,Ya,Ya
565,Kos Wijaya Jakarta 0565,Jakarta,Kembangan,3250000,Putri,Ya,Ya,Ya,Ya,Ya,Ya,Tidak,Ya,Ya,Ya,Tidak,Ya,Ya
566,Kos Anggrek Jakarta 0566,Jakarta,Pasar Minggu,1500000,Campur,Ya,Ya,Tidak,Ya,Ya,Ya,Tidak,Ya,Tidak,Ya,Tidak,Tidak,Ya
567,Kos Harmoni Jakarta 0567,Jakarta,Setiabudi,3950000,Putra,Ya,Ya,Ya,Ya,Tidak,Tidak,Ya,Ya,Tidak,Tidak,Ya,Ya,Ya
568,Kos Sakura Jakarta 0568,Jakarta,Tebet,1850000,Putra,Ya,Tidak,Tidak,Ya,Ya,Ya,Tidak,Ya,Tidak,Tidak,Ya,Tidak,Ya
569,Kos Amanah Jakarta 0569,Jakarta,Kebayoran Baru,3100000,Putri,Ya,Tidak,Tidak,Ya,Ya,Ya,Ya,Ya,Tidak,Ya,Tidak,Ya,Ya
570,Kos Kenanga Jakarta 0570,Jakarta,Pasar Minggu,1800000,Putri,Ya,Ya,Ya,Ya,Tidak,Ya,Ya,Ya,Ya,Ya,Tidak,Ya,Ya
571,Kos Puspa Jakarta 0571,Jakarta,Setiabudi,2250000,Putri,Ya,Ya,Ya,Ya,Ya,Ya,Tidak,Ya,Ya,Ya,Tidak,Tidak,Ya
572,Kos Melati Jakarta 0572,Jakarta,Pasar Minggu,3450000,Putra,Ya,Ya,Tidak,Ya,Ya,Tidak,Ya,Ya,Tidak,Tidak,Ya,Ya,Tidak
573,Kos Anggrek Jakarta 0573,Jakarta,Kembangan,3500000,Putri,Ya,Tidak,Ya,Ya,Ya,Ya,Ya,Ya,Tidak,Tidak,Tidak,Tidak,Tidak
574,Kos Nusantara Jakarta 0574,Jakarta,Tebet,3850000,Campur,Tidak,Ya,Ya,Ya,Ya,Ya,Ya,Ya,Tidak,Ya,Ya,Ya,Ya
575,Kos Puspa Jakarta 0575,Jakarta,Kebayoran Baru,4000000,Putri,Ya,Ya,Tidak,Ya,Ya,Ya,Ya,Ya,Tidak,Tidak,Ya,Ya,Ya
576,Kos Kenanga Jakarta 0576,Jakarta,Tebet,2350000,Campur,Ya,Tidak,Ya,Ya,Ya,Ya,Ya,Ya,Ya,Tidak,Ya,Ya,Tidak
577,Kos Sakura Jakarta 0577,Jakarta,Kembangan,3450000,Putra,Ya,Tidak,Tidak,Ya,Ya,Ya,Tidak,Ya,Tidak,Ya,Tidak,Tidak,Ya
578,Kos Nusantara Jakarta 0578,Jakarta,Kembangan,3550000,Putra,Tidak,Ya,Ya,Ya,Ya,Tidak,Ya,Ya,Ya,Tidak,Tidak,Tidak,Ya
579,Kos Sakura Jakarta 0579,Jakarta,Kembangan,1750000,Putri,Ya,Ya,Ya,Ya,Ya,Ya,Ya,Ya,Tidak,Ya,Ya,Tidak,Ya
580,Kos Sakura Jakarta 0580,Jakarta,Kebayoran Baru,2850000,Putra,Ya,Tidak,Ya,Ya,Ya,Tidak,Ya,Ya,Tidak,Tidak,Tidak,Ya,Ya
581,Kos Mawar Jakarta 0581,Jakarta,Tebet,2250000,Campur,Ya,Tidak,Ya,Ya,Ya,Tidak,Tidak,Ya,Tidak,Ya,Tidak,Tidak,Ya
582,Kos Amanah Jakarta 0582,Jakarta,Tebet,2450000,Putra,Ya,Tidak,Tidak,Ya,Ya,Ya,Tidak,Ya,Tidak,Tidak,Ya,Ya,Ya
583,Kos Mawar Jakarta 0583,Jakarta,Tebet,2850000,Putri,Ya,Ya,Tidak,Ya,Ya,Ya,Tidak,Ya,Tidak,Tidak,Tidak,Ya,Tidak
584,Kos Melati Jakarta 0584,Jakarta,Pasar Minggu,2550000,Putra,Ya,Ya,Tidak,Ya,Ya,Ya,Tidak,Ya,Tidak,Tidak,Ya,Tidak,Ya
585,Kos Anggrek Jakarta 0585,Jakarta,Kebayoran Baru,2350000,Campur,Tidak,Tidak,Tidak,Ya,Ya,Ya,Ya,Ya,Tidak,Ya,Tidak,Ya,Ya
586,Kos Amanah Jakarta 0586,Jakarta,Kebayoran Baru,1850000,Putri,Ya,Tidak,Tidak,Ya,Ya,Ya,Ya,Tidak,Ya,Tidak,Ya,Ya,Ya
587,Kos Permata Jakarta 0587,Jakarta,Tebet,2700000,Putri,Tidak,Ya,Ya,Ya,Tidak,Ya,Ya,Ya,Tidak,Tidak,Ya,Tidak,Ya
588,Kos Mawar Jakarta 0588,Jakarta,Tebet,1550000,Putri,Ya,Ya,Tidak,Ya,Ya,Ya,Ya,Ya,Tidak,Tidak,Tidak,Ya,Ya
589,Kos Wijaya Jakarta 0589,Jakarta,Tebet,2150000,Campur,Ya,Ya,Ya,Ya,Ya,Ya,Tidak,Ya,Ya,Ya,Tidak,Ya,Tidak
590,Kos Sakura Jakarta 0590,Jakarta,Kebayoran Baru,1950000,Putri,Ya,Ya,Tidak,Ya,Ya,Ya,Ya,Tidak,Tidak,Tidak,Tidak,Ya,Ya
591,Kos Permata Jakarta 0591,Jakarta,Kebayoran Baru,2400000,Putra,Ya,Ya,Tidak,Ya,Ya,Ya,Ya,Ya,Tidak,Tidak,Ya,Ya,Ya
592,Kos Kenanga Jakarta 0592,Jakarta,Tebet,2850000,Campur,Ya,Ya,Tidak,Ya,Ya,Ya,Ya,Ya,Tidak,Ya,Tidak,Ya,Ya
593,Kos Nusantara Jakarta 0593,Jakarta,Kembangan,3000000,Putra,Ya,Ya,Ya,Ya,Tidak,Tidak,Ya,Ya,Tidak,Tidak,Tidak,Ya,Ya
594,Kos Cendana Jakarta 0594,Jakarta,Kebayoran Baru,1700000,Putra,Ya,Tidak,Ya,Ya,Ya,Ya,Ya,Ya,Ya,Tidak,Tidak,Ya,Ya
595,Kos Melati Jakarta 0595,Jakarta,Setiabudi,1500000,Campur,Ya,Tidak,Ya,Ya,Ya,Tidak,Ya,Ya,Tidak,Ya,Tidak,Ya,Ya
596,Kos Sakura Jakarta 0596,Jakarta,Kebayoran Baru,3350000,Campur,Ya,Tidak,Tidak,Ya,Ya,Ya,Ya,Ya,Tidak,Ya,Tidak,Ya,Ya
597,Kos Nusantara Jakarta 0597,Jakarta,Tebet,3100000,Putri,Ya,Tidak,Ya,Ya,Ya,Ya,Ya,Ya,Tidak,Ya,Ya,Ya,Ya
598,Kos Harmoni Jakarta 0598,Jakarta,Pasar Minggu,3400000,Putra,Ya,Ya,Tidak,Ya,Ya,Tidak,Ya,Ya,Tidak,Ya,Tidak,Tidak,Ya
599,Kos Kenanga Jakarta 0599,Jakarta,Tebet,1700000,Putra,Ya,Ya,Tidak,Ya,Ya,Ya,Tidak,Ya,Tidak,Tidak,Ya,Ya,Ya
600,Kos Mawar Jakarta 0600,Jakarta,Setiabudi,2400000,Putri,Ya,Ya,Ya,Ya,Ya,Ya,Ya,Ya,Tidak,Tidak,Ya,Ya,Ya
601,Kos Puspa Jakarta 0601,Jakarta,Kebayoran Baru,3850000,Campur,Ya,Tidak,Ya,Ya,Ya,Tidak,Tidak,Ya,Tidak,Tidak,Ya,Tidak,Ya
602,Kos Cendana Jakarta 0602,Jakarta,Kembangan,1800000,Putra,Ya,Ya,Ya,Ya,Ya,Ya,Ya,Ya,Ya,Tidak,Tidak,Ya,Ya
603,Kos Mawar Jakarta 0603,Jakarta,Pasar Minggu,1950000,Campur,Ya,Tidak,Tidak,Ya,Ya,Ya,Ya,Ya,Tidak,Ya,Tidak,Ya,Ya
604,Kos Permata Jakarta 0604,Jakarta,Kembangan,2350000,Putra,Ya,Ya,Tidak,Ya,Tidak,Tidak,Ya,Ya,Tidak,Tidak,Ya,Ya,Ya
605,Kos Wijaya Jakarta 0605,Jakarta,Setiabudi,3900000,Putra,Ya,Ya,Ya,Ya,Ya,Tidak,Ya,Ya,Ya,Tidak,Ya,Ya,Tidak
606,Kos Harmoni Jakarta 0606,Jakarta,Kebayoran Baru,3800000,Putri,Ya,Tidak,Tidak,Ya,Ya,Tidak,Tidak,Ya,Tidak,Tidak,Tidak,Ya,Tidak
607,Kos Permata Jakarta 0607,Jakarta,Kembangan,2300000,Putri,Ya,Ya,Tidak,Ya,Ya,Tidak,Tidak,Ya,Ya,Ya,Ya,Tidak,Ya
608,Kos Wijaya Jakarta 0608,Jakarta,Tebet,2600000,Putra,Ya,Ya,Tidak,Ya,Ya,Ya,Tidak,Ya,Ya,Tidak,Ya,Ya,Ya
609,Kos Anggrek Jakarta 0609,Jakarta,Setiabudi,3200000,Putri,Ya,Ya,Tidak,Ya,Ya,Ya,Ya,Ya,Tidak,Ya,Tidak,Tidak,Ya
610,Kos Nusantara Jakarta 0610,Jakarta,Pasar Minggu,1800000,Campur,Tidak,Ya,Tidak,Ya,Ya,Ya,Ya,Ya,Tidak,Ya,Tidak,Ya,Ya
611,Kos Kenanga Jakarta 0611,Jakarta,Kembangan,2150000,Putra,Ya,Ya,Tidak,Ya,Ya,Ya,Ya,Ya,Tidak,Ya,Ya,Ya,Ya
612,Kos Anggrek Jakarta 0612,Jakarta,Tebet,3100000,Putra,Ya,Ya,Ya,Ya,Ya,Ya,Tidak,Ya,Tidak,Tidak,Tidak,Tidak,Ya
613,Kos Nusantara Jakarta 0613,Jakarta,Pasar Minggu,2500000,Putra,Ya,Ya,Tidak,Ya,Ya,Ya,Ya,Ya,Tidak,Ya,Ya,Ya,Ya
614,Kos Sakura Jakarta 0614,Jakarta,Kembangan,2500000,Putri,Tidak,Tidak,Ya,Ya,Tidak,Ya,Tidak,Ya,Tidak,Tidak,Ya,Ya,Tidak
615,Kos Melati Jakarta 0615,Jakarta,Kebayoran Baru,2850000,Putra,Ya,Ya,Tidak,Ya,Ya,Ya,Tidak,Ya,Tidak,Ya,Tidak,Tidak,Ya
616,Kos Permata Jakarta 0616,Jakarta,Tebet,2450000,Putra,Ya,Ya,Tidak,Ya,Ya,Tidak,Ya,Ya,Tidak,Tidak,Tidak,Tidak,Ya
617,Kos Puspa Jakarta 0617,Jakarta,Kebayoran Baru,1800000,Putra,Ya,Tidak,Tidak,Ya,Ya,Ya,Ya,Ya,Ya,Ya,Tidak,Tidak,Ya
618,Kos Wijaya Jakarta 0618,Jakarta,Kembangan,2500000,Putri,Ya,Ya,Ya,Ya,Ya,Tidak,Ya,Ya,Tidak,Ya,Tidak,Ya,Ya
619,Kos Mawar Jakarta 0619,Jakarta,Tebet,3150000,Putri,Ya,Ya,Ya,Ya,Ya,Ya,Tidak,Ya,Ya,Ya,Ya,Tidak,Ya
620,Kos Sakura Jakarta 0620,Jakarta,Setiabudi,2350000,Putri,Tidak,Ya,Ya,Ya,Ya,Ya,Ya,Ya,Ya,Ya,Ya,Ya,Ya
621,Kos Kenanga Jakarta 0621,Jakarta,Kembangan,1800000,Putri,Tidak,Ya,Tidak,Ya,Ya,Tidak,Ya,Ya,Tidak,Ya,Ya,Ya,Tidak
622,Kos Puspa Jakarta 0622,Jakarta,Setiabudi,2650000,Campur,Ya,Ya,Tidak,Ya,Tidak,Ya,Tidak,Ya,Tidak,Tidak,Tidak,Ya,Ya
623,Kos Anggrek Jakarta 0623,Jakarta,Kembangan,4000000,Putra,Ya,Ya,Tidak,Ya,Tidak,Ya,Ya,Ya,Tidak,Tidak,Tidak,Ya,Ya
624,Kos Melati Jakarta 0624,Jakarta,Kembangan,2400000,Putri,Ya,Ya,Ya,Ya,Ya,Ya,Ya,Ya,Tidak,Ya,Tidak,Ya,Ya
625,Kos Harmoni Jakarta 0625,Jakarta,Kebayoran Baru,3050000,Putri,Ya,Ya,Ya,Ya,Ya,Tidak,Tidak,Ya,Tidak,Ya,Tidak,Ya,Ya
626,Kos Kenanga Jakarta 0626,Jakarta,Tebet,2750000,Putra,Tidak,Ya,Ya,Ya,Ya,Ya,Ya,Ya,Tidak,Tidak,Tidak,Tidak,Tidak
627,Kos Amanah Jakarta 0627,Jakarta,Pasar Minggu,1650000,Putri,Ya,Ya,Ya,Ya,Ya,Ya,Tidak,Ya,Tidak,Ya,Ya,Ya,Ya
628,Kos Nusantara Jakarta 0628,Jakarta,Kembangan,2200000,Putra,Ya,Ya,Tidak,Ya,Tidak,Ya,Ya,Ya,Ya,Ya,Ya,Ya,Ya
629,Kos Anggrek Jakarta 0629,Jakarta,Pasar Minggu,4000000,Campur,Ya,Tidak,Ya,Ya,Ya,Tidak,Tidak,Ya,Tidak,Tidak,Ya,Tidak,Ya
630,Kos Cendana Jakarta 0630,Jakarta,Tebet,3300000,Putri,Ya,Ya,Ya,Ya,Ya,Ya,Tidak,Ya,Tidak,Tidak,Ya,Ya,Ya
631,Kos Nusantara Jakarta 0631,Jakarta,Kebayoran Baru,1700000,Campur,Ya,Ya,Tidak,Ya,Ya,Ya,Tidak,Ya,Tidak,Tidak,Ya,Ya,Tidak
632,Kos Amanah Jakarta 0632,Jakarta,Tebet,3100000,Putra,Ya,Ya,Ya,Ya,Ya,Ya,Ya,Ya,Tidak,Tidak,Tidak,Tidak,Ya
633,Kos Melati Jakarta 0633,Jakarta,Tebet,2950000,Campur,Ya,Tidak,Ya,Ya,Ya,Ya,Ya,Ya,Ya,Ya,Tidak,Tidak,Ya
634,Kos Cendana Jakarta 0634,Jakarta,Kembangan,3100000,Putra,Ya,Ya,Tidak,Ya,Ya,Ya,Tidak,Ya,Tidak,Tidak,Ya,Ya,Ya
635,Kos Mawar Jakarta 0635,Jakarta,Tebet,1850000,Putra,Ya,Ya,Ya,Ya,Ya,Tidak,Ya,Ya,Ya,Ya,Tidak,Ya,Ya
636,Kos Kenanga Jakarta 0636,Jakarta,Kembangan,2150000,Putra,Ya,Ya,Ya,Ya,Ya,Ya,Ya,Ya,Tidak,Ya,Ya,Tidak,Tidak
637,Kos Permata Jakarta 0637,Jakarta,Kebayoran Baru,2000000,Putra,Ya,Ya,Tidak,Ya,Ya,Ya,Ya,Ya,Tidak,Tidak,Tidak,Ya,Ya
638,Kos Puspa Jakarta 0638,Jakarta,Kebayoran Baru,3050000,Campur,Ya,Ya,Ya,Ya,Ya,Ya,Ya,Ya,Ya,Tidak,Tidak,Ya,Tidak
639,Kos Amanah Jakarta 0639,Jakarta,Setiabudi,3200000,Putra,Ya,Ya,Ya,Ya,Ya,Ya,Ya,Ya,Tidak,Tidak,Ya,Tidak,Ya
640,Kos Nusantara Jakarta 0640,Jakarta,Kebayoran Baru,1950000,Campur,Ya,Ya,Ya,Ya,Ya,Ya,Tidak,Ya,Tidak,Tidak,Tidak,Ya,Ya
641,Kos Kenanga Jakarta 0641,Jakarta,Pasar Minggu,2900000,Campur,Ya,Ya,Ya,Ya,Ya,Ya,Tidak,Tidak,Tidak,Tidak,Ya,Tidak,Ya
642,Kos Melati Jakarta 0642,Jakarta,Kembangan,4000000,Putri,Ya,Ya,Tidak,Ya,Ya,Ya,Ya,Tidak,Tidak,Ya,Tidak,Ya,Ya
643,Kos Kenanga Jakarta 0643,Jakarta,Kebayoran Baru,2400000,Putra,Tidak,Tidak,Ya,Ya,Tidak,Ya,Tidak,Ya,Ya,Tidak,Tidak,Ya,Ya
644,Kos Permata Jakarta 0644,Jakarta,Pasar Minggu,1950000,Campur,Ya,Ya,Tidak,Ya,Ya,Ya,Ya,Ya,Ya,Ya,Ya,Ya,Tidak
645,Kos Melati Jakarta 0645,Jakarta,Setiabudi,2450000,Putri,Ya,Ya,Tidak,Ya,Ya,Tidak,Ya,Ya,Tidak,Ya,Tidak,Ya,Ya
646,Kos Amanah Jakarta 0646,Jakarta,Pasar Minggu,2050000,Putri,Ya,Ya,Tidak,Ya,Ya,Ya,Tidak,Ya,Tidak,Ya,Ya,Ya,Tidak
647,Kos Cendana Jakarta 0647,Jakarta,Kebayoran Baru,3950000,Putri,Ya,Ya,Ya,Ya,Ya,Ya,Tidak,Ya,Tidak,Ya,Ya,Ya,Ya
648,Kos Mawar Jakarta 0648,Jakarta,Kembangan,3900000,Campur,Ya,Ya,Ya,Ya,Ya,Ya,Ya,Ya,Tidak,Ya,Tidak,Ya,Ya
649,Kos Permata Jakarta 0649,Jakarta,Pasar Minggu,3850000,Putri,Ya,Ya,Ya,Ya,Ya,Ya,Ya,Ya,Tidak,Ya,Ya,Ya,Ya
650,Kos Puspa Jakarta 0650,Jakarta,Tebet,1850000,Putra,Ya,Ya,Tidak,Ya,Tidak,Ya,Tidak,Ya,Ya,Tidak,Tidak,Tidak,Ya
651,Kos Harmoni Jakarta 0651,Jakarta,Pasar Minggu,2300000,Campur,Ya,Tidak,Tidak,Ya,Ya,Ya,Ya,Ya,Tidak,Tidak,Ya,Ya,Ya
652,Kos Kenanga Jakarta 0652,Jakarta,Setiabudi,3600000,Putra,Ya,Tidak,Tidak,Ya,Ya,Ya,Ya,Ya,Tidak,Ya,Tidak,Ya,Ya
653,Kos Mawar Jakarta 0653,Jakarta,Pasar Minggu,2900000,Putra,Ya,Ya,Ya,Ya,Ya,Tidak,Ya,Ya,Ya,Ya,Ya,Ya,Ya
654,Kos Melati Jakarta 0654,Jakarta,Tebet,3550000,Putra,Ya,Tidak,Ya,Ya,Ya,Ya,Tidak,Ya,Tidak,Tidak,Ya,Ya,Ya
655,Kos Puspa Jakarta 0655,Jakarta,Tebet,3300000,Putri,Ya,Ya,Ya,Ya,Ya,Ya,Tidak,Ya,Tidak,Ya,Tidak,Ya,Tidak
656,Kos Permata Jakarta 0656,Jakarta,Kebayoran Baru,3050000,Campur,Ya,Ya,Ya,Ya,Ya,Ya,Ya,Ya,Tidak,Ya,Ya,Tidak,Ya
657,Kos Puspa Jakarta 0657,Jakarta,Setiabudi,1850000,Putra,Ya,Tidak,Tidak,Ya,Ya,Tidak,Ya,Ya,Ya,Tidak,Tidak,Ya,Ya
658,Kos Amanah Jakarta 0658,Jakarta,Kembangan,3650000,Putra,Ya,Ya,Ya,Ya,Ya,Ya,Ya,Ya,Tidak,Ya,Tidak,Ya,Ya
659,Kos Wijaya Jakarta 0659,Jakarta,Pasar Minggu,3200000,Campur,Ya,Ya,Tidak,Ya,Ya,Ya,Ya,Ya,Tidak,Ya,Tidak,Tidak,Ya
660,Kos Melati Jakarta 0660,Jakarta,Kembangan,2850000,Putri,Ya,Tidak,Tidak,Ya,Ya,Ya,Ya,Ya,Tidak,Tidak,Ya,Tidak,Tidak
661,Kos Wijaya Jakarta 0661,Jakarta,Setiabudi,1700000,Campur,Ya,Ya,Ya,Ya,Ya,Ya,Ya,Ya,Tidak,Ya,Tidak,Ya,Ya
662,Kos Kenanga Jakarta 0662,Jakarta,Kebayoran Baru,1600000,Putra,Ya,Ya,Tidak,Ya,Ya,Ya,Ya,Ya,Tidak,Tidak,Tidak,Ya,Tidak
663,Kos Puspa Jakarta 0663,Jakarta,Kebayoran Baru,2600000,Campur,Ya,Ya,Tidak,Ya,Ya,Ya,Tidak,Tidak,Tidak,Tidak,Ya,Ya,Tidak
664,Kos Kenanga Jakarta 0664,Jakarta,Tebet,1550000,Campur,Tidak,Ya,Tidak,Ya,Ya,Ya,Tidak,Ya,Ya,Ya,Tidak,Ya,Ya
665,Kos Cendana Jakarta 0665,Jakarta,Tebet,1850000,Putri,Ya,Tidak,Ya,Ya,Ya,Ya,Tidak,Ya,Tidak,Ya,Ya,Ya,Ya
666,Kos Puspa Jakarta 0666,Jakarta,Kebayoran Baru,1500000,Campur,Ya,Tidak,Ya,Ya,Ya,Ya,Ya,Ya,Tidak,Ya,Tidak,Tidak,Ya
667,Kos Permata Jakarta 0667,Jakarta,Kebayoran Baru,1700000,Putra,Ya,Ya,Ya,Ya,Ya,Ya,Ya,Ya,Tidak,Tidak,Ya,Ya,Ya
668,Kos Kenanga Jakarta 0668,Jakarta,Setiabudi,3700000,Putri,Ya,Ya,Tidak,Ya,Ya,Tidak,Ya,Ya,Tidak,Tidak,Ya,Ya,Ya
669,Kos Nusantara Jakarta 0669,Jakarta,Tebet,1600000,Campur,Ya,Ya,Ya,Ya,Tidak,Ya,Ya,Ya,Tidak,Tidak,Ya,Ya,Ya
670,Kos Amanah Jakarta 0670,Jakarta,Kebayoran Baru,2700000,Putri,Ya,Ya,Ya,Ya,Ya,Ya,Ya,Ya,Tidak,Tidak,Ya,Ya,Ya
671,Kos Kenanga Jakarta 0671,Jakarta,Pasar Minggu,2150000,Campur,Ya,Ya,Ya,Ya,Ya,Ya,Ya,Ya,Tidak,Ya,Tidak,Tidak,Tidak
672,Kos Cendana Jakarta 0672,Jakarta,Kembangan,2850000,Putri,Ya,Tidak,Ya,Ya,Ya,Tidak,Tidak,Ya,Ya,Ya,Tidak,Ya,Tidak
673,Kos Cendana Jakarta 0673,Jakarta,Setiabudi,2550000,Putri,Ya,Ya,Ya,Ya,Ya,Tidak,Tidak,Ya,Ya,Tidak,Tidak,Ya,Ya
674,Kos Mawar Jakarta 0674,Jakarta,Kembangan,1500000,Putri,Ya,Ya,Ya,Ya,Ya,Ya,Tidak,Ya,Tidak,Tidak,Tidak,Tidak,Ya
675,Kos Kenanga Jakarta 0675,Jakarta,Setiabudi,3050000,Putra,Tidak,Ya,Tidak,Ya,Ya,Ya,Tidak,Ya,Tidak,Ya,Ya,Ya,Ya
676,Kos Nusantara Jakarta 0676,Jakarta,Setiabudi,2300000,Putra,Ya,Ya,Tidak,Ya,Ya,Ya,Ya,Ya,Tidak,Tidak,Ya,Ya,Ya
677,Kos Permata Jakarta 0677,Jakarta,Kembangan,1700000,Putri,Ya,Tidak,Tidak,Ya,Ya,Ya,Ya,Ya,Ya,Ya,Ya,Ya,Ya
678,Kos Sakura Jakarta 0678,Jakarta,Pasar Minggu,1550000,Putra,Ya,Ya,Ya,Ya,Ya,Ya,Ya,Ya,Tidak,Tidak,Tidak,Ya,Ya
679,Kos Permata Jakarta 0679,Jakarta,Kebayoran Baru,1700000,Campur,Ya,Ya,Tidak,Ya,Ya,Tidak,Tidak,Tidak,Tidak,Tidak,Tidak,Ya,Ya
680,Kos Anggrek Jakarta 0680,Jakarta,Setiabudi,2100000,Campur,Tidak,Ya,Tidak,Ya,Ya,Tidak,Ya,Ya,Tidak,Tidak,Tidak,Ya,Ya
681,Kos Anggrek Jakarta 0681,Jakarta,Pasar Minggu,3100000,Putra,Ya,Ya,Ya,Ya,Ya,Ya,Ya,Ya,Ya,Ya,Tidak,Tidak,Ya
682,Kos Puspa Jakarta 0682,Jakarta,Setiabudi,4000000,Putra,Ya,Ya,Ya,Ya,Ya,Ya,Tidak,Tidak,Tidak,Ya,Tidak,Ya,Ya
683,Kos Cendana Jakarta 0683,Jakarta,Kembangan,3850000,Putra,Ya,Ya,Ya,Ya,Tidak,Ya,Tidak,Ya,Tidak,Tidak,Ya,Ya,Ya
684,Kos Kenanga Jakarta 0684,Jakarta,Kebayoran Baru,2550000,Campur,Ya,Tidak,Ya,Ya,Ya,Ya,Ya,Ya,Tidak,Ya,Ya,Ya,Ya
685,Kos Amanah Jakarta 0685,Jakarta,Tebet,3800000,Putra,Ya,Ya,Tidak,Ya,Tidak,Ya,Tidak,Ya,Tidak,Ya,Ya,Tidak,Ya
686,Kos Melati Jakarta 0686,Jakarta,Tebet,2450000,Putri,Ya,Tidak,Tidak,Ya,Ya,Tidak,Ya,Ya,Tidak,Ya,Ya,Ya,Ya
687,Kos Nusantara Jakarta 0687,Jakarta,Tebet,2850000,Putri,Ya,Ya,Tidak,Ya,Ya,Tidak,Ya,Ya,Tidak,Tidak,Ya,Tidak,Tidak
688,Kos Harmoni Jakarta 0688,Jakarta,Setiabudi,1950000,Putra,Ya,Ya,Ya,Ya,Ya,Ya,Ya,Ya,Tidak,Ya,Tidak,Tidak,Ya
689,Kos Puspa Jakarta 0689,Jakarta,Kembangan,3800000,Putri,Ya,Ya,Ya,Ya,Ya,Ya,Tidak,Ya,Ya,Ya,Tidak,Ya,Ya
690,Kos Anggrek Jakarta 0690,Jakarta,Kebayoran Baru,3850000,Campur,Ya,Ya,Tidak,Ya,Ya,Tidak,Ya,Ya,Tidak,Ya,Ya,Ya,Ya
691,Kos Cendana Jakarta 0691,Jakarta,Setiabudi,2100000,Campur,Ya,Ya,Tidak,Ya,Ya,Ya,Ya,Ya,Tidak,Ya,Tidak,Ya,Tidak
692,Kos Nusantara Jakarta 0692,Jakarta,Kembangan,2400000,Putra,Ya,Tidak,Ya,Ya,Ya,Ya,Ya,Ya,Tidak,Tidak,Ya,Ya,Ya
693,Kos Permata Jakarta 0693,Jakarta,Pasar Minggu,2250000,Putri,Ya,Ya,Tidak,Ya,Ya,Ya,Ya,Ya,Tidak,Tidak,Ya,Ya,Ya
694,Kos Melati Jakarta 0694,Jakarta,Setiabudi,2800000,Campur,Ya,Ya,Ya,Ya,Ya,Ya,Ya,Ya,Tidak,Ya,Ya,Ya,Ya
695,Kos Wijaya Jakarta 0695,Jakarta,Tebet,1550000,Putra,Ya,Ya,Ya,Ya,Ya,Ya,Ya,Ya,Tidak,Tidak,Tidak,Tidak,Ya
696,Kos Nusantara Jakarta 0696,Jakarta,Tebet,2550000,Putri,Ya,Tidak,Tidak,Ya,Ya,Tidak,Ya,Ya,Tidak,Ya,Ya,Tidak,Ya
697,Kos Mawar Jakarta 0697,Jakarta,Kembangan,1750000,Campur,Ya,Ya,Ya,Ya,Ya,Ya,Tidak,Ya,Tidak,Tidak,Ya,Ya,Tidak
698,Kos Sakura Jakarta 0698,Jakarta,Setiabudi,2550000,Putri,Ya,Ya,Tidak,Ya,Ya,Ya,Ya,Ya,Tidak,Tidak,Ya,Ya,Ya
699,Kos Nusantara Jakarta 0699,Jakarta,Tebet,1600000,Putra,Ya,Ya,Ya,Ya,Ya,Tidak,Ya,Ya,Tidak,Ya,Ya,Ya,Ya
700,Kos Cendana Jakarta 0700,Jakarta,Pasar Minggu,1950000,Putra,Ya,Tidak,Tidak,Ya,Ya,Tidak,Ya,Ya,Ya,Tidak,Tidak,Ya,Ya
701,Kos Wijaya Jakarta 0701,Jakarta,Setiabudi,2850000,Putra,Ya,Ya,Tidak,Ya,Ya,Tidak,Ya,Ya,Tidak,Ya,Ya,Tidak,Ya
702,Kos Harmoni Jakarta 0702,Jakarta,Pasar Minggu,1550000,Putri,Tidak,Ya,Tidak,Ya,Ya,Ya,Ya,Ya,Tidak,Ya,Ya,Ya,Ya
703,Kos Sakura Jakarta 0703,Jakarta,Kembangan,3450000,Campur,Ya,Ya,Tidak,Ya,Ya,Ya,Tidak,Tidak,Ya,Ya,Tidak,Ya,Ya
704,Kos Kenanga Jakarta 0704,Jakarta,Tebet,3900000,Putri,Ya,Tidak,Tidak,Ya,Ya,Ya,Ya,Ya,Tidak,Ya,Tidak,Ya,Tidak
705,Kos Sakura Jakarta 0705,Jakarta,Kebayoran Baru,2000000,Putri,Ya,Ya,Tidak,Ya,Ya,Ya,Ya,Ya,Tidak,Tidak,Tidak,Ya,Ya
706,Kos Melati Jakarta 0706,Jakarta,Kembangan,2400000,Putri,Ya,Ya,Tidak,Ya,Ya,Tidak,Ya,Ya,Tidak,Ya,Tidak,Ya,Ya
707,Kos Amanah Jakarta 0707,Jakarta,Kembangan,2150000,Campur,Ya,Ya,Ya,Ya,Ya,Ya,Ya,Ya,Tidak,Tidak,Tidak,Ya,Ya
708,Kos Harmoni Jakarta 0708,Jakarta,Tebet,3700000,Putra,Tidak,Tidak,Tidak,Ya,Ya,Ya,Tidak,Ya,Tidak,Ya,Ya,Tidak,Ya
709,Kos Wijaya Jakarta 0709,Jakarta,Pasar Minggu,3800000,Putra,Ya,Ya,Tidak,Ya,Ya,Ya,Tidak,Ya,Tidak,Ya,Ya,Ya,Tidak
710,Kos Puspa Jakarta 0710,Jakarta,Kembangan,2550000,Putri,Ya,Ya,Ya,Ya,Ya,Ya,Ya,Ya,Tidak,Ya,Ya,Ya,Ya
711,Kos Sakura Jakarta 0711,Jakarta,Tebet,3000000,Campur,Ya,Ya,Tidak,Ya,Ya,Ya,Tidak,Ya,Ya,Ya,Ya,Tidak,Ya
712,Kos Amanah Jakarta 0712,Jakarta,Setiabudi,2450000,Campur,Ya,Tidak,Ya,Ya,Ya,Ya,Tidak,Ya,Tidak,Ya,Tidak,Ya,Ya
713,Kos Melati Jakarta 0713,Jakarta,Pasar Minggu,2850000,Putri,Ya,Ya,Tidak,Ya,Ya,Ya,Tidak,Ya,Ya,Ya,Ya,Ya,Ya
714,Kos Mawar Jakarta 0714,Jakarta,Tebet,2900000,Putri,Ya,Tidak,Tidak,Ya,Ya,Ya,Ya,Ya,Tidak,Tidak,Ya,Ya,Tidak
715,Kos Nusantara Jakarta 0715,Jakarta,Setiabudi,2350000,Putri,Ya,Ya,Ya,Ya,Ya,Tidak,Ya,Ya,Tidak,Tidak,Tidak,Ya,Tidak
716,Kos Mawar Jakarta 0716,Jakarta,Pasar Minggu,3750000,Putra,Tidak,Tidak,Tidak,Ya,Ya,Tidak,Tidak,Ya,Tidak,Tidak,Tidak,Tidak,Ya
717,Kos Puspa Jakarta 0717,Jakarta,Kebayoran Baru,2550000,Campur,Ya,Tidak,Ya,Ya,Ya,Tidak,Ya,Ya,Ya,Ya,Tidak,Tidak,Ya
718,Kos Cendana Jakarta 0718,Jakarta,Tebet,3800000,Putra,Ya,Ya,Tidak,Ya,Ya,Ya,Tidak,Ya,Tidak,Ya,Tidak,Ya,Ya
719,Kos Nusantara Jakarta 0719,Jakarta,Kebayoran Baru,3300000,Campur,Ya,Ya,Tidak,Ya,Ya,Ya,Tidak,Ya,Tidak,Ya,Tidak,Ya,Ya
720,Kos Harmoni Jakarta 0720,Jakarta,Setiabudi,3650000,Putri,Ya,Tidak,Ya,Ya,Ya,Ya,Ya,Ya,Ya,Ya,Tidak,Ya,Tidak
721,Kos Sakura Jakarta 0721,Jakarta,Setiabudi,2300000,Putri,Ya,Ya,Tidak,Ya,Ya,Ya,Tidak,Ya,Ya,Ya,Ya,Ya,Tidak
722,Kos Harmoni Jakarta 0722,Jakarta,Kembangan,2600000,Putri,Ya,Ya,Tidak,Ya,Ya,Ya,Ya,Ya,Tidak,Ya,Tidak,Ya,Ya
723,Kos Cendana Jakarta 0723,Jakarta,Tebet,3000000,Putra,Ya,Ya,Ya,Ya,Tidak,Ya,Tidak,Ya,Tidak,Ya,Ya,Ya,Tidak
724,Kos Melati Jakarta 0724,Jakarta,Tebet,2600000,Putra,Ya,Ya,Ya,Ya,Ya,Ya,Tidak,Ya,Tidak,Ya,Ya,Ya,Ya
725,Kos Permata Jakarta 0725,Jakarta,Kembangan,2450000,Putra,Ya,Ya,Ya,Ya,Ya,Ya,Ya,Ya,Tidak,Tidak,Ya,Ya,Ya
726,Kos Puspa Jakarta 0726,Jakarta,Pasar Minggu,2100000,Campur,Tidak,Ya,Tidak,Ya,Ya,Ya,Ya,Ya,Tidak,Tidak,Ya,Ya,Ya
727,Kos Harmoni Jakarta 0727,Jakarta,Tebet,2450000,Putra,Ya,Ya,Tidak,Ya,Ya,Ya,Ya,Ya,Ya,Ya,Ya,Ya,Ya
728,Kos Harmoni Jakarta 0728,Jakarta,Kembangan,3600000,Putri,Ya,Tidak,Ya,Ya,Ya,Ya,Ya,Ya,Ya,Ya,Ya,Ya,Ya
729,Kos Cendana Jakarta 0729,Jakarta,Kebayoran Baru,2600000,Putri,Ya,Ya,Tidak,Ya,Ya,Ya,Tidak,Ya,Tidak,Ya,Tidak,Tidak,Ya
730,Kos Sakura Jakarta 0730,Jakarta,Kembangan,2100000,Putra,Ya,Ya,Ya,Ya,Ya,Tidak,Ya,Ya,Tidak,Tidak,Tidak,Tidak,Ya
731,Kos Cendana Jakarta 0731,Jakarta,Kebayoran Baru,2950000,Campur,Ya,Ya,Ya,Ya,Ya,Ya,Ya,Ya,Tidak,Ya,Tidak,Ya,Ya
732,Kos Wijaya Jakarta 0732,Jakarta,Kebayoran Baru,2450000,Putri,Ya,Tidak,Tidak,Ya,Ya,Tidak,Ya,Ya,Tidak,Tidak,Ya,Ya,Ya
733,Kos Wijaya Jakarta 0733,Jakarta,Kebayoran Baru,1950000,Putra,Ya,Ya,Tidak,Ya,Ya,Ya,Tidak,Ya,Tidak,Tidak,Ya,Ya,Ya
734,Kos Puspa Jakarta 0734,Jakarta,Setiabudi,2300000,Putri,Tidak,Tidak,Ya,Ya,Ya,Ya,Tidak,Ya,Tidak,Ya,Tidak,Ya,Ya
735,Kos Wijaya Jakarta 0735,Jakarta,Tebet,2050000,Putra,Ya,Tidak,Ya,Ya,Ya,Ya,Ya,Ya,Tidak,Ya,Ya,Tidak,Ya
736,Kos Amanah Jakarta 0736,Jakarta,Kebayoran Baru,1700000,Putra,Ya,Tidak,Tidak,Ya,Ya,Ya,Tidak,Ya,Tidak,Tidak,Tidak,Tidak,Ya
737,Kos Nusantara Jakarta 0737,Jakarta,Setiabudi,3800000,Putri,Ya,Ya,Tidak,Ya,Ya,Ya,Ya,Ya,Tidak,Tidak,Ya,Ya,Ya
738,Kos Amanah Jakarta 0738,Jakarta,Tebet,3900000,Campur,Ya,Tidak,Ya,Ya,Ya,Ya,Ya,Ya,Tidak,Tidak,Ya,Tidak,Ya
739,Kos Kenanga Jakarta 0739,Jakarta,Setiabudi,2950000,Putri,Ya,Tidak,Ya,Ya,Ya,Ya,Ya,Ya,Tidak,Ya,Ya,Tidak,Ya
740,Kos Wijaya Jakarta 0740,Jakarta,Kembangan,3250000,Putra,Tidak,Ya,Ya,Ya,Ya,Ya,Ya,Ya,Tidak,Tidak,Tidak,Ya,Ya
741,Kos Permata Jakarta 0741,Jakarta,Kembangan,3250000,Campur,Ya,Ya,Ya,Ya,Ya,Tidak,Ya,Ya,Tidak,Ya,Ya,Tidak,Tidak
742,Kos Mawar Jakarta 0742,Jakarta,Setiabudi,3250000,Putri,Ya,Tidak,Tidak,Ya,Ya,Tidak,Ya,Ya,Ya,Tidak,Tidak,Ya,Ya
743,Kos Nusantara Jakarta 0743,Jakarta,Kembangan,3250000,Putri,Tidak,Ya,Tidak,Ya,Ya,Tidak,Ya,Ya,Ya,Ya,Ya,Tidak,Ya
744,Kos Wijaya Jakarta 0744,Jakarta,Kembangan,3900000,Putri,Ya,Ya,Tidak,Ya,Ya,Ya,Ya,Ya,Tidak,Tidak,Ya,Ya,Ya
745,Kos Wijaya Jakarta 0745,Jakarta,Kembangan,2100000,Putri,Ya,Ya,Tidak,Ya,Ya,Ya,Ya,Ya,Tidak,Ya,Tidak,Ya,Ya
746,Kos Anggrek Jakarta 0746,Jakarta,Kebayoran Baru,3850000,Putri,Ya,Ya,Tidak,Ya,Tidak,Ya,Tidak,Tidak,Tidak,Ya,Tidak,Ya,Ya
747,Kos Melati Jakarta 0747,Jakarta,Kebayoran Baru,2150000,Putri,Ya,Ya,Tidak,Ya,Ya,Tidak,Ya,Ya,Ya,Ya,Tidak,Ya,Ya
748,Kos Nusantara Jakarta 0748,Jakarta,Kebayoran Baru,1500000,Putri,Ya,Tidak,Ya,Ya,Ya,Ya,Ya,Ya,Tidak,Tidak,Tidak,Tidak,Ya
749,Kos Nusantara Jakarta 0749,Jakarta,Kebayoran Baru,2900000,Putri,Ya,Ya,Tidak,Ya,Ya,Ya,Tidak,Tidak,Tidak,Tidak,Tidak,Ya,Tidak
750,Kos Kenanga Jakarta 0750,Jakarta,Pasar Minggu,3900000,Campur,Ya,Ya,Ya,Ya,Ya,Tidak,Ya,Ya,Tidak,Tidak,Ya,Ya,Ya
751,Kos Kenanga Jakarta 0751,Jakarta,Setiabudi,2400000,Putri,Ya,Ya,Tidak,Ya,Ya,Ya,Ya,Ya,Tidak,Tidak,Ya,Ya,Ya
752,Kos Nusantara Jakarta 0752,Jakarta,Tebet,3300000,Putri,Ya,Ya,Ya,Ya,Ya,Ya,Ya,Ya,Ya,Tidak,Tidak,Ya,Ya
753,Kos Puspa Jakarta 0753,Jakarta,Kebayoran Baru,2300000,Putri,Ya,Ya,Ya,Ya,Ya,Ya,Ya,Ya,Tidak,Tidak,Ya,Ya,Ya
754,Kos Permata Jakarta 0754,Jakarta,Tebet,3150000,Putri,Ya,Tidak,Tidak,Ya,Ya,Tidak,Tidak,Ya,Tidak,Tidak,Tidak,Ya,Tidak
755,Kos Puspa Jakarta 0755,Jakarta,Kebayoran Baru,3850000,Campur,Ya,Ya,Tidak,Ya,Ya,Ya,Ya,Ya,Tidak,Tidak,Ya,Ya,Ya
756,Kos Melati Jakarta 0756,Jakarta,Kebayoran Baru,2900000,Putri,Ya,Ya,Ya,Ya,Ya,Ya,Ya,Ya,Tidak,Ya,Tidak,Ya,Ya
757,Kos Harmoni Jakarta 0757,Jakarta,Kebayoran Baru,1900000,Putri,Ya,Ya,Tidak,Ya,Ya,Ya,Ya,Ya,Tidak,Ya,Tidak,Ya,Ya
758,Kos Harmoni Jakarta 0758,Jakarta,Kebayoran Baru,3200000,Putri,Ya,Ya,Tidak,Ya,Ya,Ya,Ya,Ya,Tidak,Tidak,Ya,Ya,Ya
759,Kos Kenanga Jakarta 0759,Jakarta,Kembangan,3400000,Putra,Ya,Ya,Ya,Ya,Ya,Tidak,Tidak,Ya,Tidak,Tidak,Tidak,Tidak,Tidak
760,Kos Sakura Jakarta 0760,Jakarta,Kembangan,1500000,Putra,Ya,Ya,Tidak,Ya,Ya,Ya,Ya,Ya,Tidak,Tidak,Tidak,Ya,Ya
761,Kos Harmoni Jakarta 0761,Jakarta,Tebet,2450000,Putri,Tidak,Ya,Ya,Ya,Ya,Ya,Ya,Tidak,Tidak,Tidak,Tidak,Ya,Ya
762,Kos Sakura Jakarta 0762,Jakarta,Setiabudi,3150000,Campur,Ya,Ya,Ya,Ya,Ya,Ya,Ya,Ya,Ya,Tidak,Tidak,Tidak,Ya
763,Kos Amanah Jakarta 0763,Jakarta,Setiabudi,2850000,Putri,Ya,Tidak,Tidak,Ya,Ya,Tidak,Ya,Ya,Tidak,Ya,Ya,Ya,Ya
764,Kos Kenanga Jakarta 0764,Jakarta,Setiabudi,2650000,Putra,Ya,Ya,Tidak,Ya,Ya,Ya,Tidak,Ya,Tidak,Ya,Tidak,Ya,Ya
765,Kos Puspa Jakarta 0765,Jakarta,Kembangan,1600000,Campur,Ya,Ya,Tidak,Ya,Ya,Tidak,Ya,Ya,Tidak,Ya,Ya,Tidak,Tidak
766,Kos Amanah Jakarta 0766,Jakarta,Tebet,3850000,Putra,Ya,Tidak,Tidak,Ya,Ya,Tidak,Ya,Ya,Ya,Ya,Tidak,Ya,Ya
767,Kos Kenanga Jakarta 0767,Jakarta,Kebayoran Baru,1900000,Campur,Tidak,Tidak,Tidak,Ya,Ya,Ya,Ya,Ya,Tidak,Ya,Tidak,Ya,Ya
768,Kos Permata Jakarta 0768,Jakarta,Setiabudi,2300000,Putri,Ya,Tidak,Tidak,Ya,Ya,Tidak,Tidak,Ya,Tidak,Ya,Tidak,Ya,Ya
769,Kos Cendana Jakarta 0769,Jakarta,Setiabudi,4000000,Putri,Tidak,Ya,Tidak,Ya,Ya,Tidak,Tidak,Ya,Ya,Tidak,Ya,Ya,Tidak
770,Kos Permata Jakarta 0770,Jakarta,Tebet,3900000,Putra,Ya,Ya,Ya,Ya,Ya,Ya,Ya,Ya,Ya,Tidak,Tidak,Ya,Ya
771,Kos Wijaya Jakarta 0771,Jakarta,Kebayoran Baru,2750000,Putri,Ya,Tidak,Ya,Ya,Ya,Tidak,Ya,Ya,Ya,Tidak,Ya,Tidak,Ya
772,Kos Puspa Jakarta 0772,Jakarta,Setiabudi,3750000,Campur,Ya,Tidak,Ya,Ya,Ya,Ya,Ya,Ya,Tidak,Ya,Ya,Ya,Ya
773,Kos Harmoni Jakarta 0773,Jakarta,Tebet,2100000,Putra,Ya,Tidak,Ya,Ya,Ya,Ya,Ya,Ya,Tidak,Tidak,Tidak,Ya,Ya
774,Kos Nusantara Jakarta 0774,Jakarta,Tebet,2700000,Putra,Ya,Ya,Tidak,Ya,Ya,Ya,Ya,Ya,Tidak,Tidak,Ya,Ya,Ya
775,Kos Nusantara Jakarta 0775,Jakarta,Pasar Minggu,2600000,Putri,Ya,Ya,Tidak,Ya,Ya,Ya,Tidak,Ya,Tidak,Tidak,Ya,Ya,Tidak
776,Kos Anggrek Jakarta 0776,Jakarta,Setiabudi,2450000,Campur,Ya,Ya,Tidak,Ya,Ya,Ya,Ya,Ya,Tidak,Ya,Tidak,Ya,Tidak
777,Kos Sakura Jakarta 0777,Jakarta,Tebet,2050000,Putri,Ya,Tidak,Ya,Ya,Tidak,Ya,Tidak,Ya,Tidak,Tidak,Ya,Ya,Ya
778,Kos Cendana Jakarta 0778,Jakarta,Tebet,3850000,Campur,Ya,Ya,Tidak,Ya,Ya,Ya,Tidak,Ya,Tidak,Ya,Ya,Ya,Ya
779,Kos Mawar Jakarta 0779,Jakarta,Kembangan,1600000,Putri,Ya,Ya,Tidak,Ya,Ya,Ya,Ya,Ya,Tidak,Tidak,Tidak,Ya,Ya
780,Kos Amanah Jakarta 0780,Jakarta,Kembangan,3200000,Putri,Ya,Ya,Tidak,Ya,Ya,Tidak,Ya,Ya,Tidak,Ya,Ya,Ya,Tidak
781,Kos Puspa Jakarta 0781,Jakarta,Tebet,1900000,Putra,Ya,Tidak,Ya,Ya,Ya,Tidak,Ya,Ya,Tidak,Tidak,Tidak,Ya,Ya
782,Kos Amanah Jakarta 0782,Jakarta,Pasar Minggu,3150000,Putri,Ya,Tidak,Ya,Ya,Ya,Ya,Ya,Ya,Ya,Ya,Ya,Ya,Ya
783,Kos Sakura Jakarta 0783,Jakarta,Kebayoran Baru,1950000,Putri,Tidak,Ya,Tidak,Ya,Ya,Ya,Ya,Ya,Tidak,Tidak,Tidak,Ya,Ya
784,Kos Kenanga Jakarta 0784,Jakarta,Pasar Minggu,2900000,Putra,Ya,Ya,Ya,Ya,Ya,Ya,Tidak,Ya,Tidak,Tidak,Ya,Tidak,Ya
785,Kos Cendana Jakarta 0785,Jakarta,Setiabudi,1700000,Campur,Ya,Tidak,Tidak,Ya,Ya,Tidak,Ya,Ya,Tidak,Tidak,Tidak,Ya,Ya
786,Kos Melati Jakarta 0786,Jakarta,Pasar Minggu,2050000,Putri,Ya,Ya,Tidak,Ya,Ya,Tidak,Tidak,Ya,Tidak,Ya,Ya,Ya,Ya
787,Kos Cendana Jakarta 0787,Jakarta,Setiabudi,3200000,Putra,Tidak,Tidak,Ya,Ya,Ya,Ya,Ya,Ya,Tidak,Tidak,Ya,Tidak,Ya
788,Kos Harmoni Jakarta 0788,Jakarta,Setiabudi,1650000,Campur,Tidak,Ya,Ya,Ya,Ya,Ya,Tidak,Ya,Tidak,Tidak,Ya,Tidak,Ya
789,Kos Nusantara Jakarta 0789,Jakarta,Pasar Minggu,3400000,Campur,Tidak,Ya,Tidak,Ya,Tidak,Tidak,Ya,Ya,Tidak,Ya,Ya,Ya,Ya
790,Kos Anggrek Jakarta 0790,Jakarta,Kebayoran Baru,2200000,Campur,Ya,Ya,Ya,Ya,Ya,Tidak,Tidak,Tidak,Tidak,Tidak,Tidak,Ya,Ya
791,Kos Melati Jakarta 0791,Jakarta,Pasar Minggu,3000000,Putra,Ya,Tidak,Ya,Ya,Ya,Tidak,Ya,Ya,Tidak,Tidak,Ya,Ya,Ya
792,Kos Kenanga Jakarta 0792,Jakarta,Kebayoran Baru,3500000,Putri,Ya,Tidak,Tidak,Ya,Ya,Ya,Tidak,Ya,Tidak,Tidak,Tidak,Ya,Ya
793,Kos Permata Jakarta 0793,Jakarta,Kembangan,3700000,Campur,Ya,Tidak,Tidak,Ya,Ya,Tidak,Ya,Ya,Tidak,Tidak,Tidak,Ya,Tidak
794,Kos Melati Jakarta 0794,Jakarta,Kembangan,2250000,Putri,Ya,Ya,Tidak,Ya,Ya,Tidak,Ya,Ya,Tidak,Ya,Tidak,Tidak,Ya
795,Kos Melati Jakarta 0795,Jakarta,Pasar Minggu,4000000,Putri,Ya,Ya,Ya,Ya,Tidak,Tidak,Ya,Ya,Tidak,Tidak,Tidak,Ya,Ya
796,Kos Amanah Jakarta 0796,Jakarta,Pasar Minggu,3150000,Putra,Ya,Ya,Tidak,Ya,Ya,Ya,Tidak,Ya,Tidak,Tidak,Ya,Ya,Ya
797,Kos Amanah Jakarta 0797,Jakarta,Setiabudi,2600000,Campur,Ya,Tidak,Tidak,Ya,Ya,Tidak,Ya,Ya,Tidak,Ya,Ya,Ya,Ya
798,Kos Anggrek Jakarta 0798,Jakarta,Kembangan,3900000,Putra,Ya,Tidak,Ya,Ya,Ya,Ya,Ya,Tidak,Tidak,Tidak,Ya,Tidak,Ya
799,Kos Anggrek Jakarta 0799,Jakarta,Pasar Minggu,3050000,Putri,Ya,Tidak,Tidak,Ya,Ya,Ya,Tidak,Ya,Ya,Tidak,Ya,Tidak,Ya
800,Kos Cendana Jakarta 0800,Jakarta,Pasar Minggu,2400000,Campur,Ya,Ya,Tidak,Ya,Ya,Ya,Ya,Ya,Ya,Ya,Ya,Ya,Ya
801,Kos Wijaya Jakarta 0801,Jakarta,Kebayoran Baru,3850000,Campur,Ya,Ya,Tidak,Ya,Ya,Ya,Ya,Ya,Tidak,Ya,Tidak,Ya,Ya
802,Kos Harmoni Jakarta 0802,Jakarta,Tebet,2200000,Putri,Ya,Ya,Tidak,Ya,Ya,Tidak,Ya,Ya,Tidak,Tidak,Ya,Ya,Ya
803,Kos Wijaya Jakarta 0803,Jakarta,Pasar Minggu,2700000,Putri,Ya,Ya,Ya,Ya,Tidak,Tidak,Ya,Ya,Tidak,Tidak,Ya,Ya,Ya
804,Kos Nusantara Jakarta 0804,Jakarta,Tebet,4000000,Putri,Ya,Tidak,Tidak,Ya,Ya,Ya,Tidak,Tidak,Tidak,Ya,Tidak,Ya,Tidak
805,Kos Harmoni Jakarta 0805,Jakarta,Kembangan,2350000,Putri,Ya,Tidak,Tidak,Ya,Ya,Ya,Ya,Ya,Tidak,Tidak,Tidak,Ya,Ya
806,Kos Permata Jakarta 0806,Jakarta,Setiabudi,1700000,Campur,Ya,Ya,Tidak,Ya,Ya,Tidak,Ya,Ya,Tidak,Ya,Ya,Tidak,Ya
807,Kos Kenanga Jakarta 0807,Jakarta,Setiabudi,2200000,Putri,Ya,Ya,Tidak,Ya,Ya,Ya,Ya,Ya,Ya,Ya,Tidak,Ya,Ya
808,Kos Puspa Jakarta 0808,Jakarta,Kebayoran Baru,3150000,Putri,Ya,Tidak,Ya,Ya,Ya,Ya,Ya,Ya,Tidak,Tidak,Ya,Ya,Tidak
809,Kos Nusantara Jakarta 0809,Jakarta,Kembangan,2800000,Putri,Ya,Ya,Tidak,Ya,Ya,Tidak,Tidak,Ya,Tidak,Tidak,Ya,Ya,Ya
810,Kos Melati Jakarta 0810,Jakarta,Setiabudi,2900000,Campur,Ya,Tidak,Ya,Ya,Ya,Ya,Ya,Ya,Ya,Ya,Ya,Ya,Ya
811,Kos Puspa Jakarta 0811,Jakarta,Pasar Minggu,2650000,Campur,Ya,Ya,Tidak,Ya,Tidak,Ya,Ya,Ya,Tidak,Tidak,Ya,Ya,Ya
812,Kos Sakura Jakarta 0812,Jakarta,Pasar Minggu,1950000,Campur,Tidak,Ya,Tidak,Ya,Ya,Ya,Ya,Ya,Tidak,Tidak,Tidak,Tidak,Ya
813,Kos Melati Jakarta 0813,Jakarta,Kembangan,2100000,Putri,Ya,Ya,Tidak,Ya,Ya,Tidak,Ya,Tidak,Tidak,Ya,Tidak,Ya,Ya
814,Kos Amanah Jakarta 0814,Jakarta,Tebet,4000000,Putri,Tidak,Tidak,Tidak,Ya,Ya,Ya,Ya,Ya,Ya,Tidak,Ya,Ya,Ya
815,Kos Puspa Jakarta 0815,Jakarta,Pasar Minggu,3150000,Putri,Ya,Tidak,Tidak,Ya,Ya,Tidak,Tidak,Ya,Ya,Tidak,Tidak,Ya,Ya
816,Kos Puspa Jakarta 0816,Jakarta,Kembangan,2450000,Putri,Ya,Ya,Ya,Ya,Ya,Ya,Tidak,Ya,Tidak,Ya,Ya,Ya,Ya
817,Kos Mawar Jakarta 0817,Jakarta,Pasar Minggu,1550000,Putra,Ya,Ya,Tidak,Ya,Ya,Tidak,Ya,Ya,Tidak,Tidak,Tidak,Ya,Ya
818,Kos Melati Jakarta 0818,Jakarta,Kembangan,2050000,Campur,Ya,Ya,Tidak,Ya,Ya,Tidak,Tidak,Ya,Tidak,Ya,Ya,Ya,Tidak
819,Kos Anggrek Jakarta 0819,Jakarta,Tebet,2700000,Campur,Ya,Ya,Ya,Ya,Ya,Ya,Ya,Tidak,Ya,Tidak,Tidak,Ya,Ya
820,Kos Permata Jakarta 0820,Jakarta,Setiabudi,2800000,Putri,Ya,Tidak,Ya,Ya,Ya,Ya,Tidak,Ya,Tidak,Tidak,Tidak,Ya,Ya
821,Kos Harmoni Jakarta 0821,Jakarta,Kebayoran Baru,3500000,Putra,Ya,Ya,Ya,Ya,Ya,Tidak,Ya,Ya,Tidak,Ya,Tidak,Ya,Ya
822,Kos Kenanga Jakarta 0822,Jakarta,Kebayoran Baru,3900000,Putra,Ya,Tidak,Ya,Ya,Ya,Ya,Tidak,Tidak,Tidak,Tidak,Ya,Ya,Tidak
823,Kos Nusantara Jakarta 0823,Jakarta,Kebayoran Baru,2250000,Putri,Ya,Tidak,Tidak,Ya,Ya,Ya,Ya,Tidak,Tidak,Ya,Ya,Tidak,Ya
824,Kos Kenanga Jakarta 0824,Jakarta,Tebet,2600000,Putri,Ya,Tidak,Ya,Ya,Ya,Ya,Ya,Tidak,Tidak,Tidak,Ya,Ya,Ya
825,Kos Puspa Jakarta 0825,Jakarta,Pasar Minggu,2400000,Putri,Ya,Ya,Ya,Ya,Tidak,Ya,Ya,Ya,Tidak,Tidak,Ya,Ya,Ya
826,Kos Harmoni Jakarta 0826,Jakarta,Kebayoran Baru,2700000,Putra,Ya,Tidak,Ya,Ya,Ya,Ya,Ya,Ya,Ya,Tidak,Ya,Ya,Ya
827,Kos Permata Jakarta 0827,Jakarta,Pasar Minggu,2700000,Putri,Ya,Ya,Tidak,Ya,Ya,Tidak,Ya,Ya,Ya,Tidak,Tidak,Ya,Ya
828,Kos Sakura Jakarta 0828,Jakarta,Kembangan,2300000,Campur,Ya,Tidak,Tidak,Ya,Ya,Tidak,Ya,Ya,Ya,Tidak,Ya,Ya,Ya
829,Kos Wijaya Jakarta 0829,Jakarta,Kembangan,2950000,Putri,Ya,Ya,Tidak,Ya,Ya,Ya,Tidak,Ya,Ya,Ya,Tidak,Ya,Tidak
830,Kos Puspa Jakarta 0830,Jakarta,Setiabudi,2950000,Putri,Ya,Ya,Ya,Ya,Ya,Ya,Tidak,Ya,Ya,Ya,Ya,Tidak,Ya
831,Kos Harmoni Jakarta 0831,Jakarta,Setiabudi,3250000,Campur,Ya,Ya,Tidak,Ya,Ya,Ya,Ya,Ya,Tidak,Tidak,Tidak,Ya,Ya
832,Kos Puspa Jakarta 0832,Jakarta,Tebet,1950000,Putri,Ya,Tidak,Ya,Ya,Tidak,Ya,Ya,Ya,Ya,Tidak,Tidak,Tidak,Ya
833,Kos Mawar Jakarta 0833,Jakarta,Kebayoran Baru,2550000,Campur,Ya,Tidak,Ya,Ya,Ya,Ya,Tidak,Ya,Tidak,Tidak,Tidak,Tidak,Ya
834,Kos Kenanga Jakarta 0834,Jakarta,Setiabudi,1800000,Campur,Ya,Tidak,Ya,Ya,Ya,Ya,Tidak,Ya,Tidak,Tidak,Tidak,Ya,Ya
835,Kos Melati Jakarta 0835,Jakarta,Tebet,2900000,Putra,Ya,Tidak,Ya,Ya,Ya,Tidak,Ya,Ya,Tidak,Tidak,Ya,Tidak,Ya
836,Kos Amanah Jakarta 0836,Jakarta,Pasar Minggu,2600000,Campur,Ya,Tidak,Ya,Ya,Ya,Tidak,Ya,Tidak,Tidak,Ya,Tidak,Ya,Ya
837,Kos Nusantara Jakarta 0837,Jakarta,Kebayoran Baru,2600000,Putri,Tidak,Tidak,Ya,Ya,Ya,Ya,Ya,Ya,Tidak,Tidak,Tidak,Tidak,Ya
838,Kos Mawar Jakarta 0838,Jakarta,Tebet,3700000,Putra,Ya,Ya,Tidak,Ya,Ya,Ya,Tidak,Ya,Tidak,Tidak,Tidak,Ya,Tidak
839,Kos Mawar Jakarta 0839,Jakarta,Setiabudi,2700000,Putra,Ya,Ya,Ya,Ya,Ya,Tidak,Ya,Ya,Tidak,Ya,Tidak,Ya,Ya
840,Kos Kenanga Jakarta 0840,Jakarta,Pasar Minggu,2100000,Putri,Ya,Ya,Tidak,Ya,Ya,Ya,Ya,Ya,Tidak,Ya,Tidak,Ya,Ya
841,Kos Anggrek Jakarta 0841,Jakarta,Kebayoran Baru,1950000,Putri,Ya,Tidak,Tidak,Ya,Ya,Ya,Ya,Ya,Ya,Tidak,Tidak,Ya,Ya
842,Kos Anggrek Jakarta 0842,Jakarta,Kebayoran Baru,3450000,Putra,Ya,Ya,Ya,Ya,Ya,Tidak,Ya,Ya,Ya,Tidak,Tidak,Tidak,Ya
843,Kos Cendana Jakarta 0843,Jakarta,Tebet,3000000,Campur,Ya,Ya,Tidak,Ya,Ya,Ya,Tidak,Ya,Tidak,Ya,Ya,Ya,Ya
844,Kos Cendana Jakarta 0844,Jakarta,Pasar Minggu,2100000,Putri,Ya,Ya,Tidak,Ya,Ya,Tidak,Ya,Ya,Tidak,Tidak,Ya,Tidak,Ya
845,Kos Anggrek Jakarta 0845,Jakarta,Tebet,3150000,Putra,Ya,Ya,Ya,Ya,Ya,Tidak,Ya,Ya,Tidak,Tidak,Tidak,Ya,Ya
846,Kos Amanah Jakarta 0846,Jakarta,Kebayoran Baru,3850000,Putri,Ya,Tidak,Ya,Ya,Ya,Ya,Ya,Ya,Ya,Tidak,Ya,Ya,Tidak
847,Kos Kenanga Jakarta 0847,Jakarta,Kembangan,2500000,Putri,Ya,Tidak,Tidak,Ya,Ya,Ya,Tidak,Ya,Tidak,Ya,Ya,Tidak,Ya
848,Kos Sakura Jakarta 0848,Jakarta,Tebet,3850000,Campur,Ya,Ya,Ya,Ya,Ya,Ya,Tidak,Ya,Tidak,Tidak,Ya,Tidak,Ya
849,Kos Sakura Jakarta 0849,Jakarta,Tebet,1800000,Putra,Ya,Ya,Ya,Ya,Ya,Tidak,Tidak,Ya,Ya,Tidak,Tidak,Ya,Ya
850,Kos Sakura Jakarta 0850,Jakarta,Kembangan,3600000,Putra,Ya,Ya,Ya,Ya,Ya,Ya,Tidak,Ya,Tidak,Ya,Tidak,Ya,Ya
851,Kos Permata Jakarta 0851,Jakarta,Setiabudi,3650000,Putri,Tidak,Ya,Ya,Ya,Ya,Ya,Ya,Tidak,Tidak,Ya,Ya,Ya,Ya
852,Kos Anggrek Jakarta 0852,Jakarta,Tebet,2500000,Putri,Ya,Ya,Tidak,Ya,Ya,Ya,Tidak,Ya,Tidak,Ya,Ya,Ya,Ya
853,Kos Puspa Jakarta 0853,Jakarta,Tebet,2250000,Putri,Ya,Ya,Ya,Ya,Ya,Tidak,Tidak,Ya,Tidak,Tidak,Tidak,Tidak,Ya
854,Kos Amanah Jakarta 0854,Jakarta,Kembangan,3950000,Putra,Ya,Ya,Tidak,Ya,Ya,Tidak,Ya,Ya,Tidak,Tidak,Tidak,Tidak,Ya
855,Kos Amanah Jakarta 0855,Jakarta,Setiabudi,3400000,Campur,Ya,Tidak,Ya,Ya,Ya,Ya,Ya,Ya,Tidak,Tidak,Tidak,Tidak,Tidak
856,Kos Nusantara Jakarta 0856,Jakarta,Kebayoran Baru,2450000,Putra,Ya,Tidak,Ya,Ya,Ya,Ya,Ya,Ya,Tidak,Tidak,Tidak,Ya,Ya
857,Kos Melati Jakarta 0857,Jakarta,Setiabudi,2950000,Putra,Ya,Ya,Tidak,Ya,Ya,Ya,Ya,Ya,Ya,Tidak,Tidak,Ya,Ya
858,Kos Permata Jakarta 0858,Jakarta,Kembangan,3550000,Putra,Ya,Ya,Ya,Ya,Ya,Tidak,Ya,Ya,Tidak,Ya,Ya,Tidak,Ya
859,Kos Sakura Jakarta 0859,Jakarta,Tebet,1800000,Putri,Ya,Ya,Tidak,Ya,Ya,Ya,Tidak,Ya,Tidak,Tidak,Tidak,Ya,Tidak
860,Kos Sakura Jakarta 0860,Jakarta,Pasar Minggu,1750000,Campur,Tidak,Ya,Tidak,Ya,Tidak,Ya,Ya,Ya,Tidak,Tidak,Tidak,Ya,Ya
861,Kos Harmoni Jakarta 0861,Jakarta,Tebet,1900000,Putri,Ya,Ya,Tidak,Ya,Ya,Ya,Tidak,Ya,Ya,Tidak,Ya,Ya,Ya
862,Kos Puspa Jakarta 0862,Jakarta,Kembangan,1500000,Putra,Ya,Tidak,Tidak,Ya,Ya,Tidak,Ya,Ya,Tidak,Tidak,Ya,Ya,Ya
863,Kos Harmoni Jakarta 0863,Jakarta,Pasar Minggu,2300000,Putra,Ya,Tidak,Tidak,Ya,Ya,Ya,Ya,Ya,Tidak,Tidak,Ya,Ya,Ya
864,Kos Nusantara Jakarta 0864,Jakarta,Tebet,2100000,Campur,Ya,Ya,Ya,Ya,Ya,Ya,Ya,Ya,Tidak,Ya,Ya,Ya,Ya
865,Kos Mawar Jakarta 0865,Jakarta,Setiabudi,1500000,Putra,Ya,Ya,Tidak,Ya,Ya,Ya,Ya,Ya,Tidak,Ya,Tidak,Tidak,Ya
866,Kos Permata Jakarta 0866,Jakarta,Tebet,1700000,Putri,Ya,Ya,Tidak,Ya,Ya,Ya,Ya,Ya,Tidak,Tidak,Tidak,Ya,Ya
867,Kos Harmoni Jakarta 0867,Jakarta,Kembangan,3850000,Campur,Ya,Tidak,Tidak,Ya,Ya,Tidak,Tidak,Ya,Tidak,Tidak,Ya,Ya,Ya
868,Kos Nusantara Jakarta 0868,Jakarta,Kebayoran Baru,3000000,Putra,Ya,Ya,Ya,Ya,Ya,Tidak,Ya,Ya,Tidak,Tidak,Tidak,Ya,Tidak
869,Kos Wijaya Jakarta 0869,Jakarta,Kebayoran Baru,1600000,Putri,Ya,Tidak,Ya,Ya,Ya,Ya,Ya,Ya,Tidak,Ya,Tidak,Ya,Ya
870,Kos Kenanga Jakarta 0870,Jakarta,Tebet,2250000,Putri,Ya,Ya,Tidak,Ya,Ya,Ya,Ya,Ya,Tidak,Ya,Tidak,Tidak,Ya
871,Kos Anggrek Jakarta 0871,Jakarta,Kembangan,3000000,Putri,Ya,Tidak,Ya,Ya,Ya,Tidak,Ya,Ya,Tidak,Tidak,Tidak,Ya,Ya
872,Kos Permata Jakarta 0872,Jakarta,Kembangan,3650000,Putri,Ya,Tidak,Tidak,Ya,Ya,Ya,Tidak,Ya,Tidak,Ya,Tidak,Tidak,Ya
873,Kos Permata Jakarta 0873,Jakarta,Tebet,3400000,Putra,Ya,Ya,Tidak,Ya,Ya,Ya,Ya,Ya,Tidak,Tidak,Ya,Ya,Ya
874,Kos Cendana Jakarta 0874,Jakarta,Kebayoran Baru,3300000,Putra,Ya,Tidak,Tidak,Ya,Ya,Tidak,Tidak,Ya,Tidak,Tidak,Tidak,Tidak,Ya
875,Kos Wijaya Jakarta 0875,Jakarta,Tebet,3300000,Putri,Tidak,Ya,Ya,Ya,Ya,Ya,Ya,Ya,Tidak,Tidak,Tidak,Ya,Ya
876,Kos Sakura Jakarta 0876,Jakarta,Kebayoran Baru,3700000,Campur,Ya,Tidak,Ya,Ya,Ya,Ya,Tidak,Ya,Ya,Ya,Tidak,Ya,Ya
877,Kos Kenanga Jakarta 0877,Jakarta,Kembangan,1850000,Putri,Ya,Ya,Tidak,Ya,Ya,Ya,Tidak,Ya,Ya,Ya,Ya,Tidak,Ya
878,Kos Mawar Jakarta 0878,Jakarta,Kembangan,2500000,Putri,Ya,Ya,Tidak,Ya,Ya,Ya,Ya,Ya,Tidak,Ya,Tidak,Ya,Ya
879,Kos Amanah Jakarta 0879,Jakarta,Kebayoran Baru,3000000,Putra,Ya,Ya,Tidak,Ya,Ya,Tidak,Ya,Ya,Tidak,Tidak,Tidak,Tidak,Ya
880,Kos Amanah Jakarta 0880,Jakarta,Tebet,3450000,Putri,Ya,Ya,Tidak,Ya,Ya,Ya,Ya,Ya,Tidak,Ya,Ya,Ya,Ya
881,Kos Mawar Jakarta 0881,Jakarta,Setiabudi,3350000,Putra,Ya,Ya,Tidak,Ya,Ya,Tidak,Ya,Ya,Tidak,Tidak,Ya,Tidak,Ya
882,Kos Wijaya Jakarta 0882,Jakarta,Tebet,3950000,Putri,Ya,Ya,Ya,Ya,Ya,Ya,Ya,Ya,Tidak,Tidak,Ya,Ya,Ya
883,Kos Puspa Jakarta 0883,Jakarta,Pasar Minggu,1550000,Putri,Ya,Ya,Tidak,Ya,Ya,Ya,Tidak,Ya,Tidak,Ya,Ya,Ya,Tidak
884,Kos Kenanga Jakarta 0884,Jakarta,Setiabudi,3000000,Putri,Ya,Tidak,Ya,Ya,Ya,Ya,Tidak,Ya,Tidak,Ya,Tidak,Ya,Ya
885,Kos Permata Jakarta 0885,Jakarta,Tebet,3350000,Putri,Tidak,Tidak,Tidak,Ya,Ya,Ya,Ya,Ya,Tidak,Tidak,Ya,Ya,Ya
886,Kos Sakura Jakarta 0886,Jakarta,Setiabudi,2250000,Campur,Ya,Ya,Ya,Ya,Ya,Ya,Ya,Ya,Tidak,Ya,Tidak,Ya,Ya
887,Kos Melati Jakarta 0887,Jakarta,Kembangan,3100000,Campur,Ya,Ya,Ya,Ya,Ya,Ya,Ya,Ya,Tidak,Tidak,Ya,Ya,Ya
888,Kos Harmoni Jakarta 0888,Jakarta,Setiabudi,2750000,Putri,Ya,Ya,Tidak,Ya,Ya,Ya,Tidak,Ya,Tidak,Tidak,Ya,Ya,Ya
889,Kos Melati Jakarta 0889,Jakarta,Kembangan,3400000,Putra,Ya,Ya,Tidak,Ya,Ya,Tidak,Ya,Ya,Tidak,Tidak,Ya,Ya,Ya
890,Kos Anggrek Jakarta 0890,Jakarta,Setiabudi,3000000,Putri,Ya,Ya,Tidak,Ya,Ya,Ya,Ya,Ya,Tidak,Tidak,Tidak,Ya,Ya
891,Kos Cendana Jakarta 0891,Jakarta,Pasar Minggu,3500000,Putra,Ya,Tidak,Tidak,Ya,Ya,Tidak,Ya,Ya,Tidak,Ya,Ya,Ya,Ya
892,Kos Permata Jakarta 0892,Jakarta,Kembangan,2350000,Putra,Ya,Tidak,Tidak,Ya,Ya,Ya,Tidak,Ya,Ya,Ya,Tidak,Ya,Ya
893,Kos Puspa Jakarta 0893,Jakarta,Pasar Minggu,2050000,Putra,Ya,Ya,Tidak,Ya,Ya,Ya,Tidak,Ya,Tidak,Ya,Tidak,Ya,Ya
894,Kos Amanah Jakarta 0894,Jakarta,Pasar Minggu,2550000,Putra,Ya,Ya,Ya,Ya,Ya,Ya,Ya,Ya,Tidak,Ya,Ya,Ya,Tidak
895,Kos Kenanga Jakarta 0895,Jakarta,Pasar Minggu,3300000,Putri,Ya,Ya,Tidak,Ya,Ya,Tidak,Ya,Ya,Tidak,Tidak,Ya,Tidak,Ya
896,Kos Melati Jakarta 0896,Jakarta,Setiabudi,1800000,Putri,Ya,Tidak,Tidak,Ya,Ya,Ya,Ya,Ya,Ya,Ya,Tidak,Tidak,Ya
897,Kos Harmoni Jakarta 0897,Jakarta,Tebet,3450000,Putri,Ya,Tidak,Tidak,Ya,Ya,Ya,Tidak,Ya,Ya,Ya,Tidak,Ya,Ya
898,Kos Sakura Jakarta 0898,Jakarta,Kebayoran Baru,3300000,Putri,Ya,Tidak,Ya,Ya,Ya,Ya,Ya,Ya,Ya,Tidak,Ya,Ya,Ya
899,Kos Kenanga Jakarta 0899,Jakarta,Kembangan,3350000,Campur,Tidak,Ya,Tidak,Ya,Ya,Tidak,Ya,Ya,Ya,Ya,Ya,Ya,Ya
900,Kos Harmoni Jakarta 0900,Jakarta,Kembangan,2850000,Campur,Ya,Ya,Ya,Ya,Ya,Ya,Ya,Ya,Tidak,Tidak,Tidak,Ya,Ya
901,Kos Harmoni Depok 0901,Depok,Pancoran Mas,1700000,Putri,Ya,Ya,Tidak,Ya,Ya,Tidak,Ya,Ya,Tidak,Tidak,Tidak,Ya,Tidak
902,Kos Puspa Depok 0902,Depok,Sukmajaya,1850000,Putri,Ya,Tidak,Tidak,Ya,Ya,Tidak,Tidak,Ya,Tidak,Tidak,Ya,Ya,Ya
903,Kos Puspa Depok 0903,Depok,Sawangan,1300000,Campur,Ya,Tidak,Tidak,Ya,Ya,Ya,Ya,Ya,Tidak,Ya,Ya,Tidak,Ya
904,Kos Wijaya Depok 0904,Depok,Sukmajaya,1250000,Putra,Tidak,Ya,Tidak,Ya,Ya,Tidak,Ya,Ya,Ya,Ya,Tidak,Ya,Ya
905,Kos Sakura Depok 0905,Depok,Pancoran Mas,750000,Campur,Ya,Tidak,Ya,Ya,Ya,Ya,Tidak,Ya,Tidak,Tidak,Ya,Ya,Tidak
906,Kos Harmoni Depok 0906,Depok,Beji,1700000,Campur,Ya,Tidak,Ya,Ya,Ya,Tidak,Ya,Ya,Tidak,Tidak,Tidak,Ya,Tidak
907,Kos Kenanga Depok 0907,Depok,Cimanggis,1450000,Putri,Ya,Ya,Ya,Ya,Ya,Ya,Ya,Ya,Ya,Ya,Tidak,Tidak,Ya
908,Kos Nusantara Depok 0908,Depok,Cimanggis,2350000,Putri,Ya,Tidak,Ya,Ya,Ya,Ya,Tidak,Ya,Tidak,Tidak,Tidak,Tidak,Ya
909,Kos Melati Depok 0909,Depok,Sawangan,1850000,Campur,Ya,Ya,Tidak,Ya,Ya,Tidak,Ya,Ya,Tidak,Ya,Tidak,Ya,Ya
910,Kos Nusantara Depok 0910,Depok,Pancoran Mas,1650000,Putri,Ya,Tidak,Ya,Ya,Ya,Ya,Ya,Ya,Ya,Tidak,Tidak,Ya,Ya
911,Kos Permata Depok 0911,Depok,Beji,1600000,Putri,Ya,Tidak,Tidak,Ya,Ya,Ya,Tidak,Ya,Ya,Ya,Tidak,Ya,Ya
912,Kos Anggrek Depok 0912,Depok,Pancoran Mas,1650000,Campur,Ya,Tidak,Tidak,Ya,Ya,Ya,Ya,Ya,Tidak,Ya,Tidak,Tidak,Ya
913,Kos Puspa Depok 0913,Depok,Sukmajaya,1600000,Putri,Ya,Tidak,Ya,Ya,Ya,Ya,Ya,Ya,Tidak,Ya,Ya,Tidak,Ya
914,Kos Wijaya Depok 0914,Depok,Sukmajaya,2100000,Putri,Ya,Tidak,Tidak,Ya,Ya,Ya,Ya,Ya,Tidak,Tidak,Tidak,Tidak,Ya
915,Kos Sakura Depok 0915,Depok,Cimanggis,2450000,Putri,Ya,Ya,Tidak,Ya,Ya,Ya,Ya,Ya,Ya,Ya,Ya,Ya,Ya
916,Kos Permata Depok 0916,Depok,Cimanggis,1750000,Putri,Tidak,Ya,Tidak,Ya,Ya,Ya,Tidak,Ya,Ya,Tidak,Ya,Ya,Ya
917,Kos Puspa Depok 0917,Depok,Sawangan,1550000,Campur,Tidak,Tidak,Tidak,Ya,Ya,Ya,Tidak,Ya,Tidak,Tidak,Tidak,Ya,Tidak
918,Kos Kenanga Depok 0918,Depok,Beji,1150000,Putri,Ya,Ya,Tidak,Ya,Ya,Ya,Tidak,Ya,Tidak,Tidak,Ya,Ya,Tidak
919,Kos Sakura Depok 0919,Depok,Sawangan,2200000,Campur,Ya,Ya,Tidak,Ya,Ya,Ya,Ya,Ya,Tidak,Tidak,Ya,Ya,Ya
920,Kos Amanah Depok 0920,Depok,Cimanggis,1350000,Putri,Ya,Tidak,Tidak,Ya,Ya,Ya,Ya,Ya,Tidak,Ya,Ya,Ya,Ya
921,Kos Amanah Depok 0921,Depok,Beji,1150000,Campur,Ya,Ya,Tidak,Ya,Ya,Ya,Ya,Ya,Ya,Ya,Tidak,Ya,Ya
922,Kos Mawar Depok 0922,Depok,Sawangan,950000,Campur,Ya,Ya,Ya,Ya,Tidak,Ya,Tidak,Ya,Tidak,Tidak,Ya,Tidak,Ya
923,Kos Melati Depok 0923,Depok,Cimanggis,1500000,Putra,Ya,Tidak,Ya,Ya,Ya,Ya,Tidak,Ya,Tidak,Tidak,Tidak,Tidak,Ya
924,Kos Permata Depok 0924,Depok,Cimanggis,2000000,Campur,Ya,Ya,Tidak,Ya,Ya,Ya,Ya,Ya,Ya,Ya,Ya,Tidak,Ya
925,Kos Sakura Depok 0925,Depok,Beji,1600000,Campur,Ya,Tidak,Ya,Ya,Ya,Ya,Ya,Ya,Ya,Tidak,Ya,Ya,Ya
926,Kos Mawar Depok 0926,Depok,Sukmajaya,1200000,Putri,Ya,Tidak,Tidak,Ya,Ya,Ya,Tidak,Tidak,Tidak,Tidak,Tidak,Ya,Ya
927,Kos Nusantara Depok 0927,Depok,Cimanggis,1700000,Campur,Ya,Ya,Tidak,Ya,Ya,Ya,Tidak,Ya,Tidak,Tidak,Tidak,Ya,Tidak
928,Kos Amanah Depok 0928,Depok,Sukmajaya,1300000,Putri,Ya,Tidak,Ya,Ya,Ya,Ya,Ya,Ya,Tidak,Ya,Ya,Ya,Ya
929,Kos Permata Depok 0929,Depok,Sawangan,1550000,Putri,Ya,Tidak,Tidak,Ya,Ya,Tidak,Ya,Ya,Tidak,Tidak,Tidak,Ya,Ya
930,Kos Mawar Depok 0930,Depok,Sukmajaya,1750000,Putra,Ya,Tidak,Tidak,Ya,Ya,Ya,Tidak,Ya,Tidak,Tidak,Tidak,Ya,Tidak
931,Kos Permata Depok 0931,Depok,Beji,1400000,Putri,Ya,Tidak,Ya,Ya,Ya,Ya,Ya,Ya,Tidak,Tidak,Tidak,Ya,Ya
932,Kos Cendana Depok 0932,Depok,Cimanggis,750000,Putri,Ya,Ya,Ya,Ya,Ya,Ya,Tidak,Ya,Ya,Ya,Ya,Tidak,Ya
933,Kos Wijaya Depok 0933,Depok,Sawangan,1750000,Putra,Tidak,Tidak,Tidak,Ya,Ya,Ya,Ya,Tidak,Ya,Tidak,Ya,Ya,Ya
934,Kos Sakura Depok 0934,Depok,Cimanggis,1350000,Putri,Ya,Ya,Ya,Ya,Ya,Ya,Ya,Ya,Tidak,Tidak,Ya,Ya,Ya
935,Kos Kenanga Depok 0935,Depok,Pancoran Mas,1050000,Campur,Ya,Tidak,Ya,Ya,Tidak,Ya,Tidak,Ya,Ya,Ya,Tidak,Tidak,Ya
936,Kos Cendana Depok 0936,Depok,Sukmajaya,750000,Campur,Ya,Ya,Tidak,Ya,Ya,Ya,Ya,Ya,Tidak,Ya,Ya,Ya,Tidak
937,Kos Anggrek Depok 0937,Depok,Cimanggis,2050000,Putra,Ya,Tidak,Tidak,Ya,Tidak,Ya,Ya,Ya,Tidak,Ya,Tidak,Tidak,Ya
938,Kos Amanah Depok 0938,Depok,Sawangan,2150000,Putri,Ya,Tidak,Ya,Ya,Ya,Ya,Tidak,Ya,Ya,Tidak,Ya,Ya,Tidak
939,Kos Amanah Depok 0939,Depok,Beji,1100000,Campur,Ya,Ya,Ya,Ya,Ya,Ya,Ya,Tidak,Tidak,Tidak,Ya,Tidak,Tidak
940,Kos Kenanga Depok 0940,Depok,Sawangan,2050000,Putra,Ya,Tidak,Ya,Ya,Ya,Ya,Tidak,Ya,Tidak,Tidak,Ya,Tidak,Ya
941,Kos Melati Depok 0941,Depok,Cimanggis,1650000,Putri,Ya,Ya,Ya,Ya,Tidak,Ya,Ya,Ya,Ya,Ya,Ya,Ya,Ya
942,Kos Anggrek Depok 0942,Depok,Beji,1250000,Putri,Ya,Ya,Ya,Ya,Ya,Ya,Ya,Ya,Tidak,Ya,Ya,Tidak,Tidak
943,Kos Cendana Depok 0943,Depok,Sukmajaya,1000000,Campur,Ya,Ya,Ya,Ya,Ya,Tidak,Tidak,Ya,Ya,Tidak,Tidak,Tidak,Ya
944,Kos Amanah Depok 0944,Depok,Sukmajaya,1950000,Putri,Ya,Ya,Tidak,Ya,Ya,Ya,Ya,Ya,Ya,Tidak,Tidak,Ya,Ya
945,Kos Nusantara Depok 0945,Depok,Pancoran Mas,1200000,Putri,Ya,Tidak,Tidak,Ya,Ya,Ya,Ya,Ya,Tidak,Tidak,Tidak,Ya,Ya
946,Kos Puspa Depok 0946,Depok,Cimanggis,1300000,Campur,Ya,Tidak,Ya,Ya,Ya,Ya,Tidak,Ya,Tidak,Tidak,Tidak,Ya,Ya
947,Kos Melati Depok 0947,Depok,Cimanggis,1300000,Putri,Ya,Ya,Tidak,Ya,Ya,Ya,Ya,Ya,Tidak,Tidak,Ya,Ya,Ya
948,Kos Harmoni Depok 0948,Depok,Sukmajaya,1050000,Putri,Ya,Tidak,Tidak,Ya,Ya,Tidak,Ya,Ya,Ya,Ya,Ya,Ya,Ya
949,Kos Permata Depok 0949,Depok,Sawangan,1550000,Putri,Ya,Tidak,Tidak,Ya,Ya,Ya,Ya,Ya,Tidak,Tidak,Tidak,Ya,Ya
950,Kos Sakura Depok 0950,Depok,Beji,850000,Putri,Ya,Tidak,Ya,Ya,Ya,Tidak,Tidak,Ya,Tidak,Tidak,Ya,Ya,Ya
951,Kos Harmoni Depok 0951,Depok,Cimanggis,1300000,Putri,Ya,Ya,Ya,Ya,Ya,Ya,Ya,Ya,Tidak,Tidak,Ya,Ya,Ya
952,Kos Sakura Depok 0952,Depok,Beji,1550000,Putri,Ya,Ya,Ya,Ya,Ya,Ya,Tidak,Ya,Ya,Ya,Ya,Tidak,Ya
953,Kos Permata Depok 0953,Depok,Sawangan,2500000,Campur,Ya,Tidak,Ya,Ya,Ya,Tidak,Tidak,Ya,Tidak,Tidak,Ya,Ya,Tidak
954,Kos Nusantara Depok 0954,Depok,Sukmajaya,2050000,Putra,Ya,Ya,Tidak,Ya,Ya,Ya,Ya,Ya,Tidak,Ya,Ya,Ya,Ya
955,Kos Anggrek Depok 0955,Depok,Cimanggis,1450000,Putri,Ya,Tidak,Tidak,Ya,Ya,Tidak,Ya,Ya,Tidak,Tidak,Tidak,Ya,Tidak
956,Kos Permata Depok 0956,Depok,Sawangan,2100000,Putri,Ya,Ya,Tidak,Ya,Ya,Ya,Tidak,Ya,Tidak,Ya,Ya,Tidak,Ya
957,Kos Harmoni Depok 0957,Depok,Sawangan,1050000,Putra,Ya,Ya,Ya,Ya,Ya,Ya,Ya,Ya,Tidak,Tidak,Ya,Ya,Ya
958,Kos Harmoni Depok 0958,Depok,Cimanggis,1750000,Putra,Ya,Tidak,Tidak,Ya,Ya,Ya,Ya,Ya,Ya,Tidak,Tidak,Tidak,Ya
959,Kos Permata Depok 0959,Depok,Sukmajaya,1300000,Putra,Ya,Ya,Tidak,Ya,Ya,Ya,Tidak,Ya,Tidak,Ya,Tidak,Tidak,Ya
960,Kos Harmoni Depok 0960,Depok,Sukmajaya,1650000,Campur,Ya,Tidak,Tidak,Ya,Ya,Ya,Ya,Ya,Tidak,Ya,Ya,Ya,Tidak
961,Kos Melati Depok 0961,Depok,Pancoran Mas,2000000,Putra,Ya,Tidak,Tidak,Ya,Ya,Ya,Ya,Ya,Ya,Tidak,Ya,Ya,Ya
962,Kos Sakura Depok 0962,Depok,Sawangan,2400000,Putri,Ya,Tidak,Ya,Ya,Ya,Ya,Tidak,Tidak,Tidak,Tidak,Tidak,Tidak,Tidak
963,Kos Cendana Depok 0963,Depok,Cimanggis,950000,Campur,Ya,Ya,Ya,Ya,Ya,Ya,Ya,Ya,Tidak,Tidak,Tidak,Ya,Ya
964,Kos Cendana Depok 0964,Depok,Pancoran Mas,2400000,Campur,Ya,Tidak,Tidak,Ya,Ya,Ya,Tidak,Ya,Tidak,Tidak,Tidak,Tidak,Ya
965,Kos Sakura Depok 0965,Depok,Beji,2050000,Putri,Ya,Ya,Ya,Ya,Ya,Ya,Ya,Ya,Ya,Tidak,Ya,Ya,Ya
966,Kos Permata Depok 0966,Depok,Sukmajaya,1750000,Putra,Ya,Ya,Tidak,Ya,Ya,Ya,Ya,Ya,Tidak,Tidak,Ya,Tidak,Ya
967,Kos Amanah Depok 0967,Depok,Beji,2100000,Campur,Ya,Tidak,Tidak,Ya,Ya,Tidak,Tidak,Ya,Ya,Tidak,Tidak,Ya,Ya
968,Kos Kenanga Depok 0968,Depok,Sukmajaya,1200000,Putra,Ya,Ya,Tidak,Ya,Ya,Ya,Tidak,Tidak,Tidak,Tidak,Tidak,Ya,Ya
969,Kos Amanah Depok 0969,Depok,Beji,2300000,Putri,Ya,Tidak,Tidak,Ya,Ya,Ya,Tidak,Ya,Ya,Tidak,Tidak,Tidak,Ya
970,Kos Harmoni Depok 0970,Depok,Cimanggis,1150000,Campur,Ya,Tidak,Ya,Ya,Ya,Ya,Ya,Ya,Tidak,Tidak,Tidak,Ya,Ya
971,Kos Harmoni Depok 0971,Depok,Cimanggis,2450000,Putri,Ya,Tidak,Ya,Ya,Ya,Ya,Ya,Ya,Tidak,Tidak,Ya,Ya,Ya
972,Kos Kenanga Depok 0972,Depok,Sawangan,1050000,Campur,Ya,Tidak,Tidak,Ya,Ya,Tidak,Tidak,Ya,Ya,Ya,Tidak,Tidak,Tidak
973,Kos Harmoni Depok 0973,Depok,Sawangan,900000,Putri,Tidak,Tidak,Ya,Ya,Ya,Tidak,Tidak,Ya,Tidak,Tidak,Ya,Ya,Tidak
974,Kos Wijaya Depok 0974,Depok,Pancoran Mas,1850000,Putri,Ya,Tidak,Ya,Ya,Ya,Ya,Tidak,Ya,Tidak,Tidak,Ya,Ya,Ya
975,Kos Anggrek Depok 0975,Depok,Sukmajaya,800000,Putra,Ya,Ya,Ya,Ya,Tidak,Ya,Ya,Ya,Tidak,Tidak,Tidak,Ya,Tidak
976,Kos Kenanga Depok 0976,Depok,Sawangan,2500000,Campur,Ya,Tidak,Ya,Ya,Ya,Ya,Ya,Ya,Tidak,Tidak,Tidak,Ya,Tidak
977,Kos Puspa Depok 0977,Depok,Beji,1750000,Putra,Ya,Tidak,Ya,Ya,Ya,Ya,Ya,Ya,Tidak,Tidak,Ya,Tidak,Ya
978,Kos Wijaya Depok 0978,Depok,Pancoran Mas,1150000,Campur,Ya,Ya,Tidak,Ya,Ya,Tidak,Ya,Ya,Tidak,Tidak,Ya,Ya,Tidak
979,Kos Sakura Depok 0979,Depok,Cimanggis,1700000,Campur,Ya,Tidak,Ya,Ya,Ya,Tidak,Ya,Ya,Tidak,Ya,Ya,Ya,Ya
980,Kos Wijaya Depok 0980,Depok,Sawangan,2350000,Campur,Ya,Ya,Ya,Ya,Ya,Ya,Tidak,Ya,Tidak,Tidak,Tidak,Ya,Tidak
981,Kos Wijaya Depok 0981,Depok,Sukmajaya,2200000,Putri,Ya,Ya,Tidak,Ya,Tidak,Ya,Ya,Ya,Ya,Ya,Tidak,Tidak,Ya
982,Kos Mawar Depok 0982,Depok,Beji,1650000,Putri,Ya,Tidak,Tidak,Ya,Ya,Tidak,Tidak,Ya,Tidak,Tidak,Ya,Ya,Ya
983,Kos Harmoni Depok 0983,Depok,Pancoran Mas,1200000,Campur,Ya,Tidak,Tidak,Ya,Ya,Ya,Ya,Ya,Tidak,Ya,Ya,Ya,Tidak
984,Kos Wijaya Depok 0984,Depok,Beji,1850000,Putri,Ya,Ya,Ya,Ya,Ya,Ya,Ya,Ya,Tidak,Tidak,Tidak,Ya,Ya
985,Kos Mawar Depok 0985,Depok,Pancoran Mas,850000,Putri,Ya,Ya,Tidak,Ya,Ya,Ya,Tidak,Ya,Tidak,Ya,Ya,Tidak,Ya
986,Kos Harmoni Depok 0986,Depok,Sukmajaya,1750000,Putri,Ya,Ya,Tidak,Ya,Ya,Tidak,Ya,Ya,Tidak,Ya,Tidak,Ya,Ya
987,Kos Kenanga Depok 0987,Depok,Beji,1050000,Putra,Ya,Ya,Ya,Ya,Ya,Ya,Tidak,Ya,Tidak,Tidak,Tidak,Tidak,Tidak
988,Kos Harmoni Depok 0988,Depok,Sukmajaya,1050000,Putra,Ya,Ya,Tidak,Ya,Ya,Ya,Ya,Ya,Tidak,Tidak,Tidak,Ya,Ya
989,Kos Amanah Depok 0989,Depok,Sukmajaya,1200000,Putri,Ya,Ya,Tidak,Ya,Ya,Ya,Ya,Ya,Tidak,Tidak,Ya,Ya,Ya
990,Kos Permata Depok 0990,Depok,Cimanggis,950000,Campur,Ya,Tidak,Tidak,Ya,Ya,Ya,Tidak,Ya,Tidak,Tidak,Tidak,Tidak,Tidak
991,Kos Harmoni Depok 0991,Depok,Pancoran Mas,1300000,Putra,Ya,Tidak,Ya,Ya,Ya,Tidak,Ya,Ya,Ya,Ya,Tidak,Ya,Ya
992,Kos Sakura Depok 0992,Depok,Cimanggis,1050000,Putri,Ya,Tidak,Ya,Ya,Ya,Tidak,Ya,Ya,Tidak,Ya,Tidak,Ya,Ya
993,Kos Permata Depok 0993,Depok,Pancoran Mas,2350000,Putra,Ya,Tidak,Tidak,Ya,Ya,Ya,Ya,Tidak,Ya,Tidak,Ya,Ya,Tidak
994,Kos Anggrek Depok 0994,Depok,Beji,2450000,Campur,Ya,Tidak,Tidak,Ya,Tidak,Tidak,Tidak,Tidak,Tidak,Ya,Ya,Ya,Ya
995,Kos Harmoni Depok 0995,Depok,Beji,2450000,Putri,Ya,Ya,Tidak,Ya,Ya,Ya,Tidak,Ya,Tidak,Tidak,Ya,Ya,Tidak
996,Kos Cendana Depok 0996,Depok,Pancoran Mas,1450000,Putri,Ya,Tidak,Tidak,Ya,Ya,Ya,Ya,Ya,Tidak,Tidak,Ya,Ya,Ya
997,Kos Wijaya Depok 0997,Depok,Beji,850000,Putra,Ya,Tidak,Ya,Ya,Ya,Tidak,Tidak,Ya,Tidak,Ya,Tidak,Ya,Ya
998,Kos Permata Depok 0998,Depok,Sukmajaya,950000,Putra,Tidak,Ya,Ya,Ya,Ya,Ya,Ya,Ya,Tidak,Ya,Tidak,Ya,Ya
999,Kos Anggrek Depok 0999,Depok,Pancoran Mas,1550000,Putra,Ya,Tidak,Ya,Ya,Ya,Tidak,Tidak,Ya,Tidak,Tidak,Tidak,Ya,Ya
1000,Kos Mawar Depok 1000,Depok,Sawangan,950000,Putri,Ya,Ya,Tidak,Ya,Ya,Ya,Tidak,Ya,Tidak,Tidak,Ya,Ya,Ya
1001,Kos Cendana Depok 1001,Depok,Sukmajaya,900000,Campur,Ya,Tidak,Ya,Ya,Ya,Ya,Ya,Ya,Tidak,Tidak,Ya,Ya,Ya
1002,Kos Amanah Depok 1002,Depok,Beji,1350000,Campur,Ya,Ya,Ya,Ya,Ya,Tidak,Ya,Tidak,Ya,Tidak,Ya,Ya,Tidak
1003,Kos Puspa Depok 1003,Depok,Sukmajaya,1900000,Putra,Ya,Ya,Ya,Ya,Ya,Ya,Ya,Ya,Ya,Tidak,Tidak,Ya,Ya
1004,Kos Melati Depok 1004,Depok,Cimanggis,1550000,Putra,Ya,Ya,Tidak,Ya,Ya,Ya,Ya,Tidak,Tidak,Ya,Ya,Ya,Ya
1005,Kos Melati Depok 1005,Depok,Beji,1200000,Putri,Ya,Ya,Tidak,Ya,Ya,Ya,Ya,Tidak,Tidak,Tidak,Tidak,Ya,Tidak
1006,Kos Nusantara Depok 1006,Depok,Sawangan,2100000,Putra,Ya,Tidak,Tidak,Ya,Ya,Ya,Ya,Ya,Tidak,Ya,Tidak,Tidak,Ya
1007,Kos Nusantara Depok 1007,Depok,Beji,2250000,Campur,Ya,Tidak,Tidak,Ya,Ya,Tidak,Tidak,Ya,Tidak,Ya,Ya,Ya,Tidak
1008,Kos Sakura Depok 1008,Depok,Beji,1850000,Campur,Ya,Tidak,Ya,Ya,Ya,Tidak,Ya,Ya,Tidak,Tidak,Ya,Ya,Tidak
1009,Kos Cendana Depok 1009,Depok,Cimanggis,1000000,Putri,Ya,Ya,Tidak,Ya,Ya,Ya,Ya,Ya,Ya,Ya,Tidak,Ya,Tidak
1010,Kos Puspa Depok 1010,Depok,Sawangan,1550000,Putra,Ya,Ya,Ya,Ya,Ya,Tidak,Ya,Ya,Tidak,Ya,Ya,Ya,Ya
1011,Kos Cendana Depok 1011,Depok,Cimanggis,1500000,Putri,Ya,Tidak,Tidak,Ya,Ya,Tidak,Ya,Ya,Tidak,Tidak,Tidak,Ya,Ya
1012,Kos Mawar Depok 1012,Depok,Cimanggis,950000,Putri,Ya,Ya,Tidak,Ya,Ya,Tidak,Ya,Ya,Tidak,Ya,Ya,Ya,Ya
1013,Kos Melati Depok 1013,Depok,Cimanggis,2250000,Putri,Ya,Tidak,Ya,Ya,Ya,Ya,Tidak,Ya,Ya,Tidak,Ya,Tidak,Tidak
1014,Kos Mawar Depok 1014,Depok,Sawangan,1700000,Putri,Ya,Tidak,Tidak,Ya,Ya,Ya,Ya,Ya,Tidak,Ya,Tidak,Ya,Tidak
1015,Kos Anggrek Depok 1015,Depok,Cimanggis,2500000,Putra,Ya,Tidak,Tidak,Ya,Ya,Ya,Tidak,Ya,Tidak,Tidak,Tidak,Ya,Tidak
1016,Kos Puspa Depok 1016,Depok,Sukmajaya,1250000,Putri,Ya,Ya,Tidak,Ya,Ya,Tidak,Tidak,Ya,Ya,Tidak,Tidak,Ya,Ya
1017,Kos Anggrek Depok 1017,Depok,Cimanggis,1200000,Putra,Ya,Ya,Tidak,Ya,Ya,Ya,Ya,Ya,Tidak,Ya,Tidak,Tidak,Tidak
1018,Kos Harmoni Depok 1018,Depok,Pancoran Mas,1750000,Putri,Ya,Tidak,Ya,Ya,Ya,Tidak,Tidak,Ya,Tidak,Ya,Tidak,Ya,Tidak
1019,Kos Cendana Depok 1019,Depok,Sukmajaya,750000,Putri,Ya,Ya,Ya,Ya,Tidak,Ya,Ya,Ya,Tidak,Tidak,Tidak,Ya,Ya
1020,Kos Amanah Depok 1020,Depok,Sawangan,2200000,Putra,Ya,Tidak,Ya,Ya,Ya,Ya,Ya,Ya,Tidak,Tidak,Tidak,Ya,Tidak
1021,Kos Harmoni Depok 1021,Depok,Beji,1350000,Putri,Ya,Tidak,Ya,Ya,Ya,Tidak,Ya,Ya,Tidak,Ya,Ya,Ya,Tidak
1022,Kos Sakura Depok 1022,Depok,Beji,1600000,Campur,Ya,Tidak,Tidak,Ya,Ya,Tidak,Ya,Ya,Tidak,Tidak,Ya,Tidak,Ya
1023,Kos Amanah Depok 1023,Depok,Beji,1550000,Putri,Ya,Ya,Ya,Ya,Ya,Ya,Tidak,Ya,Tidak,Ya,Ya,Tidak,Ya
1024,Kos Puspa Depok 1024,Depok,Sawangan,2000000,Campur,Ya,Ya,Tidak,Ya,Ya,Ya,Tidak,Tidak,Tidak,Tidak,Tidak,Ya,Tidak
1025,Kos Anggrek Depok 1025,Depok,Sukmajaya,1600000,Putra,Ya,Ya,Ya,Ya,Ya,Ya,Ya,Ya,Tidak,Tidak,Tidak,Ya,Ya
1026,Kos Anggrek Depok 1026,Depok,Pancoran Mas,1400000,Putra,Ya,Tidak,Tidak,Ya,Tidak,Tidak,Ya,Ya,Ya,Tidak,Tidak,Ya,Tidak
1027,Kos Wijaya Depok 1027,Depok,Sawangan,1250000,Putri,Ya,Tidak,Tidak,Ya,Tidak,Ya,Ya,Ya,Ya,Ya,Tidak,Ya,Ya
1028,Kos Permata Depok 1028,Depok,Cimanggis,1600000,Putri,Ya,Ya,Tidak,Ya,Ya,Ya,Ya,Ya,Ya,Tidak,Tidak,Tidak,Ya
1029,Kos Cendana Depok 1029,Depok,Beji,1100000,Putra,Ya,Ya,Ya,Ya,Ya,Tidak,Ya,Ya,Ya,Tidak,Tidak,Tidak,Ya
1030,Kos Sakura Depok 1030,Depok,Pancoran Mas,2450000,Putri,Ya,Ya,Ya,Ya,Ya,Ya,Ya,Ya,Tidak,Ya,Ya,Ya,Ya
1031,Kos Permata Depok 1031,Depok,Sukmajaya,2200000,Putra,Ya,Ya,Ya,Ya,Ya,Ya,Ya,Ya,Tidak,Ya,Ya,Tidak,Ya
1032,Kos Mawar Depok 1032,Depok,Sawangan,1250000,Putri,Ya,Tidak,Ya,Ya,Ya,Ya,Tidak,Ya,Tidak,Ya,Tidak,Ya,Ya
1033,Kos Mawar Depok 1033,Depok,Sukmajaya,1250000,Putra,Tidak,Tidak,Ya,Ya,Ya,Ya,Ya,Ya,Ya,Tidak,Tidak,Ya,Tidak
1034,Kos Cendana Depok 1034,Depok,Pancoran Mas,1450000,Campur,Ya,Tidak,Tidak,Ya,Ya,Tidak,Tidak,Ya,Tidak,Tidak,Tidak,Ya,Ya
1035,Kos Nusantara Depok 1035,Depok,Cimanggis,1400000,Putra,Ya,Ya,Tidak,Ya,Ya,Tidak,Ya,Ya,Tidak,Ya,Ya,Tidak,Ya
1036,Kos Puspa Depok 1036,Depok,Cimanggis,700000,Putra,Ya,Ya,Ya,Ya,Ya,Tidak,Ya,Tidak,Tidak,Tidak,Ya,Tidak,Ya
1037,Kos Puspa Depok 1037,Depok,Sawangan,2350000,Putra,Ya,Ya,Ya,Ya,Ya,Tidak,Ya,Ya,Tidak,Ya,Tidak,Tidak,Ya
1038,Kos Cendana Depok 1038,Depok,Cimanggis,2150000,Putri,Ya,Tidak,Tidak,Ya,Ya,Tidak,Ya,Ya,Tidak,Tidak,Ya,Tidak,Ya
1039,Kos Mawar Depok 1039,Depok,Pancoran Mas,750000,Putra,Ya,Tidak,Ya,Ya,Ya,Tidak,Tidak,Ya,Tidak,Ya,Tidak,Ya,Ya
1040,Kos Melati Depok 1040,Depok,Beji,1150000,Putri,Ya,Tidak,Tidak,Ya,Ya,Tidak,Ya,Ya,Ya,Tidak,Ya,Ya,Tidak
1041,Kos Mawar Depok 1041,Depok,Sawangan,2000000,Campur,Ya,Tidak,Tidak,Ya,Ya,Ya,Ya,Ya,Tidak,Tidak,Tidak,Ya,Tidak
1042,Kos Amanah Depok 1042,Depok,Cimanggis,2150000,Campur,Ya,Tidak,Tidak,Ya,Ya,Ya,Ya,Ya,Tidak,Ya,Ya,Tidak,Tidak
1043,Kos Anggrek Depok 1043,Depok,Sawangan,2100000,Campur,Ya,Ya,Tidak,Ya,Ya,Ya,Ya,Ya,Tidak,Ya,Tidak,Ya,Ya
1044,Kos Cendana Depok 1044,Depok,Beji,1150000,Campur,Ya,Tidak,Tidak,Ya,Ya,Ya,Ya,Ya,Tidak,Tidak,Ya,Tidak,Tidak
1045,Kos Kenanga Depok 1045,Depok,Cimanggis,1100000,Putra,Ya,Ya,Ya,Ya,Ya,Ya,Ya,Ya,Tidak,Ya,Tidak,Tidak,Ya
1046,Kos Puspa Depok 1046,Depok,Sawangan,1800000,Putra,Ya,Ya,Tidak,Ya,Tidak,Ya,Ya,Ya,Tidak,Tidak,Ya,Tidak,Tidak
1047,Kos Sakura Depok 1047,Depok,Pancoran Mas,750000,Putra,Ya,Ya,Ya,Ya,Ya,Tidak,Ya,Ya,Tidak,Ya,Ya,Ya,Ya
1048,Kos Puspa Depok 1048,Depok,Beji,2100000,Putri,Ya,Tidak,Ya,Ya,Ya,Ya,Ya,Ya,Tidak,Ya,Tidak,Ya,Ya
1049,Kos Permata Depok 1049,Depok,Beji,1400000,Putri,Tidak,Ya,Tidak,Ya,Ya,Ya,Ya,Ya,Tidak,Tidak,Ya,Ya,Tidak
1050,Kos Puspa Depok 1050,Depok,Beji,1850000,Putri,Ya,Ya,Ya,Ya,Ya,Ya,Tidak,Tidak,Tidak,Tidak,Ya,Ya,Tidak
1051,Kos Cendana Depok 1051,Depok,Beji,1050000,Campur,Ya,Tidak,Ya,Ya,Ya,Ya,Ya,Ya,Ya,Tidak,Ya,Ya,Ya
1052,Kos Cendana Depok 1052,Depok,Beji,2350000,Putra,Ya,Ya,Ya,Ya,Ya,Tidak,Ya,Ya,Tidak,Tidak,Ya,Ya,Ya
1053,Kos Mawar Depok 1053,Depok,Cimanggis,1400000,Putra,Ya,Ya,Ya,Ya,Ya,Tidak,Ya,Ya,Ya,Ya,Tidak,Ya,Ya
1054,Kos Anggrek Depok 1054,Depok,Sawangan,2350000,Putri,Tidak,Tidak,Ya,Ya,Tidak,Tidak,Ya,Ya,Tidak,Ya,Ya,Ya,Ya
1055,Kos Amanah Depok 1055,Depok,Sukmajaya,2050000,Campur,Ya,Tidak,Tidak,Ya,Ya,Ya,Ya,Ya,Tidak,Tidak,Tidak,Ya,Ya
1056,Kos Anggrek Depok 1056,Depok,Sawangan,750000,Campur,Ya,Ya,Ya,Ya,Ya,Ya,Ya,Ya,Ya,Ya,Ya,Ya,Ya
1057,Kos Nusantara Depok 1057,Depok,Sawangan,1550000,Putri,Ya,Ya,Tidak,Ya,Ya,Ya,Ya,Ya,Tidak,Tidak,Tidak,Tidak,Ya
1058,Kos Wijaya Depok 1058,Depok,Sawangan,2350000,Campur,Ya,Tidak,Tidak,Ya,Ya,Ya,Ya,Ya,Ya,Tidak,Tidak,Ya,Ya
1059,Kos Harmoni Depok 1059,Depok,Cimanggis,1600000,Campur,Ya,Tidak,Ya,Ya,Ya,Ya,Tidak,Ya,Tidak,Ya,Ya,Ya,Ya
1060,Kos Melati Depok 1060,Depok,Sawangan,2100000,Campur,Ya,Tidak,Ya,Ya,Ya,Tidak,Ya,Ya,Tidak,Tidak,Tidak,Ya,Ya
1061,Kos Melati Depok 1061,Depok,Beji,2000000,Putra,Ya,Tidak,Ya,Ya,Ya,Tidak,Tidak,Ya,Ya,Ya,Tidak,Tidak,Tidak
1062,Kos Puspa Depok 1062,Depok,Sawangan,2300000,Putri,Ya,Tidak,Ya,Ya,Ya,Ya,Ya,Tidak,Tidak,Tidak,Tidak,Ya,Ya
1063,Kos Cendana Depok 1063,Depok,Beji,900000,Campur,Ya,Tidak,Ya,Ya,Ya,Ya,Tidak,Tidak,Tidak,Tidak,Tidak,Tidak,Tidak
1064,Kos Cendana Depok 1064,Depok,Sukmajaya,2100000,Campur,Tidak,Tidak,Ya,Ya,Ya,Tidak,Ya,Ya,Tidak,Tidak,Tidak,Ya,Ya
1065,Kos Wijaya Depok 1065,Depok,Beji,950000,Campur,Ya,Ya,Ya,Ya,Ya,Ya,Ya,Ya,Tidak,Ya,Ya,Ya,Ya
1066,Kos Amanah Depok 1066,Depok,Beji,1550000,Putra,Ya,Ya,Tidak,Ya,Ya,Ya,Tidak,Ya,Tidak,Ya,Tidak,Ya,Tidak
1067,Kos Nusantara Depok 1067,Depok,Sawangan,2450000,Putra,Ya,Tidak,Ya,Ya,Ya,Tidak,Ya,Ya,Ya,Tidak,Tidak,Ya,Ya
1068,Kos Permata Depok 1068,Depok,Sukmajaya,1900000,Putri,Ya,Ya,Tidak,Ya,Ya,Tidak,Tidak,Ya,Tidak,Ya,Ya,Ya,Ya
1069,Kos Anggrek Depok 1069,Depok,Sawangan,1450000,Campur,Ya,Ya,Tidak,Ya,Ya,Ya,Ya,Ya,Ya,Tidak,Ya,Ya,Tidak
1070,Kos Sakura Depok 1070,Depok,Sukmajaya,1950000,Putri,Ya,Tidak,Ya,Ya,Ya,Ya,Tidak,Ya,Tidak,Tidak,Tidak,Ya,Tidak
1071,Kos Nusantara Depok 1071,Depok,Pancoran Mas,1800000,Putri,Tidak,Tidak,Ya,Ya,Ya,Ya,Ya,Ya,Tidak,Ya,Tidak,Ya,Tidak
1072,Kos Kenanga Depok 1072,Depok,Sukmajaya,2450000,Putri,Tidak,Tidak,Ya,Ya,Ya,Ya,Ya,Ya,Tidak,Ya,Ya,Ya,Ya
1073,Kos Harmoni Depok 1073,Depok,Sukmajaya,1550000,Putra,Ya,Tidak,Tidak,Ya,Ya,Ya,Tidak,Ya,Tidak,Ya,Tidak,Ya,Ya
1074,Kos Permata Depok 1074,Depok,Beji,2400000,Putri,Ya,Ya,Ya,Ya,Ya,Ya,Tidak,Ya,Tidak,Ya,Ya,Ya,Tidak
1075,Kos Sakura Depok 1075,Depok,Cimanggis,1900000,Campur,Ya,Ya,Ya,Ya,Ya,Ya,Ya,Ya,Tidak,Tidak,Ya,Ya,Ya
1076,Kos Melati Depok 1076,Depok,Sukmajaya,1750000,Putri,Ya,Tidak,Tidak,Ya,Ya,Ya,Tidak,Ya,Tidak,Ya,Tidak,Ya,Ya
1077,Kos Nusantara Depok 1077,Depok,Beji,1800000,Putra,Tidak,Tidak,Ya,Ya,Ya,Ya,Ya,Ya,Tidak,Tidak,Tidak,Ya,Tidak
1078,Kos Melati Depok 1078,Depok,Sawangan,1500000,Putra,Ya,Ya,Tidak,Ya,Ya,Ya,Tidak,Ya,Tidak,Ya,Ya,Tidak,Ya
1079,Kos Wijaya Depok 1079,Depok,Sukmajaya,2450000,Putri,Ya,Ya,Ya,Ya,Ya,Ya,Ya,Ya,Tidak,Tidak,Ya,Ya,Tidak
1080,Kos Mawar Depok 1080,Depok,Sawangan,2100000,Campur,Ya,Ya,Ya,Ya,Ya,Ya,Tidak,Tidak,Tidak,Tidak,Tidak,Ya,Ya
1081,Kos Permata Depok 1081,Depok,Pancoran Mas,2000000,Putra,Ya,Ya,Ya,Ya,Ya,Tidak,Ya,Ya,Tidak,Ya,Tidak,Tidak,Tidak
1082,Kos Sakura Depok 1082,Depok,Cimanggis,2050000,Campur,Ya,Ya,Tidak,Ya,Ya,Ya,Tidak,Ya,Tidak,Ya,Tidak,Ya,Ya
1083,Kos Cendana Depok 1083,Depok,Sukmajaya,2400000,Campur,Ya,Tidak,Ya,Ya,Ya,Ya,Ya,Ya,Ya,Ya,Tidak,Ya,Tidak
1084,Kos Melati Depok 1084,Depok,Pancoran Mas,2500000,Putri,Ya,Tidak,Ya,Ya,Ya,Ya,Ya,Ya,Tidak,Ya,Tidak,Ya,Ya
1085,Kos Nusantara Depok 1085,Depok,Beji,1200000,Putra,Tidak,Ya,Tidak,Ya,Ya,Tidak,Ya,Tidak,Tidak,Ya,Ya,Tidak,Ya
1086,Kos Permata Depok 1086,Depok,Pancoran Mas,1850000,Campur,Ya,Ya,Tidak,Ya,Ya,Ya,Ya,Ya,Tidak,Tidak,Ya,Ya,Tidak
1087,Kos Wijaya Depok 1087,Depok,Sukmajaya,1650000,Putri,Tidak,Ya,Ya,Ya,Ya,Ya,Ya,Ya,Tidak,Tidak,Tidak,Ya,Ya
1088,Kos Nusantara Depok 1088,Depok,Cimanggis,950000,Putri,Ya,Ya,Tidak,Ya,Ya,Tidak,Ya,Ya,Ya,Tidak,Tidak,Ya,Ya
1089,Kos Melati Depok 1089,Depok,Cimanggis,1800000,Putri,Ya,Ya,Ya,Ya,Ya,Ya,Tidak,Ya,Ya,Ya,Tidak,Ya,Ya
1090,Kos Harmoni Depok 1090,Depok,Sukmajaya,2400000,Putri,Ya,Ya,Tidak,Ya,Ya,Ya,Ya,Ya,Tidak,Tidak,Ya,Ya,Tidak
1091,Kos Wijaya Depok 1091,Depok,Cimanggis,2200000,Putri,Ya,Tidak,Ya,Ya,Ya,Tidak,Ya,Ya,Tidak,Tidak,Tidak,Ya,Tidak
1092,Kos Anggrek Depok 1092,Depok,Beji,2200000,Putri,Ya,Ya,Ya,Ya,Tidak,Ya,Ya,Ya,Tidak,Ya,Ya,Ya,Tidak
1093,Kos Cendana Depok 1093,Depok,Sawangan,1500000,Campur,Ya,Tidak,Tidak,Ya,Ya,Ya,Tidak,Ya,Tidak,Ya,Tidak,Ya,Ya
1094,Kos Puspa Depok 1094,Depok,Pancoran Mas,2200000,Putra,Ya,Tidak,Tidak,Ya,Ya,Ya,Ya,Ya,Tidak,Tidak,Ya,Tidak,Ya
1095,Kos Harmoni Depok 1095,Depok,Sawangan,1400000,Putri,Ya,Tidak,Ya,Ya,Ya,Tidak,Tidak,Tidak,Tidak,Tidak,Tidak,Ya,Ya
1096,Kos Sakura Depok 1096,Depok,Sawangan,2300000,Campur,Ya,Ya,Tidak,Ya,Ya,Tidak,Tidak,Ya,Tidak,Ya,Tidak,Tidak,Ya
1097,Kos Wijaya Depok 1097,Depok,Beji,800000,Campur,Ya,Tidak,Ya,Ya,Ya,Ya,Ya,Ya,Ya,Ya,Ya,Ya,Ya
1098,Kos Kenanga Depok 1098,Depok,Beji,1450000,Campur,Ya,Tidak,Tidak,Ya,Ya,Tidak,Ya,Ya,Ya,Ya,Ya,Ya,Tidak
1099,Kos Anggrek Depok 1099,Depok,Sukmajaya,2000000,Campur,Ya,Ya,Ya,Ya,Tidak,Ya,Tidak,Ya,Tidak,Tidak,Tidak,Ya,Ya
1100,Kos Anggrek Depok 1100,Depok,Sawangan,1900000,Putri,Ya,Tidak,Tidak,Ya,Ya,Ya,Tidak,Ya,Tidak,Ya,Ya,Ya,Tidak
1101,Kos Melati Depok 1101,Depok,Beji,1400000,Campur,Ya,Ya,Tidak,Ya,Ya,Tidak,Tidak,Ya,Ya,Ya,Tidak,Tidak,Ya
1102,Kos Harmoni Depok 1102,Depok,Cimanggis,2000000,Putri,Ya,Ya,Ya,Ya,Ya,Tidak,Tidak,Ya,Tidak,Ya,Tidak,Ya,Ya
1103,Kos Permata Depok 1103,Depok,Sawangan,1050000,Putri,Ya,Ya,Tidak,Ya,Ya,Ya,Ya,Ya,Tidak,Tidak,Tidak,Ya,Ya
1104,Kos Nusantara Depok 1104,Depok,Sawangan,1450000,Putra,Tidak,Tidak,Tidak,Ya,Ya,Ya,Ya,Ya,Ya,Ya,Ya,Ya,Ya
1105,Kos Cendana Depok 1105,Depok,Beji,2500000,Putri,Tidak,Ya,Tidak,Ya,Ya,Ya,Tidak,Ya,Tidak,Tidak,Ya,Ya,Tidak
1106,Kos Puspa Depok 1106,Depok,Pancoran Mas,900000,Putra,Ya,Ya,Ya,Ya,Ya,Ya,Tidak,Ya,Tidak,Tidak,Tidak,Ya,Ya
1107,Kos Puspa Depok 1107,Depok,Beji,2100000,Putra,Ya,Tidak,Tidak,Ya,Ya,Ya,Ya,Tidak,Tidak,Ya,Ya,Tidak,Ya
1108,Kos Wijaya Depok 1108,Depok,Sawangan,1100000,Putra,Ya,Tidak,Tidak,Ya,Ya,Ya,Tidak,Ya,Tidak,Tidak,Ya,Tidak,Ya
1109,Kos Kenanga Depok 1109,Depok,Beji,2150000,Putra,Ya,Ya,Tidak,Ya,Ya,Ya,Ya,Tidak,Ya,Tidak,Ya,Ya,Ya
1110,Kos Permata Depok 1110,Depok,Sawangan,1250000,Putra,Ya,Ya,Tidak,Ya,Tidak,Ya,Tidak,Ya,Tidak,Tidak,Ya,Ya,Ya
1111,Kos Cendana Depok 1111,Depok,Beji,950000,Putra,Ya,Ya,Ya,Ya,Tidak,Ya,Tidak,Ya,Tidak,Tidak,Ya,Ya,Tidak
1112,Kos Amanah Depok 1112,Depok,Beji,2500000,Putra,Ya,Ya,Ya,Ya,Ya,Tidak,Tidak,Ya,Tidak,Ya,Tidak,Ya,Ya
1113,Kos Kenanga Depok 1113,Depok,Sawangan,1700000,Putri,Ya,Ya,Tidak,Ya,Ya,Ya,Ya,Ya,Tidak,Tidak,Tidak,Tidak,Ya
1114,Kos Melati Depok 1114,Depok,Cimanggis,950000,Campur,Ya,Tidak,Tidak,Ya,Ya,Ya,Ya,Ya,Tidak,Ya,Tidak,Ya,Ya
1115,Kos Anggrek Depok 1115,Depok,Sawangan,1950000,Putra,Ya,Ya,Ya,Ya,Ya,Tidak,Tidak,Ya,Tidak,Tidak,Ya,Ya,Ya
1116,Kos Cendana Depok 1116,Depok,Beji,1950000,Campur,Ya,Ya,Ya,Ya,Tidak,Tidak,Tidak,Ya,Tidak,Tidak,Ya,Tidak,Ya
1117,Kos Sakura Depok 1117,Depok,Sukmajaya,1400000,Putri,Tidak,Ya,Tidak,Ya,Ya,Ya,Ya,Ya,Tidak,Ya,Tidak,Ya,Ya
1118,Kos Amanah Depok 1118,Depok,Sawangan,1750000,Putri,Tidak,Tidak,Tidak,Ya,Ya,Tidak,Ya,Ya,Ya,Tidak,Tidak,Ya,Ya
1119,Kos Nusantara Depok 1119,Depok,Beji,1000000,Campur,Ya,Ya,Ya,Ya,Ya,Tidak,Ya,Ya,Tidak,Tidak,Ya,Ya,Ya
1120,Kos Mawar Depok 1120,Depok,Pancoran Mas,1200000,Putri,Ya,Ya,Ya,Ya,Ya,Tidak,Ya,Tidak,Ya,Ya,Ya,Tidak,Ya
1121,Kos Anggrek Depok 1121,Depok,Sawangan,1800000,Campur,Ya,Tidak,Tidak,Ya,Ya,Tidak,Ya,Tidak,Tidak,Tidak,Tidak,Ya,Ya
1122,Kos Permata Depok 1122,Depok,Sawangan,1500000,Putri,Ya,Ya,Ya,Ya,Ya,Tidak,Ya,Ya,Ya,Tidak,Ya,Tidak,Tidak
1123,Kos Nusantara Depok 1123,Depok,Sawangan,1850000,Putri,Ya,Ya,Ya,Ya,Ya,Tidak,Ya,Ya,Ya,Ya,Tidak,Ya,Ya
1124,Kos Melati Depok 1124,Depok,Beji,1550000,Putra,Tidak,Tidak,Tidak,Ya,Ya,Tidak,Ya,Ya,Ya,Ya,Tidak,Ya,Tidak
1125,Kos Anggrek Depok 1125,Depok,Sawangan,1250000,Campur,Tidak,Tidak,Ya,Ya,Ya,Ya,Tidak,Ya,Tidak,Tidak,Tidak,Tidak,Tidak
1126,Kos Permata Depok 1126,Depok,Beji,1950000,Putri,Ya,Tidak,Ya,Ya,Ya,Ya,Ya,Ya,Ya,Ya,Tidak,Ya,Ya
1127,Kos Sakura Depok 1127,Depok,Pancoran Mas,1300000,Putri,Tidak,Tidak,Tidak,Ya,Ya,Ya,Ya,Ya,Tidak,Tidak,Tidak,Ya,Ya
1128,Kos Permata Depok 1128,Depok,Sukmajaya,700000,Putra,Ya,Tidak,Tidak,Ya,Ya,Ya,Ya,Ya,Tidak,Tidak,Ya,Ya,Ya
1129,Kos Sakura Depok 1129,Depok,Pancoran Mas,1400000,Putra,Ya,Ya,Ya,Ya,Ya,Ya,Ya,Ya,Ya,Ya,Ya,Tidak,Tidak
1130,Kos Wijaya Depok 1130,Depok,Sawangan,1500000,Putra,Ya,Ya,Tidak,Ya,Ya,Ya,Tidak,Ya,Tidak,Ya,Ya,Tidak,Ya
1131,Kos Puspa Depok 1131,Depok,Sawangan,2400000,Putri,Ya,Tidak,Ya,Ya,Ya,Ya,Ya,Tidak,Tidak,Tidak,Tidak,Tidak,Ya
1132,Kos Mawar Depok 1132,Depok,Pancoran Mas,2150000,Putri,Ya,Tidak,Ya,Ya,Ya,Ya,Ya,Ya,Ya,Tidak,Ya,Ya,Tidak
1133,Kos Cendana Depok 1133,Depok,Beji,1250000,Putra,Ya,Ya,Ya,Ya,Ya,Ya,Ya,Ya,Tidak,Ya,Ya,Ya,Tidak
1134,Kos Anggrek Depok 1134,Depok,Sawangan,1000000,Putri,Ya,Ya,Tidak,Ya,Ya,Ya,Ya,Ya,Tidak,Ya,Tidak,Ya,Ya
1135,Kos Melati Depok 1135,Depok,Cimanggis,2450000,Putri,Ya,Ya,Ya,Ya,Ya,Ya,Ya,Ya,Tidak,Tidak,Tidak,Ya,Tidak
1136,Kos Puspa Depok 1136,Depok,Cimanggis,1250000,Campur,Ya,Tidak,Tidak,Ya,Ya,Ya,Tidak,Ya,Tidak,Ya,Tidak,Ya,Ya
1137,Kos Cendana Depok 1137,Depok,Pancoran Mas,1400000,Putra,Ya,Tidak,Ya,Ya,Ya,Ya,Ya,Ya,Tidak,Ya,Ya,Ya,Ya
1138,Kos Anggrek Depok 1138,Depok,Sawangan,1300000,Putri,Tidak,Ya,Ya,Ya,Ya,Tidak,Tidak,Ya,Tidak,Tidak,Tidak,Ya,Tidak
1139,Kos Anggrek Depok 1139,Depok,Pancoran Mas,1000000,Putra,Ya,Tidak,Tidak,Ya,Ya,Ya,Tidak,Ya,Tidak,Ya,Tidak,Ya,Ya
1140,Kos Puspa Depok 1140,Depok,Pancoran Mas,2100000,Putri,Ya,Ya,Tidak,Ya,Ya,Ya,Ya,Ya,Tidak,Ya,Tidak,Tidak,Ya
1141,Kos Nusantara Depok 1141,Depok,Beji,2200000,Putra,Ya,Tidak,Ya,Ya,Ya,Ya,Ya,Ya,Ya,Tidak,Ya,Tidak,Ya
1142,Kos Puspa Depok 1142,Depok,Cimanggis,1950000,Putra,Ya,Ya,Tidak,Ya,Ya,Tidak,Ya,Tidak,Ya,Ya,Tidak,Ya,Ya
1143,Kos Amanah Depok 1143,Depok,Beji,1900000,Putra,Ya,Tidak,Ya,Ya,Ya,Ya,Ya,Ya,Tidak,Ya,Tidak,Tidak,Tidak
1144,Kos Wijaya Depok 1144,Depok,Pancoran Mas,1650000,Putri,Ya,Ya,Tidak,Ya,Ya,Ya,Ya,Ya,Tidak,Tidak,Ya,Ya,Tidak
1145,Kos Kenanga Depok 1145,Depok,Pancoran Mas,1500000,Putra,Ya,Ya,Ya,Ya,Ya,Ya,Ya,Ya,Ya,Ya,Ya,Tidak,Ya
1146,Kos Cendana Depok 1146,Depok,Cimanggis,1000000,Putri,Ya,Ya,Tidak,Ya,Ya,Ya,Tidak,Ya,Ya,Tidak,Tidak,Ya,Tidak
1147,Kos Sakura Depok 1147,Depok,Sukmajaya,2150000,Campur,Tidak,Ya,Ya,Ya,Ya,Tidak,Ya,Ya,Tidak,Ya,Ya,Ya,Ya
1148,Kos Permata Depok 1148,Depok,Sawangan,2250000,Putri,Ya,Ya,Ya,Ya,Ya,Ya,Ya,Ya,Tidak,Tidak,Ya,Ya,Tidak
1149,Kos Kenanga Depok 1149,Depok,Sukmajaya,1300000,Putri,Ya,Tidak,Ya,Ya,Ya,Tidak,Tidak,Ya,Tidak,Ya,Ya,Ya,Tidak
1150,Kos Melati Depok 1150,Depok,Pancoran Mas,1750000,Putra,Ya,Ya,Ya,Ya,Ya,Ya,Tidak,Ya,Tidak,Tidak,Ya,Ya,Ya
1151,Kos Anggrek Depok 1151,Depok,Sawangan,1900000,Putri,Ya,Tidak,Ya,Ya,Ya,Tidak,Ya,Tidak,Tidak,Tidak,Ya,Ya,Ya
1152,Kos Kenanga Depok 1152,Depok,Beji,1500000,Putri,Ya,Ya,Tidak,Ya,Ya,Ya,Tidak,Ya,Tidak,Tidak,Tidak,Ya,Ya
1153,Kos Amanah Depok 1153,Depok,Pancoran Mas,1000000,Campur,Ya,Ya,Tidak,Ya,Tidak,Tidak,Ya,Ya,Tidak,Tidak,Ya,Ya,Ya
1154,Kos Melati Depok 1154,Depok,Sawangan,1550000,Putra,Ya,Ya,Tidak,Ya,Ya,Ya,Tidak,Ya,Tidak,Ya,Ya,Ya,Ya
1155,Kos Melati Depok 1155,Depok,Cimanggis,1300000,Putri,Ya,Tidak,Tidak,Ya,Ya,Ya,Tidak,Ya,Tidak,Ya,Tidak,Tidak,Ya
1156,Kos Wijaya Depok 1156,Depok,Sukmajaya,2000000,Putra,Ya,Tidak,Tidak,Ya,Ya,Ya,Tidak,Ya,Tidak,Ya,Ya,Ya,Ya
1157,Kos Anggrek Depok 1157,Depok,Sukmajaya,2350000,Putri,Ya,Ya,Tidak,Ya,Ya,Ya,Tidak,Ya,Tidak,Tidak,Tidak,Ya,Tidak
1158,Kos Kenanga Depok 1158,Depok,Pancoran Mas,2500000,Putri,Ya,Ya,Ya,Ya,Ya,Ya,Ya,Ya,Tidak,Tidak,Tidak,Ya,Ya
1159,Kos Sakura Depok 1159,Depok,Sawangan,1950000,Putra,Ya,Tidak,Tidak,Ya,Ya,Ya,Ya,Tidak,Tidak,Ya,Ya,Ya,Ya
1160,Kos Harmoni Depok 1160,Depok,Pancoran Mas,1150000,Putra,Ya,Tidak,Ya,Ya,Ya,Tidak,Tidak,Ya,Tidak,Tidak,Ya,Tidak,Ya
1161,Kos Harmoni Depok 1161,Depok,Sukmajaya,1400000,Putra,Ya,Tidak,Ya,Ya,Ya,Ya,Ya,Ya,Ya,Ya,Tidak,Ya,Tidak
1162,Kos Cendana Depok 1162,Depok,Pancoran Mas,1300000,Putri,Ya,Ya,Ya,Ya,Ya,Ya,Tidak,Ya,Tidak,Tidak,Ya,Ya,Tidak
1163,Kos Melati Depok 1163,Depok,Cimanggis,2050000,Campur,Ya,Ya,Ya,Ya,Ya,Ya,Tidak,Tidak,Ya,Tidak,Tidak,Ya,Ya
1164,Kos Sakura Depok 1164,Depok,Pancoran Mas,2300000,Putra,Ya,Tidak,Ya,Ya,Ya,Ya,Ya,Ya,Ya,Tidak,Tidak,Tidak,Tidak
1165,Kos Nusantara Depok 1165,Depok,Sukmajaya,1950000,Putra,Ya,Tidak,Ya,Ya,Ya,Ya,Tidak,Ya,Ya,Tidak,Tidak,Ya,Ya
1166,Kos Permata Depok 1166,Depok,Beji,2400000,Putra,Ya,Tidak,Tidak,Ya,Ya,Ya,Ya,Ya,Tidak,Tidak,Tidak,Tidak,Ya
1167,Kos Permata Depok 1167,Depok,Beji,1400000,Campur,Ya,Tidak,Ya,Ya,Ya,Ya,Tidak,Ya,Tidak,Ya,Ya,Ya,Ya
1168,Kos Anggrek Depok 1168,Depok,Sukmajaya,1500000,Putri,Ya,Tidak,Tidak,Ya,Ya,Ya,Ya,Ya,Tidak,Ya,Ya,Ya,Ya
1169,Kos Permata Depok 1169,Depok,Beji,2500000,Putri,Ya,Tidak,Tidak,Ya,Ya,Ya,Tidak,Ya,Tidak,Tidak,Ya,Ya,Ya
1170,Kos Mawar Depok 1170,Depok,Beji,2250000,Putra,Ya,Ya,Ya,Ya,Ya,Ya,Ya,Ya,Ya,Ya,Ya,Ya,Ya
1171,Kos Puspa Depok 1171,Depok,Sawangan,2200000,Putra,Ya,Ya,Ya,Ya,Tidak,Ya,Tidak,Ya,Tidak,Ya,Tidak,Ya,Ya
1172,Kos Cendana Depok 1172,Depok,Sawangan,2200000,Putri,Ya,Ya,Tidak,Ya,Ya,Ya,Tidak,Ya,Tidak,Tidak,Ya,Tidak,Ya
1173,Kos Kenanga Depok 1173,Depok,Pancoran Mas,750000,Campur,Ya,Ya,Tidak,Ya,Ya,Ya,Ya,Ya,Tidak,Ya,Tidak,Ya,Ya
1174,Kos Kenanga Depok 1174,Depok,Sawangan,2150000,Campur,Ya,Tidak,Tidak,Ya,Ya,Ya,Ya,Ya,Ya,Tidak,Tidak,Ya,Ya
1175,Kos Amanah Depok 1175,Depok,Sukmajaya,950000,Putri,Ya,Ya,Ya,Ya,Ya,Tidak,Ya,Ya,Tidak,Tidak,Tidak,Ya,Ya
1176,Kos Wijaya Depok 1176,Depok,Sukmajaya,2500000,Putri,Ya,Tidak,Ya,Ya,Tidak,Ya,Ya,Ya,Tidak,Ya,Ya,Ya,Ya
1177,Kos Mawar Depok 1177,Depok,Pancoran Mas,1850000,Putra,Ya,Ya,Ya,Ya,Ya,Ya,Ya,Ya,Tidak,Ya,Ya,Ya,Ya
1178,Kos Anggrek Depok 1178,Depok,Sawangan,1950000,Putra,Ya,Ya,Ya,Ya,Ya,Ya,Tidak,Ya,Tidak,Tidak,Tidak,Ya,Ya
1179,Kos Kenanga Depok 1179,Depok,Sawangan,1050000,Putri,Ya,Tidak,Ya,Ya,Tidak,Tidak,Tidak,Tidak,Tidak,Ya,Tidak,Tidak,Tidak
1180,Kos Cendana Depok 1180,Depok,Sawangan,1200000,Putra,Tidak,Tidak,Tidak,Ya,Ya,Ya,Tidak,Ya,Tidak,Ya,Tidak,Tidak,Ya
1181,Kos Kenanga Depok 1181,Depok,Beji,1450000,Putra,Ya,Ya,Ya,Ya,Ya,Ya,Tidak,Tidak,Tidak,Tidak,Tidak,Ya,Tidak
1182,Kos Kenanga Depok 1182,Depok,Cimanggis,1850000,Putra,Tidak,Tidak,Tidak,Ya,Ya,Ya,Ya,Ya,Tidak,Ya,Ya,Tidak,Ya
1183,Kos Mawar Depok 1183,Depok,Beji,1150000,Campur,Ya,Ya,Tidak,Ya,Ya,Ya,Ya,Ya,Tidak,Ya,Ya,Tidak,Ya
1184,Kos Permata Depok 1184,Depok,Cimanggis,700000,Putri,Ya,Ya,Tidak,Ya,Ya,Tidak,Ya,Ya,Tidak,Tidak,Ya,Ya,Ya
1185,Kos Harmoni Depok 1185,Depok,Sawangan,2450000,Putri,Ya,Tidak,Tidak,Ya,Ya,Tidak,Ya,Ya,Tidak,Ya,Ya,Ya,Ya
1186,Kos Permata Depok 1186,Depok,Beji,750000,Putra,Ya,Ya,Ya,Ya,Ya,Ya,Tidak,Ya,Tidak,Ya,Ya,Ya,Ya
1187,Kos Anggrek Depok 1187,Depok,Pancoran Mas,2500000,Campur,Ya,Tidak,Ya,Ya,Ya,Ya,Tidak,Ya,Tidak,Ya,Tidak,Tidak,Tidak
1188,Kos Harmoni Depok 1188,Depok,Sukmajaya,850000,Putra,Ya,Tidak,Ya,Ya,Ya,Ya,Tidak,Tidak,Tidak,Ya,Tidak,Ya,Ya
1189,Kos Sakura Depok 1189,Depok,Pancoran Mas,1300000,Putra,Ya,Tidak,Ya,Ya,Ya,Ya,Ya,Tidak,Tidak,Ya,Ya,Ya,Tidak
1190,Kos Amanah Depok 1190,Depok,Cimanggis,900000,Putri,Tidak,Tidak,Ya,Ya,Ya,Ya,Ya,Tidak,Ya,Tidak,Ya,Ya,Ya
1191,Kos Nusantara Depok 1191,Depok,Beji,1250000,Putra,Ya,Tidak,Tidak,Ya,Ya,Tidak,Ya,Ya,Tidak,Tidak,Ya,Tidak,Ya
1192,Kos Sakura Depok 1192,Depok,Beji,1100000,Putri,Ya,Ya,Tidak,Ya,Ya,Ya,Ya,Ya,Tidak,Ya,Ya,Ya,Tidak
1193,Kos Anggrek Depok 1193,Depok,Beji,2100000,Campur,Ya,Tidak,Tidak,Ya,Ya,Tidak,Tidak,Ya,Tidak,Ya,Ya,Tidak,Ya
1194,Kos Melati Depok 1194,Depok,Sawangan,1250000,Campur,Ya,Tidak,Ya,Ya,Ya,Ya,Tidak,Ya,Tidak,Tidak,Tidak,Ya,Ya
1195,Kos Puspa Depok 1195,Depok,Beji,1750000,Putri,Ya,Ya,Tidak,Ya,Ya,Tidak,Ya,Ya,Tidak,Ya,Tidak,Ya,Ya
1196,Kos Sakura Depok 1196,Depok,Beji,950000,Campur,Ya,Ya,Ya,Ya,Ya,Tidak,Tidak,Ya,Tidak,Ya,Tidak,Ya,Ya
1197,Kos Amanah Depok 1197,Depok,Beji,2250000,Putra,Ya,Ya,Tidak,Ya,Ya,Ya,Tidak,Ya,Tidak,Tidak,Tidak,Tidak,Tidak
1198,Kos Amanah Depok 1198,Depok,Beji,1250000,Putra,Ya,Tidak,Ya,Ya,Ya,Ya,Tidak,Ya,Tidak,Ya,Ya,Tidak,Tidak
1199,Kos Permata Depok 1199,Depok,Sukmajaya,1900000,Campur,Ya,Tidak,Tidak,Ya,Ya,Ya,Ya,Ya,Tidak,Ya,Ya,Ya,Ya
1200,Kos Amanah Depok 1200,Depok,Sawangan,1750000,Putra,Ya,Ya,Tidak,Ya,Ya,Tidak,Ya,Ya,Tidak,Tidak,Tidak,Ya,Tidak
1201,Kos Kenanga Depok 1201,Depok,Sawangan,1250000,Putri,Ya,Tidak,Ya,Ya,Ya,Ya,Tidak,Ya,Ya,Tidak,Ya,Tidak,Ya
1202,Kos Sakura Depok 1202,Depok,Beji,2000000,Putra,Ya,Ya,Tidak,Ya,Ya,Ya,Ya,Ya,Tidak,Ya,Tidak,Ya,Ya
1203,Kos Wijaya Depok 1203,Depok,Pancoran Mas,800000,Putra,Ya,Tidak,Ya,Ya,Ya,Ya,Ya,Ya,Ya,Tidak,Ya,Ya,Tidak
1204,Kos Sakura Depok 1204,Depok,Beji,2050000,Putri,Ya,Tidak,Tidak,Ya,Ya,Ya,Ya,Ya,Ya,Ya,Tidak,Tidak,Ya
1205,Kos Cendana Depok 1205,Depok,Pancoran Mas,1200000,Putra,Ya,Ya,Tidak,Ya,Ya,Ya,Ya,Ya,Ya,Tidak,Tidak,Ya,Ya
1206,Kos Wijaya Depok 1206,Depok,Sawangan,2000000,Putri,Ya,Ya,Ya,Ya,Tidak,Ya,Ya,Ya,Tidak,Tidak,Ya,Ya,Ya
1207,Kos Mawar Depok 1207,Depok,Beji,1900000,Putra,Tidak,Ya,Ya,Ya,Ya,Ya,Ya,Ya,Ya,Ya,Ya,Ya,Tidak
1208,Kos Nusantara Depok 1208,Depok,Sukmajaya,1050000,Putri,Tidak,Tidak,Tidak,Ya,Ya,Ya,Tidak,Ya,Tidak,Tidak,Tidak,Ya,Tidak
1209,Kos Sakura Depok 1209,Depok,Sawangan,1500000,Putri,Ya,Ya,Tidak,Ya,Ya,Ya,Tidak,Ya,Ya,Ya,Ya,Ya,Ya
1210,Kos Wijaya Depok 1210,Depok,Sawangan,1550000,Putri,Ya,Ya,Tidak,Ya,Ya,Tidak,Ya,Ya,Tidak,Ya,Tidak,Ya,Tidak
1211,Kos Mawar Depok 1211,Depok,Beji,1800000,Campur,Ya,Tidak,Tidak,Ya,Ya,Tidak,Ya,Ya,Tidak,Ya,Tidak,Tidak,Tidak
1212,Kos Nusantara Depok 1212,Depok,Beji,1800000,Putri,Ya,Tidak,Ya,Ya,Ya,Tidak,Ya,Ya,Tidak,Ya,Ya,Ya,Ya
1213,Kos Harmoni Depok 1213,Depok,Pancoran Mas,1250000,Campur,Ya,Ya,Tidak,Ya,Ya,Tidak,Tidak,Ya,Tidak,Tidak,Ya,Tidak,Tidak
1214,Kos Melati Depok 1214,Depok,Sawangan,1950000,Putra,Tidak,Ya,Tidak,Ya,Ya,Ya,Tidak,Tidak,Ya,Ya,Tidak,Ya,Ya
1215,Kos Melati Depok 1215,Depok,Sawangan,2300000,Putri,Ya,Ya,Tidak,Ya,Tidak,Ya,Tidak,Ya,Tidak,Tidak,Ya,Ya,Ya
1216,Kos Amanah Depok 1216,Depok,Cimanggis,1000000,Putri,Ya,Tidak,Ya,Ya,Ya,Tidak,Ya,Ya,Tidak,Tidak,Tidak,Ya,Tidak
1217,Kos Amanah Depok 1217,Depok,Sawangan,2100000,Campur,Ya,Tidak,Ya,Ya,Ya,Ya,Tidak,Ya,Ya,Tidak,Ya,Tidak,Ya
1218,Kos Mawar Depok 1218,Depok,Pancoran Mas,1950000,Putri,Ya,Tidak,Tidak,Ya,Ya,Ya,Ya,Ya,Tidak,Tidak,Ya,Ya,Tidak
1219,Kos Sakura Depok 1219,Depok,Sukmajaya,1700000,Putra,Ya,Tidak,Tidak,Ya,Ya,Ya,Ya,Ya,Ya,Ya,Ya,Ya,Ya
1220,Kos Wijaya Depok 1220,Depok,Sawangan,1650000,Putra,Ya,Ya,Tidak,Ya,Ya,Tidak,Tidak,Ya,Tidak,Ya,Tidak,Ya,Ya
1221,Kos Wijaya Depok 1221,Depok,Sukmajaya,900000,Campur,Ya,Tidak,Tidak,Ya,Ya,Ya,Ya,Ya,Tidak,Ya,Ya,Ya,Ya
1222,Kos Cendana Depok 1222,Depok,Beji,1900000,Putra,Ya,Tidak,Tidak,Ya,Ya,Ya,Ya,Ya,Tidak,Tidak,Ya,Tidak,Ya
1223,Kos Mawar Depok 1223,Depok,Pancoran Mas,1950000,Putra,Ya,Ya,Ya,Ya,Ya,Ya,Tidak,Ya,Tidak,Ya,Tidak,Ya,Tidak
1224,Kos Cendana Depok 1224,Depok,Sawangan,2450000,Putra,Ya,Ya,Ya,Ya,Ya,Ya,Tidak,Ya,Tidak,Ya,Tidak,Tidak,Ya
1225,Kos Harmoni Depok 1225,Depok,Beji,1150000,Campur,Ya,Ya,Tidak,Ya,Ya,Ya,Ya,Ya,Tidak,Tidak,Tidak,Ya,Ya
1226,Kos Harmoni Depok 1226,Depok,Beji,1800000,Putri,Ya,Ya,Ya,Ya,Ya,Ya,Ya,Ya,Tidak,Ya,Tidak,Tidak,Ya
1227,Kos Mawar Depok 1227,Depok,Beji,2350000,Putri,Ya,Ya,Tidak,Ya,Ya,Tidak,Tidak,Ya,Tidak,Ya,Ya,Tidak,Tidak
1228,Kos Sakura Depok 1228,Depok,Sawangan,800000,Putri,Ya,Tidak,Ya,Ya,Ya,Tidak,Ya,Ya,Ya,Ya,Tidak,Ya,Tidak
1229,Kos Anggrek Depok 1229,Depok,Sawangan,2050000,Campur,Ya,Ya,Ya,Ya,Ya,Ya,Tidak,Ya,Tidak,Ya,Tidak,Ya,Ya
1230,Kos Kenanga Depok 1230,Depok,Cimanggis,1650000,Putri,Ya,Tidak,Tidak,Ya,Ya,Tidak,Ya,Ya,Ya,Tidak,Tidak,Ya,Tidak
1231,Kos Melati Depok 1231,Depok,Pancoran Mas,1600000,Putra,Ya,Tidak,Tidak,Ya,Ya,Ya,Ya,Ya,Ya,Tidak,Ya,Ya,Ya
1232,Kos Amanah Depok 1232,Depok,Pancoran Mas,1150000,Putri,Ya,Ya,Tidak,Ya,Ya,Ya,Ya,Ya,Ya,Ya,Ya,Tidak,Tidak
1233,Kos Kenanga Depok 1233,Depok,Pancoran Mas,1800000,Putra,Ya,Ya,Tidak,Ya,Ya,Ya,Ya,Ya,Tidak,Tidak,Tidak,Ya,Ya
1234,Kos Puspa Depok 1234,Depok,Beji,1500000,Putri,Ya,Ya,Ya,Ya,Ya,Ya,Ya,Ya,Ya,Tidak,Tidak,Ya,Ya
1235,Kos Amanah Depok 1235,Depok,Beji,1800000,Putri,Ya,Ya,Tidak,Ya,Ya,Ya,Ya,Ya,Tidak,Tidak,Tidak,Ya,Tidak
1236,Kos Wijaya Depok 1236,Depok,Beji,900000,Putri,Ya,Tidak,Ya,Ya,Ya,Tidak,Ya,Ya,Ya,Tidak,Ya,Ya,Ya
1237,Kos Amanah Depok 1237,Depok,Sawangan,2200000,Putra,Ya,Tidak,Tidak,Ya,Tidak,Ya,Ya,Ya,Tidak,Ya,Tidak,Ya,Tidak
1238,Kos Cendana Depok 1238,Depok,Beji,1000000,Putri,Ya,Tidak,Ya,Ya,Ya,Ya,Ya,Ya,Tidak,Tidak,Ya,Ya,Ya
1239,Kos Melati Depok 1239,Depok,Sukmajaya,1400000,Putra,Ya,Ya,Tidak,Ya,Ya,Ya,Ya,Ya,Tidak,Tidak,Tidak,Ya,Ya
1240,Kos Melati Depok 1240,Depok,Beji,2400000,Putri,Ya,Tidak,Tidak,Ya,Ya,Ya,Ya,Tidak,Tidak,Tidak,Tidak,Tidak,Ya
1241,Kos Kenanga Depok 1241,Depok,Pancoran Mas,1600000,Putri,Ya,Ya,Ya,Ya,Ya,Tidak,Tidak,Ya,Ya,Ya,Tidak,Ya,Ya
1242,Kos Amanah Depok 1242,Depok,Sukmajaya,2500000,Putra,Ya,Ya,Tidak,Ya,Ya,Tidak,Tidak,Ya,Tidak,Ya,Ya,Tidak,Ya
1243,Kos Melati Depok 1243,Depok,Pancoran Mas,1650000,Putri,Ya,Tidak,Tidak,Ya,Ya,Ya,Ya,Ya,Tidak,Tidak,Tidak,Tidak,Tidak
1244,Kos Kenanga Depok 1244,Depok,Pancoran Mas,2050000,Putri,Ya,Tidak,Tidak,Ya,Ya,Ya,Tidak,Ya,Tidak,Tidak,Ya,Ya,Ya
1245,Kos Melati Depok 1245,Depok,Sawangan,1450000,Putri,Ya,Tidak,Ya,Ya,Ya,Ya,Tidak,Ya,Ya,Tidak,Tidak,Tidak,Ya
1246,Kos Permata Depok 1246,Depok,Pancoran Mas,1000000,Putri,Tidak,Tidak,Ya,Ya,Tidak,Ya,Ya,Ya,Tidak,Tidak,Tidak,Tidak,Tidak
1247,Kos Mawar Depok 1247,Depok,Cimanggis,700000,Campur,Ya,Ya,Ya,Ya,Ya,Tidak,Ya,Ya,Tidak,Ya,Tidak,Ya,Ya
1248,Kos Amanah Depok 1248,Depok,Sukmajaya,1100000,Putri,Ya,Ya,Tidak,Ya,Ya,Tidak,Ya,Ya,Tidak,Ya,Tidak,Ya,Tidak
1249,Kos Sakura Depok 1249,Depok,Sukmajaya,1350000,Putri,Ya,Ya,Tidak,Ya,Ya,Ya,Ya,Ya,Tidak,Tidak,Tidak,Ya,Ya
1250,Kos Puspa Depok 1250,Depok,Cimanggis,2500000,Putra,Ya,Ya,Ya,Ya,Ya,Tidak,Ya,Ya,Tidak,Tidak,Ya,Ya,Ya
1251,Kos Permata Depok 1251,Depok,Pancoran Mas,950000,Putri,Ya,Tidak,Ya,Ya,Ya,Ya,Ya,Ya,Tidak,Tidak,Ya,Ya,Ya
1252,Kos Sakura Depok 1252,Depok,Sawangan,1450000,Putri,Ya,Tidak,Ya,Ya,Ya,Ya,Ya,Ya,Ya,Ya,Ya,Ya,Ya
1253,Kos Kenanga Depok 1253,Depok,Beji,2000000,Putra,Ya,Ya,Ya,Ya,Ya,Tidak,Tidak,Ya,Tidak,Ya,Ya,Ya,Tidak
1254,Kos Anggrek Depok 1254,Depok,Beji,800000,Putra,Ya,Tidak,Tidak,Ya,Tidak,Ya,Tidak,Ya,Tidak,Tidak,Ya,Tidak,Ya
1255,Kos Kenanga Depok 1255,Depok,Cimanggis,1050000,Putri,Ya,Ya,Tidak,Ya,Ya,Ya,Ya,Ya,Ya,Tidak,Tidak,Ya,Ya
1256,Kos Permata Depok 1256,Depok,Beji,2500000,Putra,Ya,Tidak,Tidak,Ya,Ya,Ya,Ya,Ya,Tidak,Ya,Tidak,Tidak,Tidak
1257,Kos Cendana Depok 1257,Depok,Cimanggis,1100000,Campur,Ya,Tidak,Ya,Ya,Ya,Ya,Ya,Ya,Tidak,Ya,Tidak,Tidak,Tidak
1258,Kos Nusantara Depok 1258,Depok,Beji,1300000,Putra,Ya,Ya,Ya,Ya,Ya,Ya,Ya,Ya,Ya,Ya,Ya,Tidak,Ya
1259,Kos Amanah Depok 1259,Depok,Cimanggis,700000,Campur,Ya,Ya,Tidak,Ya,Ya,Ya,Ya,Ya,Tidak,Tidak,Ya,Ya,Ya
1260,Kos Sakura Depok 1260,Depok,Sukmajaya,1500000,Campur,Ya,Tidak,Tidak,Ya,Ya,Ya,Tidak,Ya,Tidak,Tidak,Tidak,Ya,Ya
1261,Kos Kenanga Depok 1261,Depok,Beji,750000,Putra,Tidak,Tidak,Ya,Ya,Ya,Tidak,Ya,Ya,Ya,Tidak,Ya,Ya,Ya
1262,Kos Puspa Depok 1262,Depok,Sukmajaya,1000000,Campur,Ya,Tidak,Tidak,Ya,Ya,Ya,Ya,Ya,Tidak,Tidak,Tidak,Ya,Ya
1263,Kos Sakura Depok 1263,Depok,Pancoran Mas,1850000,Putra,Tidak,Ya,Ya,Ya,Tidak,Ya,Tidak,Ya,Ya,Ya,Ya,Tidak,Ya
1264,Kos Harmoni Depok 1264,Depok,Sukmajaya,1900000,Putri,Ya,Ya,Ya,Ya,Ya,Ya,Tidak,Ya,Ya,Ya,Ya,Tidak,Ya
1265,Kos Harmoni Depok 1265,Depok,Cimanggis,2000000,Putri,Ya,Ya,Ya,Ya,Ya,Ya,Ya,Ya,Ya,Tidak,Tidak,Ya,Ya
1266,Kos Puspa Depok 1266,Depok,Beji,750000,Campur,Ya,Ya,Ya,Ya,Ya,Ya,Ya,Ya,Tidak,Ya,Tidak,Ya,Tidak
1267,Kos Melati Depok 1267,Depok,Cimanggis,2250000,Putra,Ya,Ya,Ya,Ya,Ya,Ya,Ya,Ya,Ya,Tidak,Tidak,Tidak,Ya
1268,Kos Melati Depok 1268,Depok,Cimanggis,700000,Putri,Ya,Tidak,Ya,Ya,Ya,Ya,Ya,Ya,Ya,Ya,Tidak,Ya,Tidak
1269,Kos Sakura Depok 1269,Depok,Sukmajaya,1250000,Putra,Ya,Ya,Tidak,Ya,Ya,Ya,Ya,Ya,Tidak,Ya,Ya,Ya,Ya
1270,Kos Puspa Depok 1270,Depok,Beji,1350000,Putri,Ya,Tidak,Ya,Ya,Ya,Tidak,Tidak,Ya,Tidak,Tidak,Tidak,Ya,Ya
1271,Kos Kenanga Depok 1271,Depok,Sukmajaya,1800000,Putri,Ya,Tidak,Ya,Ya,Ya,Ya,Ya,Ya,Tidak,Ya,Tidak,Tidak,Ya
1272,Kos Nusantara Depok 1272,Depok,Sukmajaya,2400000,Campur,Ya,Ya,Ya,Ya,Ya,Ya,Ya,Tidak,Tidak,Tidak,Ya,Ya,Tidak
1273,Kos Kenanga Depok 1273,Depok,Beji,2300000,Putri,Ya,Tidak,Tidak,Ya,Ya,Ya,Ya,Ya,Tidak,Ya,Ya,Ya,Ya
1274,Kos Nusantara Depok 1274,Depok,Sawangan,1300000,Putri,Ya,Tidak,Tidak,Ya,Tidak,Ya,Ya,Ya,Tidak,Ya,Ya,Ya,Ya
1275,Kos Puspa Depok 1275,Depok,Sawangan,2000000,Putra,Tidak,Tidak,Tidak,Ya,Ya,Tidak,Ya,Ya,Tidak,Ya,Tidak,Ya,Ya
1276,Kos Harmoni Depok 1276,Depok,Pancoran Mas,700000,Putra,Ya,Ya,Tidak,Ya,Ya,Tidak,Ya,Ya,Tidak,Tidak,Tidak,Ya,Ya
1277,Kos Melati Depok 1277,Depok,Beji,1500000,Putra,Ya,Ya,Ya,Ya,Ya,Ya,Ya,Ya,Ya,Ya,Tidak,Ya,Tidak
1278,Kos Puspa Depok 1278,Depok,Sawangan,2500000,Putri,Ya,Ya,Tidak,Ya,Ya,Ya,Tidak,Ya,Tidak,Ya,Tidak,Tidak,Tidak
1279,Kos Kenanga Depok 1279,Depok,Cimanggis,1450000,Putra,Ya,Tidak,Ya,Ya,Ya,Tidak,Ya,Tidak,Tidak,Tidak,Tidak,Ya,Ya
1280,Kos Cendana Depok 1280,Depok,Beji,1700000,Putra,Ya,Tidak,Tidak,Ya,Ya,Ya,Ya,Ya,Tidak,Tidak,Ya,Ya,Tidak
1281,Kos Melati Depok 1281,Depok,Sukmajaya,1350000,Putra,Ya,Tidak,Tidak,Ya,Ya,Ya,Ya,Ya,Ya,Ya,Tidak,Tidak,Ya
1282,Kos Mawar Depok 1282,Depok,Beji,850000,Putri,Ya,Ya,Ya,Ya,Ya,Tidak,Ya,Ya,Tidak,Tidak,Tidak,Ya,Ya
1283,Kos Kenanga Depok 1283,Depok,Beji,1150000,Campur,Ya,Tidak,Ya,Ya,Ya,Tidak,Tidak,Ya,Ya,Ya,Ya,Ya,Tidak
1284,Kos Sakura Depok 1284,Depok,Pancoran Mas,1800000,Campur,Ya,Ya,Ya,Ya,Ya,Ya,Tidak,Ya,Tidak,Tidak,Ya,Tidak,Ya
1285,Kos Permata Depok 1285,Depok,Sukmajaya,1800000,Putri,Ya,Ya,Ya,Ya,Ya,Tidak,Tidak,Ya,Tidak,Tidak,Tidak,Tidak,Ya
1286,Kos Sakura Depok 1286,Depok,Cimanggis,950000,Putra,Ya,Tidak,Ya,Ya,Ya,Ya,Ya,Ya,Tidak,Ya,Ya,Ya,Ya
1287,Kos Cendana Depok 1287,Depok,Sukmajaya,700000,Putri,Ya,Tidak,Ya,Ya,Tidak,Ya,Tidak,Tidak,Tidak,Ya,Ya,Ya,Ya
1288,Kos Sakura Depok 1288,Depok,Cimanggis,2000000,Campur,Ya,Tidak,Ya,Ya,Ya,Tidak,Tidak,Ya,Tidak,Tidak,Tidak,Ya,Ya
1289,Kos Amanah Depok 1289,Depok,Pancoran Mas,1500000,Putra,Ya,Ya,Tidak,Ya,Ya,Ya,Ya,Ya,Tidak,Tidak,Tidak,Ya,Tidak
1290,Kos Mawar Depok 1290,Depok,Sawangan,1950000,Campur,Ya,Ya,Tidak,Ya,Ya,Ya,Tidak,Ya,Tidak,Ya,Ya,Tidak,Ya
1291,Kos Cendana Depok 1291,Depok,Cimanggis,2300000,Campur,Ya,Ya,Ya,Ya,Ya,Ya,Ya,Ya,Tidak,Tidak,Tidak,Ya,Tidak
1292,Kos Cendana Depok 1292,Depok,Sawangan,2200000,Campur,Ya,Tidak,Ya,Ya,Ya,Ya,Ya,Ya,Tidak,Ya,Tidak,Ya,Ya
1293,Kos Anggrek Depok 1293,Depok,Cimanggis,1500000,Putri,Tidak,Ya,Ya,Ya,Ya,Ya,Ya,Ya,Tidak,Tidak,Tidak,Tidak,Ya
1294,Kos Puspa Depok 1294,Depok,Cimanggis,1300000,Putri,Ya,Ya,Ya,Ya,Ya,Ya,Ya,Ya,Tidak,Tidak,Ya,Ya,Ya
1295,Kos Melati Depok 1295,Depok,Sawangan,2350000,Putra,Ya,Ya,Ya,Ya,Ya,Ya,Ya,Ya,Tidak,Ya,Tidak,Ya,Ya
1296,Kos Kenanga Depok 1296,Depok,Pancoran Mas,1550000,Putra,Ya,Tidak,Tidak,Ya,Ya,Tidak,Ya,Ya,Tidak,Tidak,Ya,Ya,Tidak
1297,Kos Permata Depok 1297,Depok,Sawangan,1900000,Putra,Ya,Ya,Ya,Ya,Ya,Ya,Ya,Tidak,Tidak,Tidak,Ya,Ya,Tidak
1298,Kos Mawar Depok 1298,Depok,Pancoran Mas,1650000,Campur,Ya,Ya,Tidak,Ya,Ya,Ya,Ya,Ya,Tidak,Tidak,Ya,Tidak,Ya
1299,Kos Wijaya Depok 1299,Depok,Pancoran Mas,1800000,Putri,Ya,Ya,Ya,Ya,Ya,Tidak,Ya,Ya,Tidak,Ya,Tidak,Ya,Ya
1300,Kos Melati Depok 1300,Depok,Beji,1350000,Campur,Ya,Tidak,Ya,Ya,Ya,Ya,Tidak,Ya,Tidak,Tidak,Ya,Ya,Ya
1301,Kos Puspa Depok 1301,Depok,Beji,1400000,Putri,Ya,Ya,Ya,Ya,Ya,Ya,Ya,Ya,Tidak,Ya,Tidak,Ya,Tidak
1302,Kos Wijaya Depok 1302,Depok,Sukmajaya,2200000,Putri,Tidak,Ya,Ya,Ya,Ya,Ya,Ya,Tidak,Ya,Tidak,Tidak,Tidak,Ya
1303,Kos Nusantara Depok 1303,Depok,Sawangan,1850000,Campur,Ya,Ya,Ya,Ya,Ya,Ya,Ya,Ya,Tidak,Ya,Tidak,Ya,Ya
1304,Kos Melati Depok 1304,Depok,Cimanggis,800000,Campur,Ya,Tidak,Ya,Ya,Ya,Ya,Tidak,Ya,Tidak,Ya,Ya,Ya,Tidak
1305,Kos Melati Depok 1305,Depok,Pancoran Mas,2500000,Campur,Ya,Tidak,Ya,Ya,Ya,Ya,Ya,Ya,Tidak,Ya,Tidak,Ya,Ya
1306,Kos Mawar Depok 1306,Depok,Pancoran Mas,1300000,Putri,Tidak,Ya,Tidak,Ya,Ya,Ya,Ya,Ya,Tidak,Tidak,Tidak,Ya,Ya
1307,Kos Kenanga Depok 1307,Depok,Sawangan,1600000,Putri,Tidak,Tidak,Tidak,Ya,Ya,Tidak,Ya,Ya,Tidak,Tidak,Tidak,Tidak,Ya
1308,Kos Amanah Depok 1308,Depok,Sukmajaya,2450000,Campur,Ya,Ya,Tidak,Ya,Ya,Ya,Tidak,Ya,Tidak,Ya,Ya,Ya,Ya
1309,Kos Kenanga Depok 1309,Depok,Cimanggis,2000000,Putra,Ya,Ya,Tidak,Ya,Ya,Tidak,Ya,Ya,Tidak,Ya,Ya,Ya,Ya
1310,Kos Cendana Depok 1310,Depok,Beji,2100000,Campur,Tidak,Ya,Tidak,Ya,Ya,Ya,Tidak,Ya,Tidak,Ya,Tidak,Tidak,Ya
1311,Kos Puspa Depok 1311,Depok,Cimanggis,1200000,Putra,Ya,Ya,Ya,Ya,Ya,Ya,Ya,Ya,Tidak,Ya,Tidak,Ya,Ya
1312,Kos Mawar Depok 1312,Depok,Cimanggis,1350000,Putra,Ya,Ya,Tidak,Ya,Ya,Tidak,Tidak,Ya,Tidak,Ya,Ya,Ya,Ya
1313,Kos Harmoni Depok 1313,Depok,Sawangan,750000,Campur,Ya,Ya,Ya,Ya,Ya,Ya,Ya,Ya,Ya,Tidak,Ya,Ya,Ya
1314,Kos Permata Depok 1314,Depok,Sawangan,1950000,Campur,Ya,Ya,Ya,Ya,Ya,Tidak,Tidak,Ya,Tidak,Ya,Ya,Ya,Tidak
1315,Kos Melati Depok 1315,Depok,Pancoran Mas,1750000,Putra,Ya,Ya,Tidak,Ya,Ya,Ya,Ya,Ya,Ya,Tidak,Ya,Ya,Ya
1316,Kos Nusantara Depok 1316,Depok,Beji,1500000,Putri,Ya,Tidak,Ya,Ya,Ya,Ya,Ya,Ya,Tidak,Tidak,Tidak,Ya,Tidak
1317,Kos Puspa Depok 1317,Depok,Pancoran Mas,2200000,Putra,Tidak,Tidak,Tidak,Ya,Ya,Ya,Ya,Ya,Ya,Ya,Tidak,Ya,Tidak
1318,Kos Amanah Depok 1318,Depok,Sawangan,2150000,Putri,Ya,Ya,Tidak,Ya,Ya,Ya,Tidak,Ya,Tidak,Tidak,Tidak,Ya,Ya
1319,Kos Sakura Depok 1319,Depok,Cimanggis,1350000,Putra,Ya,Ya,Ya,Ya,Ya,Ya,Ya,Ya,Tidak,Ya,Ya,Ya,Ya
1320,Kos Wijaya Depok 1320,Depok,Pancoran Mas,850000,Campur,Ya,Ya,Tidak,Ya,Ya,Ya,Ya,Ya,Tidak,Tidak,Ya,Ya,Ya
1321,Kos Harmoni Depok 1321,Depok,Sawangan,1250000,Putra,Ya,Tidak,Ya,Ya,Ya,Tidak,Ya,Ya,Ya,Ya,Ya,Ya,Ya
1322,Kos Wijaya Depok 1322,Depok,Sawangan,750000,Campur,Ya,Tidak,Tidak,Ya,Tidak,Tidak,Ya,Tidak,Tidak,Ya,Ya,Ya,Ya
1323,Kos Kenanga Depok 1323,Depok,Sawangan,1300000,Putra,Ya,Tidak,Tidak,Ya,Ya,Tidak,Ya,Tidak,Tidak,Tidak,Tidak,Ya,Tidak
1324,Kos Cendana Depok 1324,Depok,Beji,2400000,Putra,Ya,Ya,Ya,Ya,Ya,Ya,Tidak,Ya,Tidak,Tidak,Tidak,Ya,Ya
1325,Kos Puspa Depok 1325,Depok,Pancoran Mas,1100000,Putri,Ya,Tidak,Tidak,Ya,Ya,Ya,Tidak,Ya,Tidak,Tidak,Ya,Ya,Ya
1326,Kos Mawar Depok 1326,Depok,Pancoran Mas,2050000,Putri,Ya,Tidak,Ya,Ya,Ya,Ya,Ya,Ya,Ya,Tidak,Ya,Tidak,Tidak
1327,Kos Amanah Depok 1327,Depok,Beji,2300000,Campur,Ya,Tidak,Tidak,Ya,Ya,Ya,Tidak,Ya,Ya,Ya,Tidak,Ya,Ya
1328,Kos Sakura Depok 1328,Depok,Sawangan,800000,Putra,Ya,Tidak,Ya,Ya,Ya,Ya,Ya,Ya,Ya,Tidak,Tidak,Tidak,Ya
1329,Kos Anggrek Depok 1329,Depok,Pancoran Mas,1450000,Putra,Ya,Tidak,Tidak,Ya,Tidak,Tidak,Ya,Ya,Tidak,Tidak,Ya,Ya,Tidak
1330,Kos Anggrek Depok 1330,Depok,Sukmajaya,1750000,Campur,Ya,Ya,Ya,Ya,Ya,Tidak,Tidak,Ya,Tidak,Tidak,Ya,Tidak,Ya
1331,Kos Kenanga Depok 1331,Depok,Pancoran Mas,1950000,Campur,Ya,Ya,Tidak,Ya,Ya,Tidak,Tidak,Ya,Tidak,Tidak,Tidak,Ya,Tidak
1332,Kos Sakura Depok 1332,Depok,Sawangan,850000,Putri,Ya,Ya,Tidak,Ya,Ya,Ya,Tidak,Tidak,Ya,Ya,Tidak,Ya,Ya
1333,Kos Puspa Depok 1333,Depok,Sukmajaya,1550000,Putra,Ya,Tidak,Ya,Ya,Ya,Ya,Ya,Ya,Ya,Tidak,Ya,Ya,Ya
1334,Kos Melati Depok 1334,Depok,Pancoran Mas,1000000,Putri,Ya,Ya,Tidak,Ya,Ya,Ya,Ya,Ya,Tidak,Tidak,Ya,Ya,Ya
1335,Kos Nusantara Depok 1335,Depok,Beji,2050000,Putra,Ya,Ya,Tidak,Ya,Ya,Ya,Ya,Ya,Tidak,Tidak,Ya,Ya,Tidak
1336,Kos Anggrek Depok 1336,Depok,Pancoran Mas,1750000,Putri,Ya,Ya,Ya,Ya,Ya,Ya,Tidak,Ya,Tidak,Ya,Ya,Ya,Ya
1337,Kos Sakura Depok 1337,Depok,Sukmajaya,2150000,Putri,Ya,Ya,Tidak,Ya,Ya,Ya,Ya,Ya,Tidak,Tidak,Ya,Tidak,Ya
1338,Kos Melati Depok 1338,Depok,Sawangan,1250000,Putri,Ya,Tidak,Ya,Ya,Ya,Tidak,Ya,Ya,Tidak,Tidak,Tidak,Ya,Ya
1339,Kos Cendana Depok 1339,Depok,Cimanggis,1800000,Putra,Tidak,Ya,Tidak,Ya,Ya,Ya,Tidak,Ya,Ya,Ya,Ya,Ya,Ya
1340,Kos Cendana Depok 1340,Depok,Sawangan,1300000,Campur,Ya,Tidak,Ya,Ya,Ya,Ya,Ya,Ya,Ya,Tidak,Tidak,Tidak,Ya
1341,Kos Sakura Depok 1341,Depok,Sukmajaya,1650000,Campur,Ya,Tidak,Ya,Ya,Ya,Tidak,Ya,Ya,Ya,Tidak,Ya,Ya,Ya
1342,Kos Nusantara Depok 1342,Depok,Cimanggis,1200000,Campur,Ya,Tidak,Ya,Ya,Ya,Tidak,Ya,Ya,Ya,Tidak,Ya,Ya,Ya
1343,Kos Kenanga Depok 1343,Depok,Sawangan,2500000,Putra,Tidak,Ya,Tidak,Ya,Ya,Tidak,Tidak,Ya,Ya,Tidak,Tidak,Ya,Ya
1344,Kos Mawar Depok 1344,Depok,Sawangan,1850000,Putri,Ya,Ya,Tidak,Ya,Ya,Ya,Tidak,Ya,Tidak,Ya,Tidak,Tidak,Tidak
1345,Kos Sakura Depok 1345,Depok,Pancoran Mas,1200000,Putra,Ya,Ya,Ya,Ya,Ya,Ya,Ya,Ya,Tidak,Tidak,Ya,Tidak,Ya
1346,Kos Wijaya Depok 1346,Depok,Beji,2000000,Campur,Ya,Ya,Tidak,Ya,Ya,Ya,Ya,Tidak,Tidak,Ya,Tidak,Ya,Ya
1347,Kos Melati Depok 1347,Depok,Cimanggis,2050000,Putri,Ya,Tidak,Tidak,Ya,Ya,Ya,Ya,Tidak,Ya,Tidak,Ya,Ya,Ya
1348,Kos Sakura Depok 1348,Depok,Pancoran Mas,1000000,Putri,Ya,Tidak,Ya,Ya,Ya,Ya,Ya,Ya,Tidak,Tidak,Ya,Ya,Ya
1349,Kos Wijaya Depok 1349,Depok,Pancoran Mas,1500000,Putri,Ya,Tidak,Ya,Ya,Ya,Ya,Ya,Ya,Tidak,Ya,Tidak,Tidak,Tidak
1350,Kos Puspa Depok 1350,Depok,Sawangan,2500000,Putra,Ya,Tidak,Tidak,Ya,Ya,Tidak,Ya,Ya,Ya,Tidak,Ya,Ya,Tidak
1351,Kos Harmoni Depok 1351,Depok,Sawangan,1900000,Putri,Ya,Ya,Tidak,Ya,Ya,Ya,Ya,Ya,Ya,Ya,Ya,Ya,Tidak
1352,Kos Amanah Depok 1352,Depok,Pancoran Mas,1300000,Putri,Ya,Tidak,Ya,Ya,Ya,Ya,Ya,Ya,Tidak,Tidak,Ya,Ya,Ya
1353,Kos Wijaya Depok 1353,Depok,Sukmajaya,1450000,Putra,Ya,Ya,Tidak,Ya,Tidak,Ya,Ya,Ya,Tidak,Tidak,Tidak,Tidak,Ya
1354,Kos Kenanga Depok 1354,Depok,Pancoran Mas,2150000,Putri,Ya,Ya,Tidak,Ya,Ya,Ya,Ya,Ya,Tidak,Ya,Tidak,Ya,Tidak
1355,Kos Amanah Depok 1355,Depok,Pancoran Mas,1900000,Campur,Ya,Ya,Ya,Ya,Ya,Tidak,Ya,Ya,Tidak,Tidak,Ya,Ya,Tidak
1356,Kos Sakura Depok 1356,Depok,Cimanggis,2200000,Campur,Ya,Tidak,Tidak,Ya,Ya,Ya,Ya,Ya,Tidak,Tidak,Tidak,Ya,Tidak
1357,Kos Wijaya Depok 1357,Depok,Beji,1750000,Campur,Ya,Tidak,Ya,Ya,Ya,Ya,Tidak,Ya,Tidak,Ya,Ya,Ya,Ya
1358,Kos Melati Depok 1358,Depok,Sawangan,1100000,Putra,Ya,Ya,Ya,Ya,Ya,Ya,Ya,Ya,Tidak,Tidak,Ya,Ya,Tidak
1359,Kos Anggrek Depok 1359,Depok,Sawangan,800000,Putri,Ya,Ya,Tidak,Ya,Ya,Ya,Tidak,Ya,Tidak,Ya,Tidak,Ya,Ya
1360,Kos Permata Depok 1360,Depok,Sukmajaya,750000,Campur,Ya,Tidak,Ya,Ya,Ya,Ya,Ya,Ya,Tidak,Tidak,Tidak,Ya,Tidak
1361,Kos Amanah Depok 1361,Depok,Beji,2000000,Putri,Ya,Tidak,Ya,Ya,Ya,Ya,Ya,Ya,Tidak,Tidak,Ya,Tidak,Ya
1362,Kos Cendana Depok 1362,Depok,Sawangan,950000,Putri,Ya,Ya,Ya,Ya,Ya,Ya,Tidak,Ya,Ya,Ya,Tidak,Ya,Tidak
1363,Kos Mawar Depok 1363,Depok,Sawangan,2050000,Campur,Ya,Tidak,Ya,Ya,Ya,Ya,Tidak,Tidak,Tidak,Tidak,Ya,Ya,Tidak
1364,Kos Anggrek Depok 1364,Depok,Sukmajaya,750000,Putra,Ya,Ya,Ya,Ya,Ya,Ya,Tidak,Ya,Tidak,Tidak,Tidak,Ya,Tidak
1365,Kos Cendana Depok 1365,Depok,Pancoran Mas,1550000,Putra,Ya,Tidak,Tidak,Ya,Ya,Tidak,Ya,Ya,Tidak,Tidak,Ya,Ya,Tidak
1366,Kos Amanah Depok 1366,Depok,Sawangan,700000,Putri,Tidak,Tidak,Ya,Ya,Ya,Tidak,Tidak,Ya,Tidak,Tidak,Ya,Tidak,Ya
1367,Kos Puspa Depok 1367,Depok,Pancoran Mas,2300000,Putra,Ya,Tidak,Tidak,Ya,Ya,Ya,Tidak,Ya,Tidak,Tidak,Ya,Ya,Tidak
1368,Kos Cendana Depok 1368,Depok,Beji,2350000,Putri,Ya,Tidak,Tidak,Ya,Ya,Ya,Ya,Ya,Tidak,Ya,Tidak,Ya,Ya
1369,Kos Mawar Depok 1369,Depok,Beji,2150000,Putra,Ya,Tidak,Ya,Ya,Ya,Ya,Ya,Ya,Ya,Tidak,Ya,Ya,Ya
1370,Kos Puspa Depok 1370,Depok,Cimanggis,1050000,Putra,Ya,Tidak,Ya,Ya,Ya,Ya,Ya,Ya,Ya,Tidak,Ya,Ya,Ya
1371,Kos Permata Depok 1371,Depok,Sukmajaya,1550000,Putra,Ya,Ya,Ya,Ya,Ya,Ya,Ya,Ya,Tidak,Tidak,Tidak,Tidak,Ya
1372,Kos Permata Depok 1372,Depok,Pancoran Mas,1650000,Putra,Ya,Tidak,Tidak,Ya,Ya,Ya,Tidak,Ya,Tidak,Tidak,Ya,Ya,Tidak
1373,Kos Nusantara Depok 1373,Depok,Beji,1450000,Putri,Ya,Ya,Tidak,Ya,Ya,Tidak,Ya,Ya,Tidak,Ya,Tidak,Ya,Ya
1374,Kos Kenanga Depok 1374,Depok,Sawangan,950000,Putri,Ya,Ya,Ya,Ya,Ya,Ya,Ya,Ya,Tidak,Ya,Ya,Ya,Tidak
1375,Kos Nusantara Depok 1375,Depok,Sawangan,2100000,Campur,Ya,Tidak,Tidak,Ya,Ya,Ya,Ya,Ya,Tidak,Tidak,Tidak,Ya,Ya
1376,Kos Cendana Depok 1376,Depok,Cimanggis,1600000,Putri,Ya,Ya,Tidak,Ya,Ya,Ya,Ya,Ya,Tidak,Ya,Tidak,Ya,Ya
1377,Kos Sakura Depok 1377,Depok,Cimanggis,2500000,Putri,Ya,Tidak,Tidak,Ya,Ya,Tidak,Tidak,Ya,Ya,Ya,Ya,Ya,Ya
1378,Kos Permata Depok 1378,Depok,Pancoran Mas,2450000,Putra,Ya,Ya,Ya,Ya,Ya,Tidak,Ya,Ya,Tidak,Ya,Tidak,Tidak,Tidak
1379,Kos Kenanga Depok 1379,Depok,Sawangan,1250000,Putra,Ya,Tidak,Ya,Ya,Tidak,Ya,Ya,Ya,Tidak,Ya,Tidak,Ya,Ya
1380,Kos Mawar Depok 1380,Depok,Beji,900000,Putra,Tidak,Tidak,Tidak,Ya,Ya,Ya,Ya,Ya,Ya,Tidak,Ya,Tidak,Ya
1381,Kos Kenanga Depok 1381,Depok,Sawangan,900000,Putra,Ya,Tidak,Tidak,Ya,Ya,Ya,Ya,Ya,Ya,Tidak,Tidak,Ya,Tidak
1382,Kos Wijaya Depok 1382,Depok,Sukmajaya,1200000,Putri,Ya,Ya,Tidak,Ya,Ya,Ya,Tidak,Ya,Ya,Tidak,Tidak,Ya,Tidak
1383,Kos Wijaya Depok 1383,Depok,Cimanggis,1000000,Putri,Ya,Tidak,Ya,Ya,Ya,Ya,Tidak,Ya,Tidak,Ya,Tidak,Ya,Tidak
1384,Kos Cendana Depok 1384,Depok,Pancoran Mas,700000,Putra,Ya,Tidak,Ya,Ya,Ya,Ya,Tidak,Ya,Tidak,Tidak,Ya,Tidak,Ya
1385,Kos Permata Depok 1385,Depok,Sukmajaya,700000,Putra,Ya,Ya,Tidak,Ya,Ya,Ya,Ya,Ya,Tidak,Tidak,Ya,Tidak,Tidak
1386,Kos Amanah Depok 1386,Depok,Cimanggis,1300000,Putri,Ya,Ya,Ya,Ya,Ya,Ya,Tidak,Ya,Tidak,Tidak,Tidak,Ya,Ya
1387,Kos Puspa Depok 1387,Depok,Beji,1300000,Putri,Ya,Tidak,Ya,Ya,Ya,Ya,Ya,Ya,Tidak,Ya,Ya,Ya,Tidak
1388,Kos Mawar Depok 1388,Depok,Cimanggis,2400000,Putri,Ya,Ya,Ya,Ya,Ya,Tidak,Tidak,Ya,Tidak,Ya,Tidak,Tidak,Ya
1389,Kos Nusantara Depok 1389,Depok,Sawangan,1800000,Putra,Ya,Ya,Tidak,Ya,Ya,Tidak,Tidak,Ya,Tidak,Tidak,Tidak,Tidak,Ya
1390,Kos Mawar Depok 1390,Depok,Sukmajaya,1800000,Putri,Ya,Tidak,Ya,Ya,Ya,Ya,Ya,Ya,Tidak,Ya,Tidak,Ya,Ya
1391,Kos Permata Depok 1391,Depok,Cimanggis,2200000,Putra,Ya,Tidak,Ya,Ya,Ya,Ya,Ya,Ya,Tidak,Ya,Tidak,Ya,Ya
1392,Kos Nusantara Depok 1392,Depok,Sawangan,1150000,Putra,Ya,Tidak,Tidak,Ya,Ya,Ya,Ya,Ya,Tidak,Tidak,Tidak,Ya,Tidak
1393,Kos Kenanga Depok 1393,Depok,Beji,2100000,Putri,Ya,Ya,Ya,Ya,Ya,Tidak,Tidak,Ya,Ya,Tidak,Tidak,Ya,Ya
1394,Kos Wijaya Depok 1394,Depok,Pancoran Mas,1300000,Putra,Ya,Ya,Ya,Ya,Ya,Ya,Tidak,Ya,Tidak,Tidak,Tidak,Tidak,Ya
1395,Kos Amanah Depok 1395,Depok,Beji,1200000,Putra,Ya,Tidak,Ya,Ya,Ya,Ya,Ya,Ya,Tidak,Ya,Ya,Ya,Ya
1396,Kos Sakura Depok 1396,Depok,Cimanggis,1900000,Putra,Ya,Ya,Tidak,Ya,Ya,Tidak,Tidak,Ya,Tidak,Tidak,Ya,Ya,Tidak
1397,Kos Permata Depok 1397,Depok,Pancoran Mas,1150000,Putra,Ya,Ya,Ya,Ya,Ya,Ya,Ya,Ya,Ya,Tidak,Ya,Ya,Ya
1398,Kos Permata Depok 1398,Depok,Pancoran Mas,1300000,Putra,Ya,Tidak,Tidak,Ya,Ya,Tidak,Ya,Ya,Tidak,Tidak,Tidak,Tidak,Ya
1399,Kos Wijaya Depok 1399,Depok,Pancoran Mas,1450000,Putra,Ya,Ya,Tidak,Ya,Ya,Ya,Tidak,Ya,Tidak,Tidak,Tidak,Tidak,Ya
1400,Kos Mawar Depok 1400,Depok,Pancoran Mas,1900000,Putri,Ya,Ya,Ya,Ya,Ya,Ya,Tidak,Ya,Tidak,Ya,Ya,Tidak,Tidak
1401,Kos Wijaya Depok 1401,Depok,Sukmajaya,700000,Putri,Ya,Tidak,Ya,Ya,Ya,Ya,Ya,Ya,Tidak,Ya,Tidak,Ya,Ya
1402,Kos Sakura Depok 1402,Depok,Pancoran Mas,2150000,Campur,Ya,Ya,Ya,Ya,Ya,Ya,Ya,Ya,Ya,Ya,Ya,Ya,Ya
1403,Kos Amanah Depok 1403,Depok,Sukmajaya,2250000,Campur,Ya,Tidak,Ya,Ya,Ya,Ya,Tidak,Tidak,Ya,Tidak,Tidak,Ya,Tidak
1404,Kos Melati Depok 1404,Depok,Beji,2450000,Putra,Ya,Ya,Ya,Ya,Ya,Tidak,Ya,Ya,Tidak,Tidak,Tidak,Tidak,Ya
1405,Kos Puspa Depok 1405,Depok,Sukmajaya,1150000,Putra,Ya,Tidak,Tidak,Ya,Ya,Ya,Ya,Ya,Tidak,Tidak,Ya,Ya,Tidak
1406,Kos Amanah Depok 1406,Depok,Pancoran Mas,2000000,Campur,Ya,Ya,Tidak,Ya,Ya,Ya,Tidak,Ya,Tidak,Ya,Tidak,Ya,Ya
1407,Kos Melati Depok 1407,Depok,Cimanggis,2250000,Campur,Ya,Ya,Ya,Ya,Tidak,Ya,Ya,Ya,Tidak,Tidak,Ya,Ya,Tidak
1408,Kos Wijaya Depok 1408,Depok,Sukmajaya,1850000,Putra,Ya,Ya,Tidak,Ya,Ya,Ya,Ya,Ya,Ya,Tidak,Ya,Ya,Ya
1409,Kos Cendana Depok 1409,Depok,Cimanggis,2050000,Campur,Ya,Ya,Tidak,Ya,Ya,Ya,Ya,Ya,Tidak,Tidak,Tidak,Tidak,Ya
1410,Kos Amanah Depok 1410,Depok,Cimanggis,2450000,Campur,Tidak,Tidak,Ya,Ya,Ya,Ya,Tidak,Ya,Ya,Ya,Tidak,Ya,Ya
1411,Kos Melati Depok 1411,Depok,Sawangan,1250000,Putra,Ya,Ya,Tidak,Ya,Tidak,Tidak,Tidak,Ya,Tidak,Ya,Ya,Tidak,Tidak
1412,Kos Kenanga Depok 1412,Depok,Sukmajaya,800000,Putra,Ya,Ya,Ya,Ya,Ya,Tidak,Tidak,Ya,Tidak,Tidak,Ya,Ya,Tidak
1413,Kos Harmoni Depok 1413,Depok,Sawangan,1200000,Putra,Ya,Ya,Ya,Ya,Ya,Ya,Tidak,Tidak,Tidak,Tidak,Tidak,Ya,Ya
1414,Kos Sakura Depok 1414,Depok,Sawangan,1550000,Putra,Ya,Ya,Ya,Ya,Ya,Ya,Ya,Ya,Tidak,Ya,Ya,Ya,Tidak
1415,Kos Nusantara Depok 1415,Depok,Sukmajaya,1100000,Campur,Ya,Ya,Tidak,Ya,Ya,Ya,Tidak,Ya,Tidak,Ya,Ya,Ya,Tidak
1416,Kos Harmoni Depok 1416,Depok,Pancoran Mas,1150000,Putra,Ya,Tidak,Ya,Ya,Ya,Ya,Ya,Ya,Ya,Ya,Tidak,Ya,Ya
1417,Kos Wijaya Depok 1417,Depok,Cimanggis,1650000,Putri,Ya,Tidak,Tidak,Ya,Ya,Ya,Ya,Ya,Ya,Ya,Tidak,Ya,Tidak
1418,Kos Melati Depok 1418,Depok,Beji,2200000,Campur,Ya,Tidak,Ya,Ya,Ya,Ya,Ya,Ya,Tidak,Ya,Tidak,Ya,Ya
1419,Kos Mawar Depok 1419,Depok,Cimanggis,1200000,Putra,Ya,Ya,Tidak,Ya,Ya,Ya,Tidak,Ya,Tidak,Tidak,Ya,Ya,Ya
1420,Kos Kenanga Depok 1420,Depok,Sawangan,2100000,Putra,Ya,Tidak,Ya,Ya,Ya,Tidak,Tidak,Ya,Tidak,Tidak,Tidak,Tidak,Tidak
1421,Kos Puspa Depok 1421,Depok,Beji,1500000,Putri,Ya,Tidak,Ya,Ya,Ya,Ya,Ya,Ya,Tidak,Tidak,Tidak,Ya,Tidak
1422,Kos Wijaya Depok 1422,Depok,Sukmajaya,1350000,Putra,Ya,Ya,Tidak,Ya,Ya,Ya,Ya,Ya,Tidak,Tidak,Ya,Tidak,Tidak
1423,Kos Melati Depok 1423,Depok,Sukmajaya,1600000,Putri,Ya,Tidak,Ya,Ya,Ya,Ya,Ya,Ya,Tidak,Tidak,Tidak,Ya,Tidak
1424,Kos Nusantara Depok 1424,Depok,Sukmajaya,2250000,Putra,Ya,Ya,Ya,Ya,Ya,Ya,Ya,Ya,Tidak,Ya,Tidak,Tidak,Tidak
1425,Kos Amanah Depok 1425,Depok,Sawangan,2400000,Putri,Ya,Tidak,Ya,Ya,Ya,Ya,Ya,Ya,Tidak,Tidak,Tidak,Tidak,Ya
1426,Kos Kenanga Depok 1426,Depok,Cimanggis,2500000,Putri,Ya,Tidak,Tidak,Ya,Ya,Ya,Ya,Ya,Tidak,Ya,Tidak,Ya,Ya
1427,Kos Mawar Depok 1427,Depok,Sawangan,2100000,Putra,Tidak,Tidak,Ya,Ya,Ya,Ya,Ya,Ya,Tidak,Tidak,Ya,Tidak,Ya
1428,Kos Permata Depok 1428,Depok,Sawangan,2000000,Campur,Ya,Ya,Tidak,Ya,Ya,Tidak,Ya,Ya,Ya,Ya,Ya,Tidak,Tidak
1429,Kos Mawar Depok 1429,Depok,Beji,1900000,Putri,Ya,Tidak,Tidak,Ya,Ya,Ya,Tidak,Ya,Tidak,Tidak,Ya,Ya,Ya
1430,Kos Kenanga Depok 1430,Depok,Sukmajaya,900000,Campur,Ya,Tidak,Ya,Ya,Ya,Ya,Tidak,Ya,Tidak,Ya,Ya,Ya,Tidak
1431,Kos Amanah Depok 1431,Depok,Beji,900000,Putri,Ya,Ya,Ya,Ya,Ya,Tidak,Ya,Ya,Tidak,Tidak,Ya,Tidak,Tidak
1432,Kos Mawar Depok 1432,Depok,Sawangan,2400000,Putra,Tidak,Ya,Ya,Ya,Ya,Tidak,Ya,Ya,Tidak,Ya,Ya,Tidak,Ya
1433,Kos Puspa Depok 1433,Depok,Cimanggis,1100000,Campur,Tidak,Tidak,Ya,Ya,Ya,Ya,Ya,Ya,Tidak,Ya,Tidak,Ya,Tidak
1434,Kos Nusantara Depok 1434,Depok,Cimanggis,1650000,Campur,Ya,Ya,Ya,Ya,Ya,Ya,Ya,Ya,Tidak,Ya,Ya,Tidak,Ya
1435,Kos Wijaya Depok 1435,Depok,Beji,1200000,Putri,Tidak,Ya,Ya,Ya,Ya,Tidak,Ya,Ya,Tidak,Tidak,Tidak,Ya,Ya
1436,Kos Mawar Depok 1436,Depok,Cimanggis,1300000,Campur,Ya,Ya,Tidak,Ya,Ya,Tidak,Tidak,Ya,Tidak,Tidak,Ya,Ya,Ya
1437,Kos Wijaya Depok 1437,Depok,Sukmajaya,2350000,Putri,Ya,Ya,Tidak,Ya,Ya,Ya,Ya,Ya,Tidak,Ya,Tidak,Ya,Ya
1438,Kos Harmoni Depok 1438,Depok,Pancoran Mas,1200000,Campur,Ya,Ya,Tidak,Ya,Ya,Ya,Tidak,Ya,Tidak,Tidak,Tidak,Ya,Ya
1439,Kos Amanah Depok 1439,Depok,Pancoran Mas,700000,Putri,Ya,Tidak,Ya,Ya,Ya,Ya,Tidak,Ya,Tidak,Ya,Tidak,Ya,Tidak
1440,Kos Kenanga Depok 1440,Depok,Pancoran Mas,1900000,Campur,Ya,Tidak,Tidak,Ya,Ya,Ya,Ya,Tidak,Tidak,Tidak,Tidak,Ya,Ya
1441,Kos Puspa Depok 1441,Depok,Sawangan,750000,Campur,Ya,Tidak,Ya,Ya,Ya,Tidak,Tidak,Tidak,Ya,Ya,Ya,Ya,Ya
1442,Kos Amanah Depok 1442,Depok,Beji,2450000,Putra,Ya,Ya,Tidak,Ya,Ya,Ya,Tidak,Ya,Tidak,Tidak,Tidak,Ya,Ya
1443,Kos Cendana Depok 1443,Depok,Sawangan,800000,Campur,Ya,Ya,Ya,Ya,Ya,Ya,Ya,Ya,Tidak,Tidak,Ya,Tidak,Tidak
1444,Kos Wijaya Depok 1444,Depok,Sawangan,1350000,Putri,Ya,Ya,Ya,Ya,Ya,Ya,Ya,Ya,Tidak,Tidak,Tidak,Ya,Ya
1445,Kos Permata Depok 1445,Depok,Sawangan,750000,Putri,Ya,Ya,Ya,Ya,Ya,Ya,Ya,Ya,Ya,Ya,Ya,Ya,Ya
1446,Kos Sakura Depok 1446,Depok,Beji,2250000,Putra,Ya,Ya,Tidak,Ya,Ya,Ya,Ya,Ya,Tidak,Ya,Tidak,Tidak,Ya
1447,Kos Harmoni Depok 1447,Depok,Pancoran Mas,1550000,Campur,Ya,Tidak,Tidak,Ya,Ya,Tidak,Ya,Ya,Ya,Tidak,Tidak,Ya,Ya
1448,Kos Cendana Depok 1448,Depok,Pancoran Mas,1300000,Putra,Ya,Tidak,Ya,Ya,Ya,Tidak,Tidak,Ya,Tidak,Ya,Ya,Ya,Ya
1449,Kos Anggrek Depok 1449,Depok,Cimanggis,800000,Putri,Ya,Ya,Tidak,Ya,Ya,Ya,Ya,Ya,Tidak,Ya,Ya,Ya,Ya
1450,Kos Melati Depok 1450,Depok,Sukmajaya,900000,Putra,Ya,Tidak,Tidak,Ya,Ya,Tidak,Ya,Ya,Tidak,Ya,Ya,Ya,Ya
1451,Kos Permata Depok 1451,Depok,Cimanggis,2400000,Putri,Ya,Ya,Tidak,Ya,Ya,Ya,Ya,Ya,Tidak,Ya,Ya,Tidak,Ya
1452,Kos Wijaya Depok 1452,Depok,Sawangan,1600000,Putra,Ya,Tidak,Ya,Ya,Ya,Ya,Ya,Ya,Ya,Tidak,Ya,Tidak,Ya
1453,Kos Sakura Depok 1453,Depok,Sawangan,1700000,Putri,Tidak,Tidak,Ya,Ya,Ya,Tidak,Tidak,Ya,Tidak,Tidak,Tidak,Ya,Ya
1454,Kos Melati Depok 1454,Depok,Sawangan,1950000,Campur,Ya,Ya,Ya,Ya,Ya,Ya,Ya,Ya,Tidak,Tidak,Tidak,Ya,Ya
1455,Kos Melati Depok 1455,Depok,Cimanggis,1850000,Putra,Ya,Ya,Ya,Ya,Ya,Ya,Ya,Tidak,Tidak,Tidak,Tidak,Ya,Ya
1456,Kos Sakura Depok 1456,Depok,Beji,1800000,Putri,Ya,Tidak,Tidak,Ya,Ya,Tidak,Ya,Ya,Ya,Ya,Ya,Ya,Ya
1457,Kos Sakura Depok 1457,Depok,Beji,2300000,Putri,Ya,Tidak,Tidak,Ya,Ya,Ya,Tidak,Tidak,Tidak,Ya,Ya,Ya,Tidak
1458,Kos Puspa Depok 1458,Depok,Sukmajaya,2450000,Putra,Ya,Tidak,Tidak,Ya,Tidak,Tidak,Ya,Ya,Tidak,Ya,Tidak,Ya,Ya
1459,Kos Mawar Depok 1459,Depok,Pancoran Mas,2050000,Campur,Ya,Ya,Ya,Ya,Tidak,Ya,Tidak,Ya,Tidak,Tidak,Tidak,Tidak,Tidak
1460,Kos Nusantara Depok 1460,Depok,Cimanggis,2000000,Putri,Ya,Tidak,Tidak,Ya,Ya,Ya,Ya,Ya,Ya,Tidak,Ya,Ya,Ya
1461,Kos Harmoni Bekasi 1461,Bekasi,Jatiasih,2400000,Putra,Tidak,Ya,Tidak,Ya,Ya,Tidak,Ya,Ya,Tidak,Ya,Tidak,Ya,Tidak
1462,Kos Permata Bekasi 1462,Bekasi,Jatiasih,1550000,Campur,Ya,Ya,Ya,Ya,Ya,Ya,Ya,Ya,Tidak,Ya,Tidak,Ya,Ya
1463,Kos Wijaya Bekasi 1463,Bekasi,Bekasi Selatan,1050000,Putri,Ya,Ya,Tidak,Ya,Ya,Tidak,Ya,Ya,Tidak,Tidak,Ya,Ya,Tidak
1464,Kos Permata Bekasi 1464,Bekasi,Bekasi Timur,2250000,Putri,Ya,Tidak,Ya,Ya,Ya,Ya,Tidak,Ya,Tidak,Tidak,Tidak,Ya,Tidak
1465,Kos Anggrek Bekasi 1465,Bekasi,Jatiasih,900000,Putri,Ya,Tidak,Tidak,Ya,Ya,Ya,Ya,Ya,Tidak,Tidak,Ya,Tidak,Tidak
1466,Kos Kenanga Bekasi 1466,Bekasi,Pondok Gede,1450000,Campur,Tidak,Tidak,Tidak,Ya,Ya,Ya,Tidak,Ya,Tidak,Ya,Tidak,Ya,Ya
1467,Kos Puspa Bekasi 1467,Bekasi,Pondok Gede,2350000,Putri,Ya,Tidak,Ya,Ya,Ya,Ya,Ya,Ya,Tidak,Ya,Ya,Ya,Tidak
1468,Kos Nusantara Bekasi 1468,Bekasi,Rawalumbu,1850000,Putri,Ya,Ya,Ya,Ya,Ya,Ya,Ya,Ya,Tidak,Ya,Ya,Ya,Ya
1469,Kos Permata Bekasi 1469,Bekasi,Bekasi Selatan,700000,Putri,Ya,Tidak,Tidak,Ya,Tidak,Ya,Ya,Ya,Ya,Ya,Ya,Ya,Ya
1470,Kos Mawar Bekasi 1470,Bekasi,Bekasi Timur,2050000,Campur,Ya,Tidak,Ya,Ya,Ya,Ya,Ya,Ya,Ya,Tidak,Tidak,Ya,Ya
1471,Kos Wijaya Bekasi 1471,Bekasi,Jatiasih,1750000,Campur,Ya,Ya,Tidak,Ya,Ya,Tidak,Ya,Ya,Ya,Ya,Ya,Ya,Tidak
1472,Kos Nusantara Bekasi 1472,Bekasi,Rawalumbu,2500000,Putra,Ya,Ya,Tidak,Ya,Ya,Tidak,Ya,Ya,Ya,Ya,Ya,Ya,Ya
1473,Kos Puspa Bekasi 1473,Bekasi,Bekasi Timur,1250000,Putri,Ya,Tidak,Ya,Ya,Ya,Tidak,Ya,Ya,Tidak,Ya,Ya,Ya,Tidak
1474,Kos Melati Bekasi 1474,Bekasi,Bekasi Timur,1400000,Putri,Ya,Ya,Tidak,Ya,Ya,Ya,Ya,Ya,Ya,Tidak,Ya,Ya,Ya
1475,Kos Sakura Bekasi 1475,Bekasi,Rawalumbu,1950000,Putra,Ya,Ya,Tidak,Ya,Ya,Ya,Ya,Ya,Tidak,Tidak,Tidak,Ya,Ya
1476,Kos Wijaya Bekasi 1476,Bekasi,Pondok Gede,2200000,Putri,Ya,Tidak,Ya,Ya,Ya,Ya,Ya,Ya,Tidak,Tidak,Tidak,Ya,Ya
1477,Kos Wijaya Bekasi 1477,Bekasi,Pondok Gede,1850000,Campur,Ya,Ya,Tidak,Ya,Ya,Ya,Ya,Ya,Ya,Ya,Tidak,Ya,Ya
1478,Kos Amanah Bekasi 1478,Bekasi,Jatiasih,1400000,Putra,Ya,Ya,Tidak,Ya,Ya,Tidak,Ya,Ya,Tidak,Ya,Tidak,Ya,Ya
1479,Kos Nusantara Bekasi 1479,Bekasi,Pondok Gede,1100000,Campur,Ya,Tidak,Ya,Ya,Ya,Tidak,Tidak,Tidak,Tidak,Tidak,Tidak,Ya,Ya
1480,Kos Amanah Bekasi 1480,Bekasi,Bekasi Selatan,1200000,Putri,Ya,Tidak,Tidak,Ya,Ya,Ya,Ya,Ya,Tidak,Ya,Tidak,Ya,Ya
1481,Kos Harmoni Bekasi 1481,Bekasi,Rawalumbu,750000,Putri,Ya,Tidak,Ya,Ya,Ya,Ya,Tidak,Ya,Ya,Tidak,Ya,Ya,Tidak
1482,Kos Harmoni Bekasi 1482,Bekasi,Rawalumbu,950000,Putra,Ya,Tidak,Ya,Ya,Ya,Ya,Ya,Ya,Tidak,Tidak,Tidak,Ya,Ya
1483,Kos Mawar Bekasi 1483,Bekasi,Bekasi Selatan,1550000,Putri,Ya,Ya,Ya,Ya,Ya,Ya,Ya,Ya,Tidak,Ya,Tidak,Ya,Tidak
1484,Kos Harmoni Bekasi 1484,Bekasi,Rawalumbu,1650000,Campur,Ya,Ya,Tidak,Ya,Ya,Ya,Ya,Ya,Tidak,Ya,Tidak,Tidak,Ya
1485,Kos Harmoni Bekasi 1485,Bekasi,Rawalumbu,1000000,Putri,Ya,Ya,Tidak,Ya,Ya,Tidak,Tidak,Ya,Tidak,Tidak,Ya,Ya,Tidak
1486,Kos Wijaya Bekasi 1486,Bekasi,Pondok Gede,1600000,Putri,Ya,Tidak,Tidak,Ya,Ya,Ya,Ya,Ya,Tidak,Tidak,Ya,Ya,Ya
1487,Kos Puspa Bekasi 1487,Bekasi,Bekasi Selatan,1050000,Putri,Ya,Ya,Tidak,Ya,Ya,Ya,Ya,Ya,Ya,Ya,Ya,Ya,Ya
1488,Kos Permata Bekasi 1488,Bekasi,Bekasi Timur,1550000,Putri,Ya,Tidak,Ya,Ya,Ya,Tidak,Ya,Ya,Tidak,Ya,Tidak,Ya,Tidak
1489,Kos Cendana Bekasi 1489,Bekasi,Bekasi Selatan,1000000,Putri,Ya,Ya,Tidak,Ya,Ya,Ya,Tidak,Tidak,Tidak,Ya,Ya,Ya,Ya
1490,Kos Wijaya Bekasi 1490,Bekasi,Pondok Gede,1050000,Putri,Tidak,Tidak,Tidak,Ya,Ya,Ya,Ya,Ya,Tidak,Tidak,Tidak,Ya,Ya
1491,Kos Kenanga Bekasi 1491,Bekasi,Rawalumbu,1500000,Campur,Ya,Ya,Tidak,Ya,Ya,Ya,Ya,Ya,Tidak,Tidak,Ya,Tidak,Tidak
1492,Kos Mawar Bekasi 1492,Bekasi,Bekasi Selatan,1700000,Campur,Tidak,Ya,Ya,Ya,Ya,Ya,Ya,Ya,Tidak,Tidak,Tidak,Ya,Ya
1493,Kos Amanah Bekasi 1493,Bekasi,Bekasi Selatan,1200000,Campur,Ya,Tidak,Ya,Ya,Ya,Ya,Ya,Ya,Tidak,Ya,Tidak,Ya,Ya
1494,Kos Puspa Bekasi 1494,Bekasi,Bekasi Timur,2050000,Putri,Ya,Tidak,Ya,Ya,Ya,Ya,Ya,Ya,Tidak,Ya,Tidak,Ya,Tidak
1495,Kos Wijaya Bekasi 1495,Bekasi,Bekasi Selatan,2500000,Campur,Ya,Ya,Ya,Ya,Ya,Ya,Ya,Ya,Ya,Tidak,Tidak,Ya,Ya
1496,Kos Sakura Bekasi 1496,Bekasi,Pondok Gede,900000,Putri,Ya,Tidak,Ya,Ya,Ya,Ya,Tidak,Ya,Tidak,Ya,Ya,Ya,Tidak
1497,Kos Nusantara Bekasi 1497,Bekasi,Pondok Gede,2400000,Putri,Ya,Ya,Ya,Ya,Ya,Tidak,Ya,Ya,Ya,Ya,Ya,Ya,Tidak
1498,Kos Permata Bekasi 1498,Bekasi,Jatiasih,2050000,Putri,Ya,Ya,Tidak,Ya,Ya,Ya,Ya,Ya,Tidak,Ya,Ya,Ya,Ya
1499,Kos Permata Bekasi 1499,Bekasi,Jatiasih,1950000,Putri,Tidak,Tidak,Ya,Ya,Ya,Ya,Tidak,Ya,Ya,Tidak,Ya,Ya,Ya
1500,Kos Wijaya Bekasi 1500,Bekasi,Bekasi Timur,1500000,Putra,Ya,Tidak,Ya,Ya,Ya,Ya,Tidak,Ya,Tidak,Tidak,Ya,Tidak,Ya
1501,Kos Melati Bekasi 1501,Bekasi,Pondok Gede,1100000,Putri,Ya,Ya,Tidak,Ya,Ya,Ya,Tidak,Ya,Tidak,Tidak,Tidak,Tidak,Tidak
1502,Kos Mawar Bekasi 1502,Bekasi,Rawalumbu,1550000,Putri,Ya,Ya,Ya,Ya,Ya,Ya,Tidak,Ya,Ya,Ya,Ya,Ya,Ya
1503,Kos Anggrek Bekasi 1503,Bekasi,Bekasi Selatan,1050000,Campur,Ya,Ya,Ya,Ya,Ya,Ya,Ya,Ya,Ya,Tidak,Ya,Ya,Ya
1504,Kos Mawar Bekasi 1504,Bekasi,Pondok Gede,1600000,Putra,Ya,Ya,Tidak,Ya,Ya,Ya,Tidak,Tidak,Tidak,Ya,Tidak,Ya,Tidak
1505,Kos Melati Bekasi 1505,Bekasi,Rawalumbu,1600000,Campur,Ya,Tidak,Tidak,Ya,Ya,Ya,Tidak,Ya,Ya,Tidak,Ya,Ya,Tidak
1506,Kos Amanah Bekasi 1506,Bekasi,Jatiasih,1100000,Putri,Ya,Ya,Ya,Ya,Ya,Tidak,Ya,Ya,Tidak,Ya,Tidak,Ya,Ya
1507,Kos Harmoni Bekasi 1507,Bekasi,Pondok Gede,2450000,Putri,Ya,Tidak,Tidak,Ya,Ya,Ya,Ya,Ya,Tidak,Tidak,Tidak,Tidak,Ya
1508,Kos Anggrek Bekasi 1508,Bekasi,Rawalumbu,1700000,Campur,Ya,Ya,Ya,Ya,Ya,Tidak,Tidak,Ya,Tidak,Ya,Tidak,Ya,Ya
1509,Kos Permata Bekasi 1509,Bekasi,Bekasi Selatan,1650000,Putri,Tidak,Tidak,Tidak,Ya,Ya,Tidak,Ya,Ya,Tidak,Tidak,Tidak,Ya,Ya
1510,Kos Melati Bekasi 1510,Bekasi,Pondok Gede,1700000,Putra,Ya,Tidak,Tidak,Ya,Ya,Ya,Ya,Ya,Tidak,Ya,Tidak,Ya,Tidak
1511,Kos Puspa Bekasi 1511,Bekasi,Rawalumbu,1200000,Putri,Ya,Tidak,Ya,Ya,Ya,Ya,Tidak,Ya,Tidak,Tidak,Tidak,Ya,Tidak
1512,Kos Kenanga Bekasi 1512,Bekasi,Bekasi Timur,1350000,Putra,Ya,Ya,Ya,Ya,Ya,Ya,Tidak,Ya,Tidak,Ya,Ya,Ya,Tidak
1513,Kos Kenanga Bekasi 1513,Bekasi,Rawalumbu,750000,Putri,Ya,Ya,Ya,Ya,Ya,Ya,Tidak,Ya,Tidak,Ya,Ya,Ya,Ya
1514,Kos Kenanga Bekasi 1514,Bekasi,Jatiasih,1250000,Campur,Ya,Tidak,Ya,Ya,Ya,Ya,Ya,Ya,Tidak,Ya,Ya,Tidak,Ya
1515,Kos Puspa Bekasi 1515,Bekasi,Rawalumbu,950000,Putri,Ya,Ya,Tidak,Ya,Ya,Ya,Ya,Ya,Tidak,Ya,Ya,Ya,Tidak
1516,Kos Sakura Bekasi 1516,Bekasi,Pondok Gede,1900000,Putri,Ya,Ya,Ya,Ya,Ya,Ya,Ya,Ya,Tidak,Tidak,Tidak,Ya,Ya
1517,Kos Anggrek Bekasi 1517,Bekasi,Bekasi Selatan,1250000,Putra,Ya,Tidak,Ya,Ya,Ya,Ya,Ya,Ya,Ya,Tidak,Tidak,Ya,Ya
1518,Kos Sakura Bekasi 1518,Bekasi,Rawalumbu,1750000,Putri,Ya,Tidak,Ya,Ya,Ya,Ya,Ya,Ya,Tidak,Ya,Tidak,Ya,Ya
1519,Kos Puspa Bekasi 1519,Bekasi,Bekasi Timur,1400000,Putra,Ya,Ya,Ya,Ya,Ya,Ya,Tidak,Ya,Tidak,Ya,Tidak,Ya,Ya
1520,Kos Wijaya Bekasi 1520,Bekasi,Jatiasih,2100000,Putri,Ya,Ya,Tidak,Ya,Ya,Tidak,Ya,Ya,Tidak,Ya,Tidak,Tidak,Ya
1521,Kos Wijaya Bekasi 1521,Bekasi,Pondok Gede,2050000,Putra,Ya,Ya,Tidak,Ya,Ya,Ya,Tidak,Ya,Tidak,Tidak,Tidak,Ya,Tidak
1522,Kos Permata Bekasi 1522,Bekasi,Bekasi Selatan,850000,Putra,Ya,Tidak,Tidak,Ya,Ya,Ya,Ya,Ya,Tidak,Tidak,Tidak,Ya,Ya
1523,Kos Permata Bekasi 1523,Bekasi,Pondok Gede,1050000,Putri,Ya,Tidak,Ya,Ya,Ya,Ya,Ya,Ya,Tidak,Tidak,Ya,Ya,Ya
1524,Kos Kenanga Bekasi 1524,Bekasi,Bekasi Timur,750000,Putra,Ya,Ya,Ya,Ya,Ya,Ya,Ya,Ya,Tidak,Tidak,Ya,Ya,Ya
1525,Kos Wijaya Bekasi 1525,Bekasi,Jatiasih,2300000,Campur,Tidak,Ya,Tidak,Ya,Ya,Ya,Tidak,Ya,Tidak,Tidak,Tidak,Ya,Ya
1526,Kos Anggrek Bekasi 1526,Bekasi,Bekasi Timur,2350000,Putra,Ya,Ya,Tidak,Ya,Ya,Ya,Ya,Ya,Tidak,Tidak,Tidak,Ya,Ya
1527,Kos Anggrek Bekasi 1527,Bekasi,Bekasi Selatan,1150000,Putri,Ya,Tidak,Tidak,Ya,Ya,Ya,Ya,Ya,Tidak,Ya,Ya,Tidak,Ya
1528,Kos Kenanga Bekasi 1528,Bekasi,Rawalumbu,2100000,Putri,Tidak,Ya,Ya,Ya,Tidak,Tidak,Ya,Ya,Tidak,Ya,Tidak,Ya,Tidak
1529,Kos Puspa Bekasi 1529,Bekasi,Pondok Gede,1700000,Putri,Ya,Ya,Ya,Ya,Ya,Ya,Ya,Ya,Tidak,Tidak,Ya,Tidak,Ya
1530,Kos Nusantara Bekasi 1530,Bekasi,Bekasi Selatan,2100000,Putri,Tidak,Tidak,Ya,Ya,Ya,Tidak,Tidak,Ya,Tidak,Tidak,Ya,Tidak,Tidak
1531,Kos Amanah Bekasi 1531,Bekasi,Pondok Gede,2450000,Campur,Ya,Tidak,Ya,Ya,Ya,Ya,Ya,Ya,Tidak,Ya,Ya,Ya,Ya
1532,Kos Nusantara Bekasi 1532,Bekasi,Bekasi Selatan,2150000,Putra,Ya,Tidak,Tidak,Ya,Ya,Ya,Ya,Ya,Tidak,Tidak,Ya,Ya,Ya
1533,Kos Nusantara Bekasi 1533,Bekasi,Bekasi Selatan,2500000,Putri,Ya,Tidak,Ya,Ya,Ya,Ya,Tidak,Tidak,Tidak,Tidak,Ya,Ya,Tidak
1534,Kos Cendana Bekasi 1534,Bekasi,Pondok Gede,1300000,Putra,Ya,Ya,Tidak,Ya,Ya,Tidak,Ya,Ya,Tidak,Ya,Ya,Tidak,Tidak
1535,Kos Kenanga Bekasi 1535,Bekasi,Rawalumbu,1350000,Putra,Ya,Ya,Tidak,Ya,Ya,Tidak,Tidak,Ya,Tidak,Tidak,Tidak,Ya,Ya
1536,Kos Nusantara Bekasi 1536,Bekasi,Bekasi Timur,1900000,Putra,Ya,Ya,Ya,Ya,Ya,Ya,Tidak,Ya,Tidak,Tidak,Ya,Tidak,Ya
1537,Kos Melati Bekasi 1537,Bekasi,Bekasi Timur,1150000,Putra,Ya,Tidak,Tidak,Ya,Ya,Ya,Tidak,Ya,Tidak,Ya,Ya,Ya,Tidak
1538,Kos Anggrek Bekasi 1538,Bekasi,Rawalumbu,850000,Putri,Ya,Tidak,Tidak,Ya,Ya,Ya,Tidak,Tidak,Tidak,Ya,Tidak,Ya,Ya
1539,Kos Wijaya Bekasi 1539,Bekasi,Rawalumbu,1750000,Putra,Ya,Tidak,Tidak,Ya,Ya,Tidak,Tidak,Ya,Tidak,Ya,Ya,Ya,Ya
1540,Kos Melati Bekasi 1540,Bekasi,Pondok Gede,2350000,Campur,Ya,Ya,Tidak,Ya,Ya,Ya,Tidak,Ya,Tidak,Ya,Ya,Ya,Ya
1541,Kos Puspa Bekasi 1541,Bekasi,Rawalumbu,2450000,Putri,Ya,Ya,Tidak,Ya,Ya,Ya,Ya,Tidak,Tidak,Ya,Tidak,Tidak,Ya
1542,Kos Wijaya Bekasi 1542,Bekasi,Pondok Gede,1800000,Putri,Ya,Tidak,Ya,Ya,Ya,Ya,Ya,Tidak,Tidak,Ya,Ya,Ya,Tidak
1543,Kos Permata Bekasi 1543,Bekasi,Rawalumbu,900000,Putri,Ya,Ya,Ya,Ya,Ya,Ya,Ya,Ya,Ya,Tidak,Tidak,Ya,Ya
1544,Kos Permata Bekasi 1544,Bekasi,Bekasi Timur,1000000,Putri,Ya,Ya,Ya,Ya,Ya,Ya,Ya,Ya,Tidak,Tidak,Tidak,Ya,Ya
1545,Kos Harmoni Bekasi 1545,Bekasi,Bekasi Selatan,1150000,Campur,Ya,Ya,Tidak,Ya,Ya,Ya,Tidak,Tidak,Tidak,Ya,Tidak,Ya,Tidak
1546,Kos Mawar Bekasi 1546,Bekasi,Bekasi Timur,1700000,Putra,Ya,Ya,Tidak,Ya,Ya,Tidak,Ya,Ya,Tidak,Ya,Ya,Ya,Tidak
1547,Kos Nusantara Bekasi 1547,Bekasi,Bekasi Selatan,2150000,Campur,Ya,Tidak,Ya,Ya,Tidak,Ya,Ya,Ya,Tidak,Ya,Tidak,Tidak,Ya
1548,Kos Sakura Bekasi 1548,Bekasi,Pondok Gede,2300000,Campur,Ya,Tidak,Tidak,Ya,Tidak,Tidak,Ya,Ya,Tidak,Ya,Tidak,Ya,Ya
1549,Kos Permata Bekasi 1549,Bekasi,Bekasi Selatan,1800000,Putri,Ya,Tidak,Ya,Ya,Ya,Ya,Ya,Ya,Tidak,Ya,Ya,Ya,Ya
1550,Kos Melati Bekasi 1550,Bekasi,Pondok Gede,1850000,Putri,Ya,Tidak,Tidak,Ya,Tidak,Ya,Ya,Tidak,Tidak,Ya,Ya,Ya,Ya
1551,Kos Puspa Bekasi 1551,Bekasi,Jatiasih,1150000,Putra,Ya,Tidak,Ya,Ya,Ya,Ya,Ya,Ya,Tidak,Tidak,Ya,Tidak,Ya
1552,Kos Kenanga Bekasi 1552,Bekasi,Bekasi Timur,700000,Putri,Ya,Ya,Ya,Ya,Ya,Ya,Ya,Ya,Tidak,Tidak,Ya,Tidak,Ya
1553,Kos Mawar Bekasi 1553,Bekasi,Bekasi Selatan,1950000,Putri,Ya,Ya,Tidak,Ya,Ya,Tidak,Ya,Ya,Tidak,Ya,Tidak,Ya,Tidak
1554,Kos Harmoni Bekasi 1554,Bekasi,Bekasi Timur,1700000,Putra,Ya,Ya,Ya,Ya,Ya,Ya,Ya,Ya,Tidak,Tidak,Tidak,Ya,Tidak
1555,Kos Wijaya Bekasi 1555,Bekasi,Pondok Gede,1600000,Putri,Ya,Ya,Tidak,Ya,Ya,Ya,Ya,Ya,Tidak,Tidak,Ya,Tidak,Tidak
1556,Kos Cendana Bekasi 1556,Bekasi,Jatiasih,1500000,Campur,Ya,Ya,Tidak,Ya,Ya,Tidak,Ya,Ya,Tidak,Ya,Ya,Ya,Ya
1557,Kos Melati Bekasi 1557,Bekasi,Jatiasih,1900000,Campur,Ya,Ya,Tidak,Ya,Ya,Ya,Ya,Ya,Tidak,Tidak,Ya,Ya,Ya
1558,Kos Harmoni Bekasi 1558,Bekasi,Bekasi Timur,1700000,Campur,Ya,Tidak,Tidak,Ya,Ya,Ya,Ya,Ya,Tidak,Tidak,Tidak,Tidak,Tidak
1559,Kos Puspa Bekasi 1559,Bekasi,Bekasi Timur,900000,Putri,Ya,Tidak,Ya,Ya,Ya,Tidak,Ya,Ya,Tidak,Ya,Ya,Ya,Tidak
1560,Kos Cendana Bekasi 1560,Bekasi,Rawalumbu,1250000,Putri,Ya,Tidak,Tidak,Ya,Ya,Tidak,Tidak,Ya,Tidak,Tidak,Ya,Tidak,Ya
1561,Kos Melati Bekasi 1561,Bekasi,Bekasi Timur,1100000,Putri,Ya,Tidak,Ya,Ya,Ya,Ya,Ya,Ya,Tidak,Ya,Ya,Tidak,Ya
1562,Kos Harmoni Bekasi 1562,Bekasi,Bekasi Selatan,950000,Putra,Ya,Ya,Tidak,Ya,Ya,Ya,Tidak,Ya,Tidak,Tidak,Tidak,Tidak,Tidak
1563,Kos Cendana Bekasi 1563,Bekasi,Rawalumbu,1050000,Putri,Ya,Tidak,Ya,Ya,Ya,Ya,Tidak,Ya,Tidak,Tidak,Tidak,Ya,Ya
1564,Kos Cendana Bekasi 1564,Bekasi,Pondok Gede,2200000,Putri,Ya,Ya,Ya,Ya,Tidak,Tidak,Ya,Ya,Tidak,Ya,Tidak,Ya,Tidak
1565,Kos Permata Bekasi 1565,Bekasi,Bekasi Timur,2150000,Campur,Ya,Tidak,Tidak,Ya,Tidak,Ya,Ya,Ya,Tidak,Tidak,Ya,Tidak,Ya
1566,Kos Anggrek Bekasi 1566,Bekasi,Bekasi Timur,1250000,Putri,Ya,Ya,Ya,Ya,Ya,Ya,Tidak,Ya,Tidak,Ya,Tidak,Ya,Ya
1567,Kos Amanah Bekasi 1567,Bekasi,Pondok Gede,1150000,Putri,Ya,Tidak,Tidak,Ya,Tidak,Ya,Ya,Ya,Tidak,Tidak,Ya,Ya,Ya
1568,Kos Kenanga Bekasi 1568,Bekasi,Bekasi Selatan,2100000,Putra,Tidak,Tidak,Ya,Ya,Ya,Tidak,Tidak,Ya,Tidak,Ya,Ya,Ya,Tidak
1569,Kos Cendana Bekasi 1569,Bekasi,Pondok Gede,950000,Putri,Tidak,Ya,Tidak,Ya,Ya,Ya,Tidak,Ya,Tidak,Tidak,Tidak,Ya,Ya
1570,Kos Amanah Bekasi 1570,Bekasi,Rawalumbu,2250000,Putra,Ya,Ya,Ya,Ya,Ya,Ya,Tidak,Ya,Tidak,Ya,Tidak,Ya,Ya
1571,Kos Permata Bekasi 1571,Bekasi,Bekasi Selatan,2250000,Putra,Ya,Ya,Ya,Ya,Ya,Ya,Ya,Ya,Tidak,Ya,Tidak,Ya,Ya
1572,Kos Wijaya Bekasi 1572,Bekasi,Bekasi Timur,800000,Putra,Ya,Tidak,Ya,Ya,Ya,Ya,Tidak,Ya,Tidak,Ya,Ya,Ya,Ya
1573,Kos Amanah Bekasi 1573,Bekasi,Jatiasih,750000,Putri,Tidak,Tidak,Ya,Ya,Ya,Ya,Ya,Ya,Tidak,Ya,Tidak,Ya,Ya
1574,Kos Mawar Bekasi 1574,Bekasi,Pondok Gede,2400000,Campur,Ya,Tidak,Tidak,Ya,Ya,Tidak,Ya,Tidak,Tidak,Ya,Ya,Tidak,Ya
1575,Kos Anggrek Bekasi 1575,Bekasi,Rawalumbu,1300000,Putri,Ya,Ya,Ya,Ya,Ya,Ya,Ya,Ya,Tidak,Ya,Tidak,Ya,Tidak
1576,Kos Harmoni Bekasi 1576,Bekasi,Pondok Gede,1950000,Campur,Ya,Ya,Tidak,Ya,Ya,Tidak,Tidak,Tidak,Tidak,Tidak,Tidak,Tidak,Tidak
1577,Kos Wijaya Bekasi 1577,Bekasi,Rawalumbu,2450000,Putra,Ya,Ya,Ya,Ya,Ya,Ya,Ya,Ya,Tidak,Tidak,Ya,Ya,Tidak
1578,Kos Mawar Bekasi 1578,Bekasi,Jatiasih,800000,Putri,Ya,Ya,Ya,Ya,Tidak,Ya,Ya,Ya,Tidak,Ya,Tidak,Tidak,Ya
1579,Kos Harmoni Bekasi 1579,Bekasi,Pondok Gede,1150000,Campur,Ya,Ya,Ya,Ya,Ya,Ya,Ya,Ya,Tidak,Tidak,Ya,Ya,Ya
1580,Kos Anggrek Bekasi 1580,Bekasi,Bekasi Selatan,1100000,Putri,Ya,Ya,Tidak,Ya,Ya,Ya,Tidak,Ya,Tidak,Ya,Ya,Ya,Ya
1581,Kos Permata Bekasi 1581,Bekasi,Bekasi Timur,1400000,Campur,Ya,Ya,Ya,Ya,Ya,Tidak,Ya,Ya,Ya,Ya,Tidak,Ya,Tidak
1582,Kos Anggrek Bekasi 1582,Bekasi,Bekasi Timur,2150000,Campur,Ya,Tidak,Ya,Ya,Ya,Tidak,Tidak,Ya,Ya,Ya,Ya,Tidak,Ya
1583,Kos Anggrek Bekasi 1583,Bekasi,Jatiasih,1750000,Campur,Ya,Ya,Tidak,Ya,Ya,Tidak,Ya,Ya,Tidak,Ya,Tidak,Ya,Ya
1584,Kos Anggrek Bekasi 1584,Bekasi,Jatiasih,1400000,Putri,Ya,Tidak,Tidak,Ya,Ya,Tidak,Ya,Ya,Tidak,Ya,Tidak,Tidak,Ya
1585,Kos Permata Bekasi 1585,Bekasi,Jatiasih,2200000,Putri,Ya,Tidak,Ya,Ya,Ya,Ya,Ya,Ya,Tidak,Ya,Ya,Tidak,Tidak
1586,Kos Amanah Bekasi 1586,Bekasi,Pondok Gede,1200000,Putra,Ya,Tidak,Tidak,Ya,Ya,Ya,Tidak,Ya,Tidak,Tidak,Tidak,Ya,Tidak
1587,Kos Mawar Bekasi 1587,Bekasi,Jatiasih,1750000,Putra,Ya,Ya,Tidak,Ya,Ya,Tidak,Ya,Ya,Ya,Tidak,Ya,Ya,Tidak
1588,Kos Harmoni Bekasi 1588,Bekasi,Jatiasih,1400000,Campur,Ya,Tidak,Tidak,Ya,Ya,Tidak,Tidak,Ya,Tidak,Ya,Tidak,Tidak,Tidak
1589,Kos Anggrek Bekasi 1589,Bekasi,Bekasi Selatan,1150000,Putri,Ya,Tidak,Tidak,Ya,Ya,Ya,Tidak,Ya,Tidak,Ya,Ya,Tidak,Ya
1590,Kos Nusantara Bekasi 1590,Bekasi,Jatiasih,1500000,Putra,Ya,Ya,Ya,Ya,Ya,Ya,Ya,Ya,Ya,Tidak,Ya,Ya,Ya
1591,Kos Puspa Bekasi 1591,Bekasi,Pondok Gede,2200000,Putra,Ya,Tidak,Ya,Ya,Ya,Ya,Ya,Ya,Tidak,Tidak,Tidak,Tidak,Ya
1592,Kos Harmoni Bekasi 1592,Bekasi,Bekasi Timur,2300000,Putra,Ya,Ya,Ya,Ya,Ya,Ya,Tidak,Ya,Ya,Tidak,Tidak,Tidak,Tidak
1593,Kos Anggrek Bekasi 1593,Bekasi,Pondok Gede,1350000,Putri,Ya,Tidak,Ya,Ya,Ya,Ya,Ya,Ya,Ya,Tidak,Ya,Ya,Ya
1594,Kos Melati Bekasi 1594,Bekasi,Jatiasih,1300000,Putra,Ya,Ya,Tidak,Ya,Ya,Ya,Tidak,Ya,Tidak,Ya,Tidak,Tidak,Tidak
1595,Kos Kenanga Bekasi 1595,Bekasi,Jatiasih,850000,Putra,Ya,Ya,Tidak,Ya,Ya,Ya,Tidak,Ya,Tidak,Tidak,Tidak,Ya,Ya
1596,Kos Anggrek Bekasi 1596,Bekasi,Jatiasih,900000,Putri,Ya,Ya,Tidak,Ya,Ya,Ya,Ya,Ya,Tidak,Tidak,Ya,Ya,Ya
1597,Kos Harmoni Bekasi 1597,Bekasi,Bekasi Timur,1550000,Putri,Ya,Ya,Ya,Ya,Ya,Ya,Tidak,Ya,Tidak,Ya,Ya,Tidak,Ya
1598,Kos Permata Bekasi 1598,Bekasi,Pondok Gede,2350000,Putra,Ya,Ya,Ya,Ya,Ya,Ya,Ya,Ya,Ya,Ya,Tidak,Ya,Tidak
1599,Kos Amanah Bekasi 1599,Bekasi,Rawalumbu,1650000,Putri,Ya,Ya,Ya,Ya,Ya,Ya,Tidak,Ya,Tidak,Tidak,Tidak,Tidak,Ya
1600,Kos Cendana Bekasi 1600,Bekasi,Jatiasih,750000,Campur,Ya,Ya,Ya,Ya,Ya,Ya,Tidak,Ya,Ya,Ya,Ya,Ya,Ya
1601,Kos Kenanga Bekasi 1601,Bekasi,Jatiasih,1500000,Campur,Ya,Tidak,Ya,Ya,Ya,Ya,Ya,Ya,Ya,Tidak,Tidak,Ya,Tidak
1602,Kos Nusantara Bekasi 1602,Bekasi,Rawalumbu,2300000,Putri,Ya,Ya,Tidak,Ya,Ya,Ya,Ya,Ya,Tidak,Ya,Ya,Tidak,Tidak
1603,Kos Harmoni Bekasi 1603,Bekasi,Pondok Gede,1000000,Putra,Ya,Ya,Tidak,Ya,Ya,Ya,Ya,Ya,Tidak,Ya,Ya,Ya,Ya
1604,Kos Kenanga Bekasi 1604,Bekasi,Jatiasih,1950000,Campur,Ya,Ya,Tidak,Ya,Ya,Ya,Tidak,Ya,Tidak,Tidak,Tidak,Ya,Tidak
1605,Kos Sakura Bekasi 1605,Bekasi,Jatiasih,2300000,Putra,Ya,Ya,Tidak,Ya,Ya,Tidak,Ya,Ya,Tidak,Ya,Ya,Ya,Ya
1606,Kos Amanah Bekasi 1606,Bekasi,Bekasi Selatan,1350000,Putri,Ya,Tidak,Tidak,Ya,Ya,Tidak,Ya,Ya,Tidak,Ya,Tidak,Ya,Ya
1607,Kos Sakura Bekasi 1607,Bekasi,Bekasi Timur,1050000,Putri,Ya,Tidak,Ya,Ya,Ya,Ya,Tidak,Tidak,Ya,Tidak,Tidak,Ya,Ya
1608,Kos Sakura Bekasi 1608,Bekasi,Bekasi Timur,2300000,Putra,Ya,Tidak,Ya,Ya,Ya,Ya,Ya,Ya,Tidak,Tidak,Ya,Ya,Ya
1609,Kos Puspa Bekasi 1609,Bekasi,Rawalumbu,1500000,Campur,Ya,Ya,Ya,Ya,Ya,Ya,Ya,Tidak,Tidak,Ya,Tidak,Ya,Ya
1610,Kos Wijaya Bekasi 1610,Bekasi,Jatiasih,2350000,Putri,Ya,Ya,Tidak,Ya,Ya,Ya,Ya,Ya,Ya,Ya,Ya,Tidak,Tidak
1611,Kos Harmoni Bekasi 1611,Bekasi,Bekasi Selatan,2000000,Putra,Ya,Ya,Ya,Ya,Tidak,Tidak,Ya,Ya,Tidak,Tidak,Tidak,Ya,Ya
1612,Kos Cendana Bekasi 1612,Bekasi,Rawalumbu,900000,Putra,Ya,Tidak,Tidak,Ya,Ya,Ya,Tidak,Ya,Tidak,Ya,Tidak,Ya,Ya
1613,Kos Mawar Bekasi 1613,Bekasi,Pondok Gede,900000,Putri,Ya,Ya,Tidak,Ya,Ya,Ya,Tidak,Ya,Tidak,Tidak,Tidak,Ya,Ya
1614,Kos Cendana Bekasi 1614,Bekasi,Jatiasih,1550000,Putri,Ya,Ya,Tidak,Ya,Ya,Ya,Tidak,Ya,Tidak,Ya,Tidak,Ya,Ya
1615,Kos Wijaya Bekasi 1615,Bekasi,Bekasi Timur,2450000,Campur,Ya,Ya,Tidak,Ya,Ya,Ya,Tidak,Ya,Tidak,Ya,Tidak,Ya,Ya
1616,Kos Puspa Bekasi 1616,Bekasi,Bekasi Timur,1700000,Putri,Ya,Ya,Ya,Ya,Ya,Ya,Ya,Ya,Tidak,Tidak,Ya,Tidak,Ya
1617,Kos Harmoni Bekasi 1617,Bekasi,Pondok Gede,800000,Putra,Ya,Tidak,Tidak,Ya,Ya,Tidak,Tidak,Ya,Tidak,Tidak,Ya,Ya,Ya
1618,Kos Harmoni Bekasi 1618,Bekasi,Bekasi Selatan,2200000,Putri,Ya,Ya,Tidak,Ya,Ya,Ya,Ya,Ya,Tidak,Ya,Ya,Ya,Ya
1619,Kos Nusantara Bekasi 1619,Bekasi,Bekasi Selatan,2450000,Campur,Ya,Tidak,Tidak,Ya,Ya,Ya,Ya,Ya,Tidak,Tidak,Tidak,Ya,Ya
1620,Kos Harmoni Bekasi 1620,Bekasi,Bekasi Timur,2200000,Putra,Ya,Tidak,Tidak,Ya,Ya,Ya,Tidak,Ya,Tidak,Tidak,Ya,Ya,Ya
1621,Kos Kenanga Bekasi 1621,Bekasi,Bekasi Selatan,2350000,Campur,Ya,Ya,Tidak,Ya,Ya,Ya,Tidak,Tidak,Tidak,Ya,Ya,Ya,Ya
1622,Kos Kenanga Bekasi 1622,Bekasi,Jatiasih,1550000,Putra,Ya,Ya,Tidak,Ya,Ya,Tidak,Ya,Ya,Tidak,Tidak,Ya,Ya,Ya
1623,Kos Wijaya Bekasi 1623,Bekasi,Jatiasih,950000,Putra,Ya,Tidak,Tidak,Ya,Ya,Tidak,Ya,Ya,Tidak,Tidak,Ya,Ya,Ya
1624,Kos Melati Bekasi 1624,Bekasi,Bekasi Timur,2150000,Putra,Ya,Ya,Ya,Ya,Ya,Tidak,Ya,Ya,Tidak,Ya,Ya,Ya,Ya
1625,Kos Melati Bekasi 1625,Bekasi,Bekasi Selatan,1300000,Putra,Ya,Tidak,Ya,Ya,Ya,Ya,Tidak,Ya,Tidak,Ya,Tidak,Ya,Tidak
1626,Kos Puspa Bekasi 1626,Bekasi,Bekasi Timur,1200000,Putri,Ya,Ya,Tidak,Ya,Ya,Ya,Tidak,Ya,Tidak,Tidak,Ya,Ya,Tidak
1627,Kos Kenanga Bekasi 1627,Bekasi,Bekasi Timur,1550000,Putri,Ya,Ya,Ya,Ya,Ya,Tidak,Ya,Ya,Tidak,Tidak,Ya,Ya,Ya
1628,Kos Kenanga Bekasi 1628,Bekasi,Bekasi Timur,2200000,Putri,Ya,Ya,Ya,Ya,Ya,Ya,Ya,Ya,Ya,Ya,Tidak,Ya,Tidak
1629,Kos Wijaya Bekasi 1629,Bekasi,Rawalumbu,1100000,Putri,Tidak,Tidak,Ya,Ya,Ya,Ya,Ya,Ya,Tidak,Tidak,Ya,Ya,Ya
1630,Kos Anggrek Bekasi 1630,Bekasi,Rawalumbu,1550000,Campur,Ya,Ya,Ya,Ya,Ya,Ya,Tidak,Ya,Tidak,Tidak,Tidak,Ya,Ya
1631,Kos Wijaya Bekasi 1631,Bekasi,Jatiasih,800000,Putra,Tidak,Tidak,Tidak,Ya,Ya,Ya,Tidak,Ya,Tidak,Ya,Ya,Ya,Tidak
1632,Kos Nusantara Bekasi 1632,Bekasi,Rawalumbu,1950000,Putri,Ya,Tidak,Ya,Ya,Ya,Ya,Ya,Ya,Tidak,Tidak,Ya,Ya,Ya
1633,Kos Wijaya Bekasi 1633,Bekasi,Rawalumbu,850000,Putra,Ya,Ya,Ya,Ya,Ya,Ya,Ya,Ya,Ya,Tidak,Tidak,Ya,Tidak
1634,Kos Anggrek Bekasi 1634,Bekasi,Pondok Gede,2050000,Putri,Ya,Ya,Ya,Ya,Ya,Tidak,Tidak,Ya,Tidak,Tidak,Tidak,Ya,Ya
1635,Kos Nusantara Bekasi 1635,Bekasi,Bekasi Timur,1850000,Putri,Ya,Ya,Tidak,Ya,Ya,Tidak,Tidak,Ya,Tidak,Ya,Tidak,Ya,Ya
1636,Kos Harmoni Bekasi 1636,Bekasi,Pondok Gede,1750000,Putra,Ya,Ya,Tidak,Ya,Ya,Tidak,Tidak,Ya,Tidak,Tidak,Tidak,Ya,Tidak
1637,Kos Mawar Bekasi 1637,Bekasi,Bekasi Timur,1750000,Putra,Ya,Tidak,Tidak,Ya,Ya,Tidak,Ya,Ya,Tidak,Tidak,Tidak,Tidak,Ya
1638,Kos Harmoni Bekasi 1638,Bekasi,Rawalumbu,1600000,Putri,Ya,Tidak,Tidak,Ya,Ya,Tidak,Ya,Ya,Tidak,Tidak,Tidak,Tidak,Ya
1639,Kos Amanah Bekasi 1639,Bekasi,Rawalumbu,2500000,Putri,Ya,Ya,Tidak,Ya,Ya,Ya,Ya,Ya,Ya,Tidak,Ya,Ya,Tidak
1640,Kos Wijaya Bekasi 1640,Bekasi,Pondok Gede,850000,Campur,Ya,Tidak,Tidak,Ya,Ya,Tidak,Tidak,Ya,Tidak,Tidak,Tidak,Ya,Ya
1641,Kos Nusantara Bekasi 1641,Bekasi,Bekasi Timur,1400000,Putra,Ya,Ya,Ya,Ya,Ya,Ya,Ya,Ya,Ya,Tidak,Ya,Tidak,Ya
1642,Kos Kenanga Bekasi 1642,Bekasi,Jatiasih,1800000,Putri,Ya,Tidak,Ya,Ya,Ya,Ya,Ya,Ya,Tidak,Ya,Tidak,Tidak,Tidak
1643,Kos Amanah Bekasi 1643,Bekasi,Pondok Gede,1500000,Campur,Ya,Ya,Ya,Ya,Ya,Ya,Ya,Ya,Tidak,Tidak,Tidak,Ya,Tidak
1644,Kos Kenanga Bekasi 1644,Bekasi,Bekasi Selatan,1450000,Putri,Tidak,Tidak,Tidak,Ya,Ya,Ya,Tidak,Ya,Tidak,Ya,Ya,Ya,Tidak
1645,Kos Melati Bekasi 1645,Bekasi,Jatiasih,2200000,Campur,Ya,Tidak,Ya,Ya,Ya,Ya,Tidak,Ya,Tidak,Ya,Tidak,Ya,Ya
1646,Kos Sakura Bekasi 1646,Bekasi,Bekasi Timur,1600000,Putri,Ya,Ya,Tidak,Ya,Ya,Ya,Tidak,Ya,Tidak,Ya,Ya,Ya,Tidak
1647,Kos Mawar Bekasi 1647,Bekasi,Bekasi Selatan,800000,Putra,Ya,Ya,Tidak,Ya,Ya,Ya,Ya,Ya,Ya,Ya,Tidak,Tidak,Ya
1648,Kos Puspa Bekasi 1648,Bekasi,Rawalumbu,2500000,Putri,Ya,Tidak,Tidak,Ya,Ya,Tidak,Tidak,Ya,Tidak,Ya,Ya,Ya,Tidak
1649,Kos Kenanga Bekasi 1649,Bekasi,Pondok Gede,2100000,Putri,Ya,Ya,Ya,Ya,Ya,Ya,Ya,Ya,Tidak,Tidak,Ya,Ya,Ya
1650,Kos Sakura Bekasi 1650,Bekasi,Rawalumbu,750000,Putri,Ya,Tidak,Tidak,Ya,Ya,Ya,Ya,Ya,Tidak,Ya,Tidak,Tidak,Ya
1651,Kos Puspa Bekasi 1651,Bekasi,Bekasi Timur,2250000,Putri,Ya,Ya,Ya,Ya,Ya,Ya,Ya,Ya,Tidak,Ya,Ya,Ya,Tidak
1652,Kos Wijaya Bekasi 1652,Bekasi,Pondok Gede,800000,Putra,Ya,Ya,Ya,Ya,Ya,Ya,Ya,Ya,Ya,Ya,Ya,Ya,Ya
1653,Kos Harmoni Bekasi 1653,Bekasi,Jatiasih,1500000,Putra,Ya,Tidak,Ya,Ya,Ya,Ya,Ya,Ya,Tidak,Ya,Ya,Ya,Ya
1654,Kos Wijaya Bekasi 1654,Bekasi,Pondok Gede,1650000,Campur,Ya,Tidak,Tidak,Ya,Ya,Tidak,Tidak,Ya,Ya,Ya,Ya,Tidak,Tidak
1655,Kos Wijaya Bekasi 1655,Bekasi,Jatiasih,2400000,Campur,Ya,Ya,Ya,Ya,Ya,Ya,Ya,Ya,Ya,Ya,Tidak,Ya,Tidak
1656,Kos Puspa Bekasi 1656,Bekasi,Rawalumbu,1650000,Putri,Ya,Tidak,Tidak,Ya,Ya,Ya,Ya,Ya,Tidak,Ya,Tidak,Tidak,Ya
1657,Kos Puspa Bekasi 1657,Bekasi,Bekasi Timur,1350000,Putri,Ya,Tidak,Tidak,Ya,Tidak,Ya,Ya,Ya,Tidak,Tidak,Tidak,Ya,Ya
1658,Kos Kenanga Bekasi 1658,Bekasi,Pondok Gede,1300000,Putra,Tidak,Ya,Ya,Ya,Ya,Tidak,Ya,Ya,Tidak,Tidak,Tidak,Tidak,Ya
1659,Kos Nusantara Bekasi 1659,Bekasi,Bekasi Selatan,1250000,Putra,Ya,Tidak,Ya,Ya,Ya,Ya,Ya,Ya,Tidak,Tidak,Tidak,Tidak,Tidak
1660,Kos Melati Bekasi 1660,Bekasi,Jatiasih,1400000,Putra,Ya,Ya,Ya,Ya,Ya,Ya,Tidak,Ya,Tidak,Ya,Tidak,Ya,Tidak
1661,Kos Anggrek Bekasi 1661,Bekasi,Jatiasih,2150000,Putri,Ya,Ya,Ya,Ya,Ya,Ya,Tidak,Ya,Tidak,Tidak,Ya,Ya,Ya
1662,Kos Puspa Bekasi 1662,Bekasi,Jatiasih,1750000,Putra,Ya,Ya,Tidak,Ya,Ya,Tidak,Ya,Ya,Tidak,Ya,Tidak,Ya,Tidak
1663,Kos Mawar Bekasi 1663,Bekasi,Bekasi Selatan,2350000,Putri,Ya,Tidak,Tidak,Ya,Ya,Tidak,Ya,Tidak,Tidak,Tidak,Tidak,Ya,Ya
1664,Kos Wijaya Bekasi 1664,Bekasi,Bekasi Timur,1900000,Campur,Ya,Ya,Tidak,Ya,Ya,Ya,Ya,Ya,Ya,Tidak,Tidak,Ya,Tidak
1665,Kos Permata Bekasi 1665,Bekasi,Jatiasih,2250000,Putra,Ya,Ya,Ya,Ya,Ya,Ya,Ya,Ya,Tidak,Tidak,Ya,Ya,Ya
1666,Kos Kenanga Bekasi 1666,Bekasi,Bekasi Timur,2450000,Putri,Ya,Tidak,Ya,Ya,Ya,Ya,Ya,Ya,Tidak,Tidak,Tidak,Ya,Tidak
1667,Kos Permata Bekasi 1667,Bekasi,Rawalumbu,1950000,Putra,Ya,Tidak,Ya,Ya,Ya,Tidak,Tidak,Ya,Tidak,Tidak,Tidak,Ya,Tidak
1668,Kos Nusantara Bekasi 1668,Bekasi,Rawalumbu,1750000,Putra,Ya,Ya,Ya,Ya,Ya,Tidak,Ya,Ya,Tidak,Ya,Tidak,Ya,Tidak
1669,Kos Anggrek Bekasi 1669,Bekasi,Pondok Gede,1100000,Putra,Ya,Ya,Ya,Ya,Ya,Tidak,Ya,Ya,Tidak,Ya,Ya,Tidak,Ya
1670,Kos Mawar Bekasi 1670,Bekasi,Pondok Gede,1100000,Campur,Ya,Ya,Tidak,Ya,Ya,Tidak,Ya,Ya,Tidak,Tidak,Tidak,Ya,Ya
1671,Kos Melati Bekasi 1671,Bekasi,Rawalumbu,700000,Putra,Ya,Tidak,Tidak,Ya,Tidak,Tidak,Tidak,Ya,Ya,Ya,Tidak,Ya,Tidak
1672,Kos Kenanga Bekasi 1672,Bekasi,Bekasi Selatan,1050000,Putra,Ya,Ya,Tidak,Ya,Ya,Tidak,Ya,Ya,Tidak,Tidak,Tidak,Tidak,Ya
1673,Kos Puspa Bekasi 1673,Bekasi,Jatiasih,1400000,Putra,Ya,Tidak,Tidak,Ya,Ya,Ya,Ya,Ya,Tidak,Tidak,Ya,Ya,Ya
1674,Kos Sakura Bekasi 1674,Bekasi,Rawalumbu,1200000,Putri,Ya,Ya,Tidak,Ya,Ya,Ya,Ya,Ya,Tidak,Tidak,Tidak,Ya,Tidak
1675,Kos Harmoni Bekasi 1675,Bekasi,Bekasi Selatan,2050000,Campur,Ya,Tidak,Tidak,Ya,Ya,Ya,Tidak,Ya,Tidak,Tidak,Ya,Ya,Ya
1676,Kos Harmoni Bekasi 1676,Bekasi,Pondok Gede,1550000,Putri,Ya,Ya,Tidak,Ya,Ya,Tidak,Ya,Ya,Tidak,Ya,Tidak,Ya,Tidak
1677,Kos Sakura Bekasi 1677,Bekasi,Rawalumbu,2250000,Putra,Ya,Tidak,Ya,Ya,Ya,Ya,Tidak,Ya,Tidak,Tidak,Tidak,Ya,Ya
1678,Kos Nusantara Bekasi 1678,Bekasi,Bekasi Selatan,2250000,Putri,Ya,Tidak,Ya,Ya,Ya,Ya,Ya,Ya,Tidak,Tidak,Ya,Ya,Tidak
1679,Kos Nusantara Bekasi 1679,Bekasi,Bekasi Selatan,850000,Putri,Ya,Ya,Ya,Ya,Ya,Ya,Ya,Ya,Tidak,Ya,Ya,Ya,Ya
1680,Kos Kenanga Bekasi 1680,Bekasi,Bekasi Timur,1100000,Putri,Ya,Tidak,Tidak,Ya,Ya,Ya,Tidak,Ya,Ya,Tidak,Tidak,Ya,Ya
1681,Kos Melati Bekasi 1681,Bekasi,Rawalumbu,800000,Putra,Ya,Tidak,Ya,Ya,Ya,Ya,Ya,Ya,Ya,Tidak,Tidak,Ya,Tidak
1682,Kos Amanah Bekasi 1682,Bekasi,Bekasi Selatan,1800000,Putra,Ya,Ya,Ya,Ya,Ya,Tidak,Ya,Ya,Tidak,Ya,Tidak,Ya,Tidak
1683,Kos Sakura Bekasi 1683,Bekasi,Pondok Gede,1100000,Putra,Ya,Tidak,Ya,Ya,Ya,Tidak,Ya,Ya,Tidak,Ya,Tidak,Tidak,Ya
1684,Kos Permata Bekasi 1684,Bekasi,Bekasi Timur,2300000,Putri,Ya,Ya,Tidak,Ya,Ya,Ya,Ya,Ya,Tidak,Tidak,Tidak,Ya,Ya
1685,Kos Amanah Bekasi 1685,Bekasi,Jatiasih,1700000,Putri,Ya,Tidak,Tidak,Ya,Tidak,Tidak,Tidak,Ya,Tidak,Tidak,Tidak,Tidak,Ya
1686,Kos Mawar Bekasi 1686,Bekasi,Pondok Gede,1750000,Putra,Ya,Ya,Ya,Ya,Ya,Tidak,Ya,Ya,Tidak,Ya,Ya,Ya,Ya
1687,Kos Puspa Bekasi 1687,Bekasi,Bekasi Timur,1750000,Putra,Ya,Tidak,Tidak,Ya,Ya,Ya,Ya,Ya,Ya,Tidak,Tidak,Ya,Tidak
1688,Kos Wijaya Bekasi 1688,Bekasi,Jatiasih,800000,Putri,Ya,Tidak,Tidak,Ya,Ya,Tidak,Tidak,Ya,Tidak,Tidak,Tidak,Ya,Ya
1689,Kos Wijaya Bekasi 1689,Bekasi,Rawalumbu,1250000,Campur,Ya,Ya,Tidak,Ya,Ya,Ya,Tidak,Ya,Tidak,Ya,Tidak,Ya,Ya
1690,Kos Amanah Bekasi 1690,Bekasi,Bekasi Selatan,850000,Putri,Ya,Tidak,Ya,Ya,Ya,Tidak,Ya,Tidak,Tidak,Ya,Ya,Ya,Ya
1691,Kos Amanah Bekasi 1691,Bekasi,Bekasi Timur,1250000,Putri,Ya,Tidak,Tidak,Ya,Ya,Tidak,Tidak,Ya,Tidak,Tidak,Tidak,Ya,Tidak
1692,Kos Amanah Bekasi 1692,Bekasi,Bekasi Timur,1700000,Putra,Ya,Tidak,Ya,Ya,Ya,Ya,Ya,Tidak,Tidak,Ya,Ya,Ya,Ya
1693,Kos Anggrek Bekasi 1693,Bekasi,Rawalumbu,1000000,Putri,Ya,Ya,Tidak,Ya,Ya,Ya,Tidak,Ya,Tidak,Tidak,Tidak,Ya,Tidak
1694,Kos Permata Bekasi 1694,Bekasi,Jatiasih,2100000,Putra,Ya,Ya,Tidak,Ya,Ya,Tidak,Ya,Ya,Ya,Ya,Ya,Tidak,Tidak
1695,Kos Nusantara Bekasi 1695,Bekasi,Bekasi Timur,1600000,Putra,Ya,Ya,Ya,Ya,Ya,Tidak,Tidak,Ya,Tidak,Ya,Tidak,Tidak,Tidak
1696,Kos Wijaya Bekasi 1696,Bekasi,Bekasi Selatan,750000,Putra,Ya,Ya,Ya,Ya,Ya,Ya,Ya,Ya,Tidak,Ya,Ya,Ya,Ya
1697,Kos Nusantara Bekasi 1697,Bekasi,Rawalumbu,1250000,Campur,Ya,Tidak,Tidak,Ya,Ya,Ya,Tidak,Tidak,Tidak,Tidak,Ya,Ya,Ya
1698,Kos Wijaya Bekasi 1698,Bekasi,Bekasi Timur,1800000,Campur,Ya,Tidak,Ya,Ya,Ya,Ya,Tidak,Ya,Tidak,Tidak,Tidak,Tidak,Ya
1699,Kos Melati Bekasi 1699,Bekasi,Bekasi Timur,1400000,Campur,Ya,Ya,Ya,Ya,Ya,Tidak,Tidak,Ya,Ya,Ya,Ya,Ya,Ya
1700,Kos Permata Bekasi 1700,Bekasi,Bekasi Timur,1700000,Putri,Ya,Tidak,Tidak,Ya,Ya,Ya,Ya,Ya,Tidak,Ya,Ya,Ya,Ya
1701,Kos Mawar Bekasi 1701,Bekasi,Pondok Gede,1400000,Campur,Ya,Tidak,Ya,Ya,Ya,Ya,Tidak,Ya,Ya,Tidak,Tidak,Tidak,Ya
1702,Kos Amanah Bekasi 1702,Bekasi,Rawalumbu,1500000,Putri,Ya,Ya,Ya,Ya,Ya,Ya,Ya,Ya,Tidak,Ya,Tidak,Ya,Tidak
1703,Kos Kenanga Bekasi 1703,Bekasi,Bekasi Timur,1700000,Campur,Ya,Ya,Tidak,Ya,Ya,Ya,Tidak,Ya,Tidak,Tidak,Tidak,Tidak,Ya
1704,Kos Anggrek Bekasi 1704,Bekasi,Pondok Gede,1500000,Putri,Ya,Ya,Ya,Ya,Ya,Ya,Ya,Tidak,Tidak,Tidak,Tidak,Ya,Tidak
1705,Kos Nusantara Bekasi 1705,Bekasi,Jatiasih,950000,Putra,Ya,Tidak,Tidak,Ya,Ya,Ya,Ya,Ya,Ya,Tidak,Tidak,Ya,Ya
1706,Kos Wijaya Bekasi 1706,Bekasi,Rawalumbu,1650000,Campur,Tidak,Ya,Tidak,Ya,Ya,Ya,Ya,Ya,Tidak,Ya,Tidak,Ya,Tidak
1707,Kos Mawar Bekasi 1707,Bekasi,Bekasi Selatan,1050000,Putra,Ya,Tidak,Tidak,Ya,Ya,Ya,Tidak,Ya,Tidak,Ya,Tidak,Ya,Ya
1708,Kos Permata Bekasi 1708,Bekasi,Pondok Gede,2050000,Putra,Ya,Ya,Ya,Ya,Ya,Ya,Tidak,Ya,Tidak,Tidak,Ya,Ya,Tidak
1709,Kos Mawar Bekasi 1709,Bekasi,Jatiasih,2400000,Putri,Ya,Tidak,Ya,Ya,Ya,Ya,Ya,Ya,Tidak,Ya,Ya,Tidak,Ya
1710,Kos Wijaya Bekasi 1710,Bekasi,Jatiasih,2050000,Putri,Ya,Tidak,Tidak,Ya,Ya,Ya,Ya,Ya,Tidak,Tidak,Ya,Ya,Ya
1711,Kos Puspa Bekasi 1711,Bekasi,Pondok Gede,700000,Putra,Ya,Tidak,Ya,Ya,Ya,Tidak,Tidak,Ya,Ya,Tidak,Ya,Tidak,Ya
1712,Kos Cendana Bekasi 1712,Bekasi,Bekasi Timur,1950000,Putri,Ya,Tidak,Tidak,Ya,Ya,Ya,Tidak,Ya,Ya,Tidak,Tidak,Ya,Ya
1713,Kos Mawar Bekasi 1713,Bekasi,Bekasi Timur,1250000,Putra,Ya,Ya,Ya,Ya,Ya,Ya,Ya,Ya,Tidak,Ya,Tidak,Tidak,Ya
1714,Kos Cendana Bekasi 1714,Bekasi,Bekasi Timur,2300000,Campur,Ya,Tidak,Ya,Ya,Ya,Ya,Tidak,Ya,Ya,Tidak,Tidak,Ya,Tidak
1715,Kos Nusantara Bekasi 1715,Bekasi,Jatiasih,1050000,Putra,Ya,Tidak,Tidak,Ya,Ya,Ya,Ya,Ya,Tidak,Ya,Ya,Ya,Ya
1716,Kos Puspa Bekasi 1716,Bekasi,Rawalumbu,700000,Campur,Ya,Ya,Ya,Ya,Ya,Ya,Tidak,Ya,Ya,Ya,Tidak,Ya,Tidak
1717,Kos Puspa Bekasi 1717,Bekasi,Jatiasih,900000,Putra,Ya,Tidak,Tidak,Ya,Ya,Tidak,Ya,Ya,Ya,Ya,Ya,Ya,Ya
1718,Kos Kenanga Bekasi 1718,Bekasi,Bekasi Selatan,2450000,Putri,Tidak,Tidak,Ya,Ya,Ya,Ya,Ya,Ya,Tidak,Tidak,Ya,Ya,Ya
1719,Kos Amanah Bekasi 1719,Bekasi,Bekasi Timur,950000,Putri,Ya,Ya,Tidak,Ya,Ya,Ya,Ya,Ya,Tidak,Tidak,Tidak,Tidak,Tidak
1720,Kos Anggrek Bekasi 1720,Bekasi,Bekasi Selatan,700000,Putra,Ya,Ya,Ya,Ya,Ya,Ya,Ya,Ya,Tidak,Ya,Tidak,Ya,Tidak
1721,Kos Kenanga Bekasi 1721,Bekasi,Bekasi Timur,2200000,Putra,Ya,Ya,Ya,Ya,Ya,Tidak,Ya,Ya,Tidak,Tidak,Tidak,Ya,Tidak
1722,Kos Amanah Bekasi 1722,Bekasi,Pondok Gede,1650000,Campur,Ya,Tidak,Tidak,Ya,Ya,Ya,Tidak,Ya,Tidak,Ya,Ya,Ya,Tidak
1723,Kos Permata Bekasi 1723,Bekasi,Bekasi Selatan,1350000,Putri,Ya,Tidak,Ya,Ya,Ya,Ya,Ya,Ya,Ya,Tidak,Ya,Ya,Ya
1724,Kos Nusantara Bekasi 1724,Bekasi,Pondok Gede,900000,Putra,Ya,Ya,Tidak,Ya,Ya,Ya,Ya,Ya,Tidak,Tidak,Tidak,Tidak,Tidak
1725,Kos Puspa Bekasi 1725,Bekasi,Pondok Gede,1150000,Putri,Ya,Ya,Tidak,Ya,Ya,Tidak,Ya,Ya,Tidak,Tidak,Tidak,Tidak,Ya
1726,Kos Puspa Bekasi 1726,Bekasi,Pondok Gede,1250000,Putra,Ya,Tidak,Tidak,Ya,Ya,Tidak,Ya,Ya,Ya,Ya,Ya,Ya,Ya
1727,Kos Harmoni Bekasi 1727,Bekasi,Jatiasih,1550000,Putri,Ya,Ya,Tidak,Ya,Ya,Ya,Ya,Ya,Tidak,Tidak,Ya,Ya,Ya
1728,Kos Sakura Bekasi 1728,Bekasi,Bekasi Timur,1750000,Putri,Ya,Tidak,Tidak,Ya,Ya,Tidak,Ya,Tidak,Tidak,Ya,Tidak,Ya,Ya
1729,Kos Cendana Bekasi 1729,Bekasi,Jatiasih,1600000,Putri,Ya,Ya,Ya,Ya,Ya,Ya,Ya,Ya,Tidak,Ya,Ya,Tidak,Ya
1730,Kos Mawar Bekasi 1730,Bekasi,Jatiasih,1450000,Campur,Ya,Ya,Ya,Ya,Tidak,Ya,Tidak,Ya,Ya,Ya,Ya,Ya,Ya
1731,Kos Permata Bekasi 1731,Bekasi,Bekasi Timur,800000,Putra,Ya,Tidak,Tidak,Ya,Ya,Tidak,Ya,Ya,Tidak,Tidak,Tidak,Ya,Ya
1732,Kos Harmoni Bekasi 1732,Bekasi,Rawalumbu,2500000,Putri,Ya,Ya,Ya,Ya,Ya,Tidak,Ya,Ya,Tidak,Tidak,Ya,Ya,Ya
1733,Kos Wijaya Bekasi 1733,Bekasi,Bekasi Timur,2500000,Campur,Ya,Ya,Tidak,Ya,Ya,Tidak,Ya,Ya,Tidak,Ya,Tidak,Tidak,Ya
1734,Kos Mawar Bekasi 1734,Bekasi,Bekasi Timur,2350000,Putri,Ya,Tidak,Ya,Ya,Ya,Ya,Ya,Ya,Tidak,Tidak,Tidak,Ya,Ya
1735,Kos Wijaya Bekasi 1735,Bekasi,Jatiasih,2350000,Putri,Ya,Ya,Tidak,Ya,Ya,Ya,Tidak,Ya,Ya,Tidak,Ya,Ya,Ya
1736,Kos Permata Bekasi 1736,Bekasi,Rawalumbu,2100000,Putra,Ya,Tidak,Ya,Ya,Ya,Ya,Ya,Ya,Tidak,Tidak,Tidak,Ya,Ya
1737,Kos Anggrek Bekasi 1737,Bekasi,Rawalumbu,2250000,Putra,Ya,Ya,Tidak,Ya,Ya,Ya,Tidak,Ya,Tidak,Tidak,Tidak,Ya,Ya
1738,Kos Melati Bekasi 1738,Bekasi,Jatiasih,2400000,Putra,Ya,Tidak,Ya,Ya,Ya,Ya,Ya,Ya,Tidak,Ya,Tidak,Ya,Ya
1739,Kos Anggrek Bekasi 1739,Bekasi,Bekasi Selatan,2500000,Putra,Ya,Tidak,Ya,Ya,Ya,Ya,Ya,Ya,Tidak,Tidak,Tidak,Ya,Ya
1740,Kos Amanah Bekasi 1740,Bekasi,Rawalumbu,1750000,Putri,Ya,Tidak,Tidak,Ya,Ya,Ya,Ya,Ya,Tidak,Tidak,Tidak,Ya,Tidak
1741,Kos Puspa Bekasi 1741,Bekasi,Bekasi Timur,750000,Campur,Ya,Ya,Tidak,Ya,Ya,Tidak,Tidak,Ya,Ya,Tidak,Tidak,Ya,Ya
1742,Kos Wijaya Bekasi 1742,Bekasi,Bekasi Timur,1800000,Putri,Ya,Tidak,Ya,Ya,Ya,Ya,Tidak,Ya,Ya,Tidak,Tidak,Ya,Ya
1743,Kos Amanah Bekasi 1743,Bekasi,Pondok Gede,1200000,Campur,Ya,Tidak,Tidak,Ya,Ya,Ya,Tidak,Tidak,Tidak,Tidak,Ya,Tidak,Ya
1744,Kos Anggrek Bekasi 1744,Bekasi,Pondok Gede,1650000,Putra,Ya,Ya,Ya,Ya,Ya,Ya,Ya,Ya,Tidak,Ya,Tidak,Ya,Ya
1745,Kos Puspa Bekasi 1745,Bekasi,Pondok Gede,850000,Putri,Ya,Tidak,Ya,Ya,Ya,Tidak,Ya,Ya,Tidak,Tidak,Ya,Ya,Ya
1746,Kos Sakura Bekasi 1746,Bekasi,Bekasi Timur,1850000,Putra,Ya,Tidak,Ya,Ya,Ya,Ya,Ya,Ya,Ya,Tidak,Ya,Ya,Tidak
1747,Kos Sakura Bekasi 1747,Bekasi,Pondok Gede,1450000,Putra,Ya,Ya,Ya,Ya,Ya,Ya,Tidak,Ya,Tidak,Tidak,Tidak,Tidak,Ya
1748,Kos Melati Bekasi 1748,Bekasi,Rawalumbu,1550000,Putra,Ya,Tidak,Ya,Ya,Ya,Ya,Ya,Ya,Tidak,Ya,Tidak,Ya,Ya
1749,Kos Permata Bekasi 1749,Bekasi,Jatiasih,2000000,Putri,Ya,Ya,Tidak,Ya,Ya,Tidak,Ya,Ya,Ya,Tidak,Tidak,Tidak,Tidak
1750,Kos Nusantara Bekasi 1750,Bekasi,Bekasi Timur,1950000,Putra,Tidak,Ya,Ya,Ya,Ya,Tidak,Ya,Ya,Tidak,Ya,Tidak,Ya,Ya
1751,Kos Sakura Bekasi 1751,Bekasi,Pondok Gede,2300000,Putri,Ya,Ya,Tidak,Ya,Ya,Ya,Tidak,Ya,Tidak,Ya,Ya,Tidak,Ya
1752,Kos Mawar Bekasi 1752,Bekasi,Pondok Gede,2100000,Campur,Ya,Tidak,Ya,Ya,Ya,Ya,Tidak,Ya,Tidak,Ya,Tidak,Ya,Tidak
1753,Kos Sakura Bekasi 1753,Bekasi,Jatiasih,1250000,Putri,Ya,Ya,Tidak,Ya,Ya,Ya,Ya,Ya,Tidak,Ya,Tidak,Tidak,Ya
1754,Kos Permata Bekasi 1754,Bekasi,Bekasi Timur,850000,Putra,Ya,Ya,Ya,Ya,Ya,Tidak,Ya,Ya,Tidak,Tidak,Ya,Ya,Ya
1755,Kos Harmoni Bekasi 1755,Bekasi,Jatiasih,800000,Putra,Ya,Ya,Tidak,Ya,Ya,Tidak,Tidak,Ya,Tidak,Ya,Tidak,Ya,Ya
1756,Kos Kenanga Bekasi 1756,Bekasi,Bekasi Selatan,1550000,Putra,Ya,Ya,Ya,Ya,Ya,Ya,Ya,Ya,Tidak,Ya,Tidak,Ya,Tidak
1757,Kos Mawar Bekasi 1757,Bekasi,Pondok Gede,2350000,Putra,Ya,Tidak,Tidak,Ya,Tidak,Ya,Ya,Ya,Ya,Tidak,Tidak,Ya,Ya
1758,Kos Melati Bekasi 1758,Bekasi,Rawalumbu,2200000,Putra,Ya,Ya,Tidak,Ya,Tidak,Ya,Ya,Ya,Ya,Tidak,Tidak,Ya,Tidak
1759,Kos Harmoni Bekasi 1759,Bekasi,Bekasi Selatan,2050000,Putra,Ya,Tidak,Ya,Ya,Ya,Ya,Tidak,Ya,Ya,Tidak,Tidak,Ya,Ya
1760,Kos Melati Bekasi 1760,Bekasi,Jatiasih,800000,Putra,Ya,Tidak,Ya,Ya,Ya,Ya,Ya,Tidak,Tidak,Ya,Ya,Tidak,Ya
1761,Kos Mawar Bekasi 1761,Bekasi,Rawalumbu,800000,Putri,Ya,Tidak,Tidak,Ya,Ya,Ya,Tidak,Ya,Tidak,Ya,Ya,Ya,Tidak
1762,Kos Melati Bekasi 1762,Bekasi,Rawalumbu,1350000,Putra,Ya,Ya,Ya,Ya,Ya,Tidak,Tidak,Ya,Tidak,Tidak,Tidak,Ya,Ya
1763,Kos Anggrek Bekasi 1763,Bekasi,Pondok Gede,800000,Campur,Ya,Tidak,Tidak,Ya,Ya,Ya,Ya,Ya,Tidak,Tidak,Tidak,Ya,Tidak
1764,Kos Sakura Bekasi 1764,Bekasi,Bekasi Selatan,2450000,Putra,Ya,Tidak,Ya,Ya,Tidak,Tidak,Ya,Ya,Tidak,Tidak,Ya,Tidak,Tidak
1765,Kos Harmoni Bekasi 1765,Bekasi,Bekasi Selatan,1950000,Putri,Ya,Tidak,Ya,Ya,Ya,Ya,Ya,Ya,Tidak,Ya,Tidak,Tidak,Tidak
1766,Kos Wijaya Bekasi 1766,Bekasi,Pondok Gede,1500000,Putri,Tidak,Ya,Tidak,Ya,Ya,Ya,Ya,Ya,Tidak,Tidak,Ya,Ya,Ya
1767,Kos Permata Bekasi 1767,Bekasi,Rawalumbu,1850000,Campur,Tidak,Ya,Tidak,Ya,Ya,Ya,Tidak,Ya,Tidak,Ya,Ya,Ya,Ya
1768,Kos Anggrek Bekasi 1768,Bekasi,Pondok Gede,1750000,Campur,Ya,Ya,Tidak,Ya,Ya,Ya,Ya,Ya,Tidak,Ya,Tidak,Ya,Ya
1769,Kos Melati Bekasi 1769,Bekasi,Jatiasih,1600000,Putri,Ya,Tidak,Tidak,Ya,Ya,Ya,Tidak,Ya,Tidak,Tidak,Ya,Tidak,Tidak
1770,Kos Mawar Bekasi 1770,Bekasi,Rawalumbu,800000,Putri,Ya,Ya,Ya,Ya,Ya,Ya,Tidak,Tidak,Tidak,Ya,Tidak,Tidak,Ya
1771,Kos Kenanga Bekasi 1771,Bekasi,Bekasi Timur,2350000,Putra,Ya,Tidak,Ya,Ya,Ya,Ya,Ya,Ya,Tidak,Ya,Ya,Ya,Ya
1772,Kos Puspa Bekasi 1772,Bekasi,Rawalumbu,2000000,Putra,Ya,Ya,Tidak,Ya,Ya,Ya,Ya,Ya,Ya,Ya,Tidak,Ya,Ya
1773,Kos Wijaya Bekasi 1773,Bekasi,Bekasi Selatan,700000,Putra,Ya,Tidak,Ya,Ya,Ya,Ya,Ya,Ya,Tidak,Ya,Ya,Ya,Ya
1774,Kos Puspa Bekasi 1774,Bekasi,Bekasi Selatan,1500000,Putra,Ya,Ya,Tidak,Ya,Ya,Ya,Tidak,Ya,Tidak,Tidak,Ya,Ya,Ya
1775,Kos Sakura Bekasi 1775,Bekasi,Pondok Gede,2350000,Putri,Ya,Tidak,Tidak,Ya,Ya,Tidak,Ya,Ya,Tidak,Tidak,Tidak,Tidak,Ya
1776,Kos Kenanga Bekasi 1776,Bekasi,Jatiasih,1650000,Putra,Ya,Ya,Tidak,Ya,Ya,Ya,Ya,Ya,Ya,Ya,Ya,Ya,Tidak
1777,Kos Mawar Bekasi 1777,Bekasi,Bekasi Timur,900000,Campur,Ya,Tidak,Ya,Ya,Ya,Ya,Ya,Ya,Tidak,Ya,Tidak,Ya,Ya
1778,Kos Mawar Bekasi 1778,Bekasi,Pondok Gede,950000,Putra,Ya,Tidak,Ya,Ya,Ya,Ya,Tidak,Ya,Tidak,Tidak,Tidak,Ya,Ya
1779,Kos Permata Bekasi 1779,Bekasi,Rawalumbu,1150000,Campur,Ya,Tidak,Ya,Ya,Ya,Tidak,Ya,Ya,Tidak,Tidak,Ya,Ya,Tidak
1780,Kos Cendana Bekasi 1780,Bekasi,Bekasi Selatan,1650000,Putra,Ya,Ya,Tidak,Ya,Ya,Ya,Tidak,Ya,Ya,Ya,Tidak,Ya,Ya
1781,Kos Puspa Bekasi 1781,Bekasi,Jatiasih,850000,Campur,Tidak,Tidak,Tidak,Ya,Ya,Ya,Ya,Ya,Tidak,Ya,Ya,Ya,Ya
1782,Kos Amanah Bekasi 1782,Bekasi,Bekasi Timur,1150000,Putri,Ya,Ya,Ya,Ya,Ya,Ya,Ya,Ya,Ya,Tidak,Ya,Tidak,Ya
1783,Kos Cendana Bekasi 1783,Bekasi,Pondok Gede,700000,Putri,Ya,Ya,Ya,Ya,Ya,Tidak,Ya,Ya,Tidak,Ya,Ya,Ya,Ya
1784,Kos Harmoni Bekasi 1784,Bekasi,Bekasi Timur,2050000,Campur,Ya,Tidak,Tidak,Ya,Ya,Tidak,Ya,Ya,Tidak,Ya,Ya,Ya,Ya
1785,Kos Wijaya Bekasi 1785,Bekasi,Jatiasih,1600000,Putri,Ya,Ya,Ya,Ya,Ya,Ya,Ya,Tidak,Tidak,Tidak,Ya,Ya,Ya
1786,Kos Permata Bekasi 1786,Bekasi,Rawalumbu,2350000,Putri,Ya,Ya,Ya,Ya,Ya,Ya,Ya,Ya,Tidak,Ya,Tidak,Tidak,Ya
1787,Kos Amanah Bekasi 1787,Bekasi,Bekasi Timur,2200000,Putra,Ya,Ya,Ya,Ya,Ya,Ya,Tidak,Ya,Ya,Tidak,Tidak,Ya,Ya
1788,Kos Mawar Bekasi 1788,Bekasi,Bekasi Selatan,1550000,Putri,Ya,Tidak,Tidak,Ya,Ya,Tidak,Ya,Ya,Tidak,Ya,Ya,Ya,Ya
1789,Kos Permata Bekasi 1789,Bekasi,Rawalumbu,2000000,Campur,Ya,Ya,Ya,Ya,Ya,Tidak,Ya,Ya,Tidak,Ya,Ya,Ya,Ya
1790,Kos Mawar Bekasi 1790,Bekasi,Jatiasih,1250000,Putri,Tidak,Ya,Ya,Ya,Ya,Ya,Tidak,Ya,Ya,Ya,Ya,Ya,Tidak
1791,Kos Wijaya Bekasi 1791,Bekasi,Bekasi Timur,1550000,Putri,Ya,Ya,Tidak,Ya,Ya,Tidak,Ya,Ya,Tidak,Ya,Ya,Tidak,Tidak
1792,Kos Amanah Bekasi 1792,Bekasi,Pondok Gede,2450000,Putri,Ya,Ya,Tidak,Ya,Ya,Tidak,Tidak,Ya,Tidak,Ya,Tidak,Tidak,Ya
1793,Kos Anggrek Bekasi 1793,Bekasi,Jatiasih,2450000,Putri,Ya,Tidak,Tidak,Ya,Tidak,Ya,Ya,Ya,Tidak,Tidak,Ya,Tidak,Ya
1794,Kos Anggrek Bekasi 1794,Bekasi,Jatiasih,1950000,Putra,Ya,Ya,Ya,Ya,Ya,Ya,Tidak,Ya,Tidak,Ya,Tidak,Ya,Ya
1795,Kos Harmoni Bekasi 1795,Bekasi,Jatiasih,1100000,Putri,Ya,Tidak,Tidak,Ya,Ya,Ya,Ya,Tidak,Tidak,Ya,Ya,Tidak,Ya
1796,Kos Sakura Bekasi 1796,Bekasi,Pondok Gede,850000,Putra,Ya,Ya,Tidak,Ya,Ya,Tidak,Ya,Ya,Tidak,Tidak,Tidak,Ya,Ya
1797,Kos Kenanga Bekasi 1797,Bekasi,Rawalumbu,2300000,Putra,Ya,Tidak,Tidak,Ya,Ya,Tidak,Ya,Ya,Tidak,Ya,Tidak,Ya,Ya
1798,Kos Permata Bekasi 1798,Bekasi,Rawalumbu,1950000,Putri,Tidak,Tidak,Ya,Ya,Ya,Ya,Ya,Ya,Tidak,Ya,Tidak,Tidak,Ya
1799,Kos Anggrek Bekasi 1799,Bekasi,Jatiasih,2000000,Putra,Ya,Tidak,Ya,Ya,Ya,Ya,Ya,Ya,Tidak,Ya,Tidak,Ya,Ya
1800,Kos Wijaya Bekasi 1800,Bekasi,Bekasi Selatan,1400000,Campur,Ya,Tidak,Tidak,Ya,Ya,Ya,Ya,Ya,Tidak,Tidak,Tidak,Tidak,Ya
1801,Kos Kenanga Bekasi 1801,Bekasi,Bekasi Selatan,1450000,Putra,Ya,Ya,Tidak,Ya,Ya,Ya,Ya,Ya,Tidak,Tidak,Tidak,Ya,Ya
1802,Kos Melati Bekasi 1802,Bekasi,Bekasi Timur,1900000,Campur,Ya,Tidak,Tidak,Ya,Ya,Ya,Tidak,Ya,Tidak,Ya,Tidak,Tidak,Tidak
1803,Kos Cendana Bekasi 1803,Bekasi,Jatiasih,1450000,Campur,Ya,Tidak,Tidak,Ya,Ya,Ya,Tidak,Tidak,Tidak,Tidak,Ya,Ya,Ya
1804,Kos Puspa Bekasi 1804,Bekasi,Rawalumbu,750000,Putra,Ya,Ya,Tidak,Ya,Ya,Ya,Tidak,Ya,Ya,Tidak,Ya,Ya,Ya
1805,Kos Amanah Bekasi 1805,Bekasi,Rawalumbu,850000,Putra,Ya,Ya,Ya,Ya,Ya,Ya,Tidak,Ya,Tidak,Tidak,Tidak,Ya,Ya
1806,Kos Mawar Bekasi 1806,Bekasi,Bekasi Timur,1150000,Putra,Ya,Ya,Ya,Ya,Ya,Ya,Ya,Ya,Ya,Ya,Tidak,Tidak,Ya
1807,Kos Puspa Bekasi 1807,Bekasi,Bekasi Timur,1800000,Campur,Ya,Ya,Tidak,Ya,Ya,Ya,Tidak,Ya,Tidak,Ya,Ya,Ya,Tidak
1808,Kos Amanah Bekasi 1808,Bekasi,Bekasi Selatan,1350000,Putri,Ya,Ya,Ya,Ya,Ya,Ya,Ya,Ya,Tidak,Ya,Ya,Ya,Tidak
1809,Kos Mawar Bekasi 1809,Bekasi,Rawalumbu,800000,Putri,Ya,Tidak,Ya,Ya,Ya,Tidak,Ya,Ya,Tidak,Ya,Tidak,Ya,Ya
1810,Kos Sakura Bekasi 1810,Bekasi,Bekasi Selatan,800000,Campur,Tidak,Ya,Tidak,Ya,Ya,Ya,Ya,Ya,Tidak,Ya,Tidak,Tidak,Tidak
1811,Kos Mawar Bekasi 1811,Bekasi,Bekasi Selatan,2100000,Campur,Ya,Ya,Ya,Ya,Ya,Ya,Tidak,Tidak,Tidak,Ya,Ya,Ya,Ya
1812,Kos Sakura Bekasi 1812,Bekasi,Rawalumbu,1700000,Putri,Ya,Ya,Ya,Ya,Ya,Ya,Tidak,Ya,Tidak,Ya,Tidak,Ya,Ya
1813,Kos Harmoni Bekasi 1813,Bekasi,Bekasi Selatan,700000,Putra,Ya,Tidak,Ya,Ya,Ya,Ya,Ya,Ya,Tidak,Tidak,Tidak,Ya,Tidak
1814,Kos Kenanga Bekasi 1814,Bekasi,Bekasi Timur,2150000,Putra,Ya,Ya,Ya,Ya,Ya,Ya,Tidak,Ya,Tidak,Ya,Ya,Ya,Tidak
1815,Kos Wijaya Bekasi 1815,Bekasi,Rawalumbu,1900000,Campur,Ya,Ya,Ya,Ya,Ya,Tidak,Ya,Ya,Ya,Ya,Ya,Ya,Tidak
1816,Kos Mawar Bekasi 1816,Bekasi,Bekasi Selatan,2400000,Putra,Ya,Tidak,Ya,Ya,Ya,Ya,Ya,Ya,Ya,Ya,Ya,Ya,Ya
1817,Kos Kenanga Bekasi 1817,Bekasi,Bekasi Selatan,1050000,Putri,Ya,Ya,Ya,Ya,Ya,Ya,Ya,Ya,Tidak,Ya,Tidak,Ya,Ya
1818,Kos Anggrek Bekasi 1818,Bekasi,Bekasi Timur,1450000,Putri,Ya,Ya,Tidak,Ya,Ya,Ya,Tidak,Ya,Tidak,Tidak,Ya,Tidak,Tidak
1819,Kos Nusantara Bekasi 1819,Bekasi,Jatiasih,2250000,Campur,Ya,Tidak,Tidak,Ya,Ya,Ya,Ya,Tidak,Tidak,Tidak,Ya,Tidak,Tidak
1820,Kos Sakura Bekasi 1820,Bekasi,Pondok Gede,2100000,Putri,Ya,Ya,Tidak,Ya,Ya,Ya,Tidak,Ya,Tidak,Tidak,Tidak,Ya,Tidak
1821,Kos Cendana Bekasi 1821,Bekasi,Bekasi Selatan,2200000,Putra,Ya,Ya,Ya,Ya,Ya,Ya,Ya,Ya,Ya,Ya,Tidak,Tidak,Ya
1822,Kos Permata Bekasi 1822,Bekasi,Jatiasih,1250000,Putra,Ya,Ya,Tidak,Ya,Ya,Tidak,Ya,Ya,Tidak,Ya,Tidak,Tidak,Tidak
1823,Kos Mawar Bekasi 1823,Bekasi,Jatiasih,1750000,Putri,Ya,Ya,Ya,Ya,Ya,Ya,Ya,Ya,Ya,Ya,Ya,Ya,Ya
1824,Kos Mawar Bekasi 1824,Bekasi,Bekasi Selatan,1800000,Putri,Tidak,Ya,Ya,Ya,Ya,Ya,Ya,Ya,Tidak,Tidak,Tidak,Tidak,Ya
1825,Kos Sakura Bekasi 1825,Bekasi,Rawalumbu,2500000,Campur,Tidak,Ya,Tidak,Ya,Ya,Ya,Ya,Ya,Ya,Tidak,Ya,Ya,Tidak
1826,Kos Puspa Bekasi 1826,Bekasi,Rawalumbu,1100000,Putri,Ya,Tidak,Ya,Ya,Tidak,Ya,Ya,Ya,Ya,Ya,Tidak,Ya,Ya
1827,Kos Sakura Bekasi 1827,Bekasi,Rawalumbu,1850000,Putri,Ya,Tidak,Tidak,Ya,Ya,Tidak,Tidak,Ya,Tidak,Ya,Tidak,Ya,Ya
1828,Kos Puspa Bekasi 1828,Bekasi,Bekasi Selatan,700000,Putri,Tidak,Tidak,Tidak,Ya,Ya,Ya,Ya,Ya,Tidak,Tidak,Tidak,Ya,Ya
1829,Kos Kenanga Bekasi 1829,Bekasi,Jatiasih,1050000,Campur,Ya,Ya,Tidak,Ya,Ya,Tidak,Tidak,Ya,Tidak,Ya,Tidak,Ya,Ya
1830,Kos Puspa Bekasi 1830,Bekasi,Bekasi Selatan,1950000,Putra,Ya,Ya,Tidak,Ya,Ya,Ya,Ya,Ya,Tidak,Tidak,Ya,Ya,Ya
1831,Kos Puspa Bekasi 1831,Bekasi,Rawalumbu,2050000,Putri,Ya,Ya,Ya,Ya,Ya,Ya,Tidak,Ya,Tidak,Tidak,Tidak,Tidak,Ya
1832,Kos Kenanga Bekasi 1832,Bekasi,Bekasi Selatan,2250000,Campur,Ya,Ya,Tidak,Ya,Ya,Ya,Ya,Tidak,Tidak,Ya,Tidak,Tidak,Ya
1833,Kos Mawar Bekasi 1833,Bekasi,Bekasi Selatan,2250000,Putri,Ya,Ya,Ya,Ya,Ya,Tidak,Tidak,Ya,Tidak,Tidak,Tidak,Tidak,Ya
1834,Kos Anggrek Bekasi 1834,Bekasi,Bekasi Selatan,1250000,Putra,Ya,Tidak,Ya,Ya,Ya,Ya,Ya,Ya,Tidak,Ya,Tidak,Ya,Tidak
1835,Kos Sakura Bekasi 1835,Bekasi,Jatiasih,850000,Putra,Ya,Tidak,Tidak,Ya,Ya,Ya,Ya,Ya,Tidak,Tidak,Ya,Ya,Ya
1836,Kos Mawar Bekasi 1836,Bekasi,Bekasi Timur,800000,Putra,Tidak,Ya,Tidak,Ya,Ya,Ya,Ya,Ya,Tidak,Tidak,Ya,Ya,Ya
1837,Kos Puspa Bekasi 1837,Bekasi,Bekasi Timur,950000,Campur,Ya,Ya,Ya,Ya,Tidak,Ya,Tidak,Ya,Tidak,Ya,Ya,Tidak,Ya
1838,Kos Harmoni Bekasi 1838,Bekasi,Bekasi Selatan,1850000,Putri,Ya,Tidak,Tidak,Ya,Ya,Ya,Ya,Ya,Ya,Ya,Tidak,Tidak,Ya
1839,Kos Anggrek Bekasi 1839,Bekasi,Pondok Gede,700000,Putri,Ya,Tidak,Ya,Ya,Ya,Tidak,Ya,Ya,Tidak,Tidak,Ya,Tidak,Ya
1840,Kos Wijaya Bekasi 1840,Bekasi,Bekasi Selatan,750000,Putri,Ya,Ya,Tidak,Ya,Ya,Tidak,Ya,Ya,Tidak,Tidak,Tidak,Ya,Ya
1841,Kos Sakura Bekasi 1841,Bekasi,Bekasi Selatan,2500000,Putri,Ya,Tidak,Ya,Ya,Ya,Ya,Tidak,Ya,Tidak,Tidak,Tidak,Ya,Tidak
1842,Kos Mawar Bekasi 1842,Bekasi,Bekasi Selatan,1350000,Putri,Tidak,Tidak,Ya,Ya,Ya,Ya,Ya,Tidak,Tidak,Tidak,Ya,Ya,Ya
1843,Kos Harmoni Bekasi 1843,Bekasi,Rawalumbu,900000,Putri,Ya,Ya,Ya,Ya,Ya,Ya,Ya,Ya,Ya,Ya,Tidak,Ya,Tidak
1844,Kos Cendana Bekasi 1844,Bekasi,Bekasi Timur,1150000,Putri,Ya,Tidak,Tidak,Ya,Ya,Ya,Tidak,Ya,Tidak,Ya,Tidak,Ya,Ya
1845,Kos Sakura Bekasi 1845,Bekasi,Bekasi Selatan,1950000,Putra,Ya,Ya,Ya,Ya,Ya,Ya,Ya,Ya,Tidak,Tidak,Tidak,Tidak,Tidak
1846,Kos Wijaya Bekasi 1846,Bekasi,Jatiasih,2300000,Putri,Ya,Tidak,Tidak,Ya,Ya,Ya,Ya,Tidak,Tidak,Tidak,Ya,Ya,Ya
1847,Kos Kenanga Bekasi 1847,Bekasi,Jatiasih,1250000,Putri,Ya,Tidak,Tidak,Ya,Ya,Ya,Tidak,Ya,Tidak,Tidak,Tidak,Ya,Tidak
1848,Kos Amanah Bekasi 1848,Bekasi,Bekasi Selatan,2050000,Putra,Ya,Tidak,Tidak,Ya,Ya,Ya,Ya,Ya,Ya,Tidak,Tidak,Ya,Ya
1849,Kos Permata Bekasi 1849,Bekasi,Bekasi Selatan,1900000,Putra,Ya,Ya,Tidak,Ya,Tidak,Ya,Ya,Ya,Ya,Tidak,Tidak,Tidak,Tidak
1850,Kos Nusantara Bekasi 1850,Bekasi,Pondok Gede,1900000,Putra,Ya,Ya,Ya,Ya,Ya,Ya,Tidak,Ya,Tidak,Tidak,Tidak,Ya,Ya
1851,Kos Anggrek Bekasi 1851,Bekasi,Bekasi Timur,1850000,Putri,Ya,Tidak,Tidak,Ya,Ya,Ya,Ya,Ya,Ya,Ya,Tidak,Ya,Ya
1852,Kos Mawar Bekasi 1852,Bekasi,Rawalumbu,1950000,Putri,Ya,Tidak,Tidak,Ya,Ya,Ya,Tidak,Ya,Tidak,Ya,Ya,Tidak,Ya
1853,Kos Nusantara Bekasi 1853,Bekasi,Pondok Gede,1900000,Putri,Ya,Ya,Ya,Ya,Ya,Ya,Tidak,Ya,Tidak,Ya,Ya,Tidak,Ya
1854,Kos Amanah Bekasi 1854,Bekasi,Rawalumbu,1850000,Putra,Ya,Tidak,Ya,Ya,Ya,Ya,Ya,Ya,Tidak,Tidak,Ya,Ya,Tidak
1855,Kos Permata Bekasi 1855,Bekasi,Bekasi Timur,2200000,Putri,Ya,Ya,Ya,Ya,Ya,Ya,Ya,Ya,Tidak,Tidak,Tidak,Ya,Ya
1856,Kos Amanah Bekasi 1856,Bekasi,Jatiasih,1500000,Campur,Ya,Tidak,Ya,Ya,Ya,Ya,Tidak,Tidak,Tidak,Tidak,Ya,Ya,Tidak
1857,Kos Amanah Bekasi 1857,Bekasi,Jatiasih,800000,Campur,Ya,Ya,Tidak,Ya,Ya,Tidak,Ya,Ya,Ya,Ya,Ya,Ya,Tidak
1858,Kos Nusantara Bekasi 1858,Bekasi,Rawalumbu,2100000,Putri,Ya,Tidak,Ya,Ya,Ya,Ya,Ya,Ya,Tidak,Ya,Ya,Ya,Tidak
1859,Kos Cendana Bekasi 1859,Bekasi,Jatiasih,1950000,Putri,Ya,Tidak,Ya,Ya,Ya,Tidak,Ya,Ya,Ya,Tidak,Ya,Ya,Tidak
1860,Kos Anggrek Bekasi 1860,Bekasi,Bekasi Selatan,2500000,Putri,Ya,Ya,Tidak,Ya,Ya,Ya,Tidak,Ya,Tidak,Ya,Ya,Ya,Ya
1861,Kos Cendana Bekasi 1861,Bekasi,Jatiasih,900000,Campur,Ya,Ya,Ya,Ya,Ya,Ya,Tidak,Ya,Ya,Tidak,Ya,Tidak,Tidak
1862,Kos Permata Bekasi 1862,Bekasi,Bekasi Timur,850000,Campur,Ya,Tidak,Tidak,Ya,Ya,Ya,Tidak,Ya,Tidak,Ya,Ya,Ya,Ya
1863,Kos Amanah Bekasi 1863,Bekasi,Bekasi Timur,700000,Putra,Ya,Tidak,Tidak,Ya,Ya,Tidak,Ya,Ya,Tidak,Ya,Tidak,Ya,Ya
1864,Kos Kenanga Bekasi 1864,Bekasi,Pondok Gede,1500000,Putri,Ya,Tidak,Ya,Ya,Ya,Tidak,Tidak,Tidak,Tidak,Ya,Tidak,Tidak,Tidak
1865,Kos Sakura Bekasi 1865,Bekasi,Bekasi Selatan,1500000,Putri,Ya,Ya,Ya,Ya,Ya,Ya,Tidak,Tidak,Tidak,Tidak,Ya,Ya,Tidak
1866,Kos Cendana Bekasi 1866,Bekasi,Rawalumbu,2150000,Putri,Ya,Ya,Tidak,Ya,Ya,Ya,Ya,Ya,Ya,Ya,Tidak,Ya,Tidak
1867,Kos Sakura Bekasi 1867,Bekasi,Rawalumbu,1350000,Putri,Ya,Ya,Ya,Ya,Ya,Ya,Ya,Ya,Tidak,Ya,Ya,Ya,Ya
1868,Kos Puspa Bekasi 1868,Bekasi,Bekasi Selatan,1050000,Putra,Ya,Ya,Ya,Ya,Ya,Ya,Ya,Ya,Ya,Tidak,Ya,Ya,Ya
1869,Kos Wijaya Bekasi 1869,Bekasi,Bekasi Timur,1100000,Putri,Ya,Tidak,Ya,Ya,Ya,Ya,Ya,Ya,Tidak,Ya,Tidak,Tidak,Ya
1870,Kos Nusantara Bekasi 1870,Bekasi,Bekasi Timur,2100000,Putri,Ya,Tidak,Tidak,Ya,Ya,Ya,Ya,Ya,Tidak,Tidak,Tidak,Ya,Ya
1871,Kos Kenanga Bekasi 1871,Bekasi,Jatiasih,2150000,Campur,Ya,Ya,Ya,Ya,Ya,Ya,Tidak,Ya,Tidak,Tidak,Ya,Ya,Ya
1872,Kos Mawar Bekasi 1872,Bekasi,Pondok Gede,2000000,Putra,Ya,Ya,Ya,Ya,Ya,Ya,Ya,Ya,Ya,Tidak,Ya,Tidak,Ya
1873,Kos Cendana Bekasi 1873,Bekasi,Rawalumbu,1250000,Putra,Ya,Ya,Tidak,Ya,Ya,Ya,Ya,Ya,Tidak,Tidak,Ya,Tidak,Ya
1874,Kos Cendana Bekasi 1874,Bekasi,Jatiasih,1250000,Putri,Ya,Ya,Tidak,Ya,Ya,Ya,Ya,Ya,Tidak,Tidak,Ya,Ya,Tidak
1875,Kos Cendana Bekasi 1875,Bekasi,Pondok Gede,950000,Campur,Ya,Tidak,Tidak,Ya,Tidak,Ya,Ya,Ya,Tidak,Tidak,Tidak,Ya,Ya
1876,Kos Cendana Bekasi 1876,Bekasi,Pondok Gede,1100000,Putri,Ya,Ya,Tidak,Ya,Ya,Ya,Ya,Ya,Tidak,Ya,Tidak,Tidak,Tidak
1877,Kos Harmoni Bekasi 1877,Bekasi,Jatiasih,2100000,Campur,Ya,Tidak,Ya,Ya,Ya,Ya,Tidak,Tidak,Tidak,Ya,Tidak,Tidak,Ya
1878,Kos Harmoni Bekasi 1878,Bekasi,Jatiasih,2050000,Putra,Tidak,Ya,Ya,Ya,Ya,Tidak,Ya,Ya,Tidak,Tidak,Tidak,Ya,Ya
1879,Kos Mawar Bekasi 1879,Bekasi,Bekasi Timur,2150000,Putra,Tidak,Ya,Tidak,Ya,Ya,Ya,Tidak,Ya,Tidak,Ya,Tidak,Ya,Ya
1880,Kos Anggrek Bekasi 1880,Bekasi,Jatiasih,1750000,Putra,Ya,Tidak,Ya,Ya,Ya,Tidak,Ya,Ya,Tidak,Ya,Ya,Tidak,Tidak
1881,Kos Cendana Bekasi 1881,Bekasi,Rawalumbu,900000,Putri,Ya,Tidak,Tidak,Ya,Ya,Tidak,Tidak,Ya,Tidak,Tidak,Ya,Ya,Ya
1882,Kos Kenanga Bekasi 1882,Bekasi,Rawalumbu,1500000,Putri,Ya,Tidak,Tidak,Ya,Ya,Ya,Ya,Ya,Tidak,Tidak,Ya,Ya,Tidak
1883,Kos Mawar Bekasi 1883,Bekasi,Bekasi Selatan,2050000,Campur,Ya,Tidak,Ya,Ya,Ya,Ya,Ya,Ya,Tidak,Tidak,Ya,Ya,Tidak
1884,Kos Harmoni Bekasi 1884,Bekasi,Bekasi Selatan,950000,Putra,Ya,Tidak,Tidak,Ya,Ya,Ya,Tidak,Tidak,Tidak,Ya,Ya,Ya,Ya
1885,Kos Anggrek Bekasi 1885,Bekasi,Pondok Gede,2450000,Putri,Ya,Ya,Tidak,Ya,Ya,Ya,Ya,Ya,Tidak,Ya,Tidak,Ya,Ya
1886,Kos Amanah Bekasi 1886,Bekasi,Bekasi Selatan,1100000,Putri,Ya,Tidak,Tidak,Ya,Ya,Ya,Ya,Ya,Tidak,Ya,Ya,Tidak,Ya
1887,Kos Anggrek Bekasi 1887,Bekasi,Pondok Gede,1750000,Putri,Ya,Ya,Tidak,Ya,Ya,Ya,Ya,Ya,Tidak,Ya,Tidak,Ya,Tidak
1888,Kos Anggrek Bekasi 1888,Bekasi,Jatiasih,900000,Putri,Ya,Ya,Ya,Ya,Ya,Ya,Tidak,Ya,Tidak,Tidak,Tidak,Ya,Ya
1889,Kos Cendana Bekasi 1889,Bekasi,Bekasi Timur,900000,Putri,Ya,Tidak,Tidak,Ya,Ya,Tidak,Tidak,Ya,Tidak,Tidak,Tidak,Tidak,Ya
1890,Kos Permata Bekasi 1890,Bekasi,Bekasi Timur,2200000,Putri,Ya,Tidak,Tidak,Ya,Ya,Ya,Tidak,Ya,Tidak,Ya,Ya,Tidak,Ya
1891,Kos Melati Bogor 1891,Bogor,Bogor Utara,1750000,Campur,Ya,Tidak,Ya,Ya,Ya,Tidak,Ya,Ya,Ya,Tidak,Ya,Tidak,Ya
1892,Kos Nusantara Bogor 1892,Bogor,Bogor Tengah,1900000,Putri,Ya,Ya,Tidak,Ya,Ya,Ya,Tidak,Ya,Tidak,Tidak,Ya,Ya,Ya
1893,Kos Permata Bogor 1893,Bogor,Bogor Utara,2000000,Putra,Ya,Tidak,Tidak,Ya,Ya,Ya,Ya,Ya,Ya,Tidak,Tidak,Tidak,Ya
1894,Kos Anggrek Bogor 1894,Bogor,Dramaga,700000,Putra,Ya,Ya,Tidak,Ya,Ya,Tidak,Tidak,Ya,Tidak,Tidak,Tidak,Ya,Ya
1895,Kos Sakura Bogor 1895,Bogor,Cibinong,700000,Campur,Ya,Tidak,Ya,Ya,Ya,Ya,Ya,Ya,Tidak,Ya,Ya,Tidak,Ya
1896,Kos Nusantara Bogor 1896,Bogor,Bogor Tengah,1500000,Putri,Ya,Tidak,Tidak,Ya,Ya,Ya,Tidak,Ya,Ya,Tidak,Tidak,Ya,Tidak
1897,Kos Cendana Bogor 1897,Bogor,Bogor Utara,750000,Putri,Ya,Tidak,Ya,Ya,Ya,Ya,Tidak,Ya,Ya,Ya,Tidak,Ya,Ya
1898,Kos Permata Bogor 1898,Bogor,Bogor Utara,1700000,Putri,Ya,Tidak,Tidak,Ya,Ya,Ya,Tidak,Tidak,Tidak,Tidak,Ya,Ya,Ya
1899,Kos Harmoni Bogor 1899,Bogor,Tanah Sareal,1850000,Putra,Ya,Tidak,Tidak,Ya,Ya,Ya,Ya,Ya,Ya,Ya,Ya,Ya,Tidak
1900,Kos Permata Bogor 1900,Bogor,Dramaga,800000,Putra,Ya,Ya,Tidak,Ya,Ya,Ya,Tidak,Ya,Tidak,Ya,Ya,Ya,Ya
1901,Kos Mawar Bogor 1901,Bogor,Tanah Sareal,1800000,Campur,Ya,Tidak,Ya,Ya,Ya,Tidak,Tidak,Tidak,Tidak,Ya,Tidak,Tidak,Tidak
1902,Kos Puspa Bogor 1902,Bogor,Cibinong,1000000,Putri,Ya,Tidak,Tidak,Ya,Tidak,Tidak,Ya,Ya,Tidak,Ya,Ya,Ya,Ya
1903,Kos Anggrek Bogor 1903,Bogor,Cibinong,1900000,Putra,Ya,Tidak,Ya,Ya,Ya,Ya,Tidak,Tidak,Tidak,Tidak,Ya,Ya,Tidak
1904,Kos Cendana Bogor 1904,Bogor,Dramaga,1050000,Putra,Ya,Tidak,Tidak,Ya,Ya,Ya,Ya,Ya,Ya,Ya,Ya,Tidak,Ya
1905,Kos Anggrek Bogor 1905,Bogor,Cibinong,1900000,Putri,Ya,Tidak,Tidak,Ya,Ya,Ya,Ya,Ya,Tidak,Tidak,Tidak,Ya,Tidak
1906,Kos Kenanga Bogor 1906,Bogor,Cibinong,1950000,Putra,Ya,Tidak,Ya,Ya,Ya,Ya,Tidak,Ya,Tidak,Tidak,Tidak,Tidak,Tidak
1907,Kos Kenanga Bogor 1907,Bogor,Bogor Utara,1250000,Putra,Ya,Tidak,Tidak,Ya,Ya,Ya,Ya,Ya,Tidak,Tidak,Ya,Ya,Ya
1908,Kos Harmoni Bogor 1908,Bogor,Bogor Tengah,1300000,Putra,Ya,Ya,Ya,Ya,Ya,Ya,Tidak,Tidak,Tidak,Ya,Tidak,Ya,Ya
1909,Kos Sakura Bogor 1909,Bogor,Cibinong,750000,Putri,Ya,Tidak,Tidak,Ya,Ya,Ya,Ya,Ya,Ya,Tidak,Ya,Tidak,Ya
1910,Kos Sakura Bogor 1910,Bogor,Dramaga,1750000,Putri,Ya,Tidak,Tidak,Ya,Ya,Ya,Ya,Ya,Tidak,Tidak,Tidak,Ya,Ya
1911,Kos Harmoni Bogor 1911,Bogor,Dramaga,1300000,Putra,Ya,Ya,Tidak,Ya,Ya,Tidak,Tidak,Ya,Tidak,Tidak,Ya,Tidak,Tidak
1912,Kos Harmoni Bogor 1912,Bogor,Bogor Tengah,1950000,Putra,Ya,Ya,Ya,Ya,Ya,Ya,Tidak,Ya,Tidak,Tidak,Tidak,Tidak,Ya
1913,Kos Permata Bogor 1913,Bogor,Dramaga,1750000,Campur,Ya,Ya,Tidak,Ya,Ya,Tidak,Tidak,Tidak,Tidak,Tidak,Tidak,Ya,Tidak
1914,Kos Mawar Bogor 1914,Bogor,Cibinong,1500000,Putra,Ya,Tidak,Ya,Ya,Ya,Tidak,Ya,Ya,Tidak,Tidak,Ya,Tidak,Ya
1915,Kos Permata Bogor 1915,Bogor,Tanah Sareal,1450000,Putra,Ya,Tidak,Ya,Ya,Ya,Ya,Tidak,Ya,Tidak,Tidak,Tidak,Ya,Tidak
1916,Kos Sakura Bogor 1916,Bogor,Cibinong,1150000,Putra,Ya,Tidak,Tidak,Ya,Ya,Ya,Ya,Ya,Tidak,Tidak,Tidak,Tidak,Ya
1917,Kos Anggrek Bogor 1917,Bogor,Bogor Utara,1400000,Putra,Ya,Ya,Tidak,Ya,Ya,Tidak,Tidak,Ya,Tidak,Tidak,Tidak,Tidak,Ya
1918,Kos Nusantara Bogor 1918,Bogor,Tanah Sareal,1500000,Putra,Ya,Ya,Tidak,Ya,Ya,Tidak,Tidak,Ya,Tidak,Ya,Ya,Ya,Tidak
1919,Kos Mawar Bogor 1919,Bogor,Bogor Tengah,700000,Putri,Ya,Ya,Ya,Ya,Ya,Ya,Ya,Ya,Tidak,Tidak,Tidak,Ya,Tidak
1920,Kos Puspa Bogor 1920,Bogor,Tanah Sareal,1450000,Putra,Ya,Tidak,Ya,Ya,Ya,Ya,Tidak,Ya,Tidak,Ya,Tidak,Ya,Ya
1921,Kos Harmoni Bogor 1921,Bogor,Bogor Utara,1350000,Putra,Ya,Tidak,Ya,Ya,Ya,Ya,Tidak,Ya,Tidak,Tidak,Tidak,Tidak,Tidak
1922,Kos Amanah Bogor 1922,Bogor,Dramaga,750000,Campur,Ya,Tidak,Ya,Ya,Ya,Ya,Tidak,Ya,Ya,Tidak,Ya,Ya,Ya
1923,Kos Nusantara Bogor 1923,Bogor,Bogor Tengah,1350000,Putri,Ya,Tidak,Tidak,Ya,Ya,Ya,Ya,Tidak,Tidak,Ya,Tidak,Tidak,Ya
1924,Kos Puspa Bogor 1924,Bogor,Dramaga,1150000,Campur,Ya,Tidak,Ya,Ya,Ya,Ya,Ya,Ya,Ya,Ya,Tidak,Ya,Ya
1925,Kos Amanah Bogor 1925,Bogor,Dramaga,1050000,Putri,Ya,Tidak,Tidak,Ya,Ya,Tidak,Tidak,Ya,Tidak,Tidak,Tidak,Tidak,Ya
1926,Kos Nusantara Bogor 1926,Bogor,Cibinong,1900000,Putra,Ya,Tidak,Ya,Ya,Ya,Ya,Tidak,Ya,Tidak,Ya,Tidak,Ya,Tidak
1927,Kos Harmoni Bogor 1927,Bogor,Cibinong,900000,Campur,Tidak,Tidak,Ya,Ya,Ya,Ya,Ya,Ya,Tidak,Ya,Tidak,Ya,Tidak
1928,Kos Amanah Bogor 1928,Bogor,Bogor Tengah,1900000,Campur,Ya,Ya,Ya,Ya,Ya,Tidak,Tidak,Ya,Ya,Tidak,Tidak,Ya,Tidak
1929,Kos Puspa Bogor 1929,Bogor,Bogor Utara,850000,Putra,Ya,Tidak,Ya,Ya,Ya,Ya,Tidak,Ya,Tidak,Tidak,Tidak,Ya,Ya
1930,Kos Cendana Bogor 1930,Bogor,Dramaga,1950000,Putri,Ya,Tidak,Tidak,Ya,Ya,Tidak,Ya,Ya,Tidak,Ya,Tidak,Ya,Tidak
1931,Kos Kenanga Bogor 1931,Bogor,Bogor Tengah,1800000,Putri,Ya,Tidak,Ya,Ya,Ya,Tidak,Tidak,Ya,Tidak,Ya,Ya,Ya,Ya
1932,Kos Sakura Bogor 1932,Bogor,Dramaga,850000,Putri,Ya,Ya,Tidak,Ya,Ya,Ya,Ya,Ya,Tidak,Ya,Ya,Ya,Ya
1933,Kos Nusantara Bogor 1933,Bogor,Bogor Tengah,1300000,Campur,Tidak,Ya,Ya,Ya,Ya,Ya,Tidak,Ya,Ya,Tidak,Tidak,Ya,Ya
1934,Kos Anggrek Bogor 1934,Bogor,Cibinong,900000,Putri,Ya,Tidak,Ya,Ya,Ya,Ya,Ya,Ya,Tidak,Ya,Ya,Ya,Ya
1935,Kos Wijaya Bogor 1935,Bogor,Bogor Utara,900000,Campur,Ya,Tidak,Ya,Ya,Ya,Ya,Tidak,Ya,Tidak,Tidak,Tidak,Ya,Ya
1936,Kos Sakura Bogor 1936,Bogor,Tanah Sareal,1800000,Putri,Ya,Tidak,Ya,Ya,Ya,Tidak,Tidak,Ya,Ya,Tidak,Tidak,Ya,Tidak
1937,Kos Mawar Bogor 1937,Bogor,Bogor Utara,1750000,Putri,Ya,Ya,Ya,Ya,Ya,Tidak,Tidak,Ya,Ya,Tidak,Ya,Ya,Ya
1938,Kos Sakura Bogor 1938,Bogor,Tanah Sareal,1600000,Putri,Ya,Ya,Tidak,Ya,Ya,Ya,Ya,Ya,Tidak,Tidak,Ya,Ya,Tidak
1939,Kos Puspa Bogor 1939,Bogor,Dramaga,1450000,Putra,Ya,Tidak,Ya,Ya,Ya,Ya,Ya,Ya,Tidak,Tidak,Tidak,Ya,Tidak
1940,Kos Puspa Bogor 1940,Bogor,Bogor Utara,1250000,Putra,Tidak,Tidak,Ya,Ya,Ya,Ya,Ya,Ya,Ya,Ya,Tidak,Ya,Ya
1941,Kos Cendana Bogor 1941,Bogor,Bogor Utara,1600000,Campur,Ya,Tidak,Tidak,Ya,Ya,Ya,Tidak,Ya,Tidak,Ya,Ya,Tidak,Ya
1942,Kos Puspa Bogor 1942,Bogor,Cibinong,1150000,Campur,Ya,Tidak,Tidak,Ya,Ya,Tidak,Tidak,Ya,Ya,Ya,Tidak,Ya,Ya
1943,Kos Wijaya Bogor 1943,Bogor,Bogor Tengah,1200000,Putri,Ya,Tidak,Ya,Ya,Ya,Ya,Tidak,Ya,Tidak,Ya,Ya,Tidak,Tidak
1944,Kos Nusantara Bogor 1944,Bogor,Bogor Tengah,950000,Putri,Ya,Ya,Ya,Ya,Ya,Ya,Ya,Ya,Tidak,Ya,Tidak,Tidak,Ya
1945,Kos Harmoni Bogor 1945,Bogor,Cibinong,1550000,Putra,Ya,Ya,Ya,Ya,Ya,Ya,Ya,Ya,Tidak,Tidak,Ya,Ya,Tidak
1946,Kos Cendana Bogor 1946,Bogor,Dramaga,900000,Putra,Ya,Tidak,Ya,Ya,Ya,Ya,Tidak,Ya,Tidak,Tidak,Tidak,Ya,Ya
1947,Kos Permata Bogor 1947,Bogor,Dramaga,900000,Putri,Ya,Tidak,Ya,Ya,Ya,Tidak,Ya,Ya,Tidak,Ya,Tidak,Ya,Tidak
1948,Kos Mawar Bogor 1948,Bogor,Cibinong,600000,Putra,Ya,Ya,Tidak,Ya,Ya,Ya,Ya,Ya,Tidak,Ya,Ya,Tidak,Tidak
1949,Kos Puspa Bogor 1949,Bogor,Bogor Utara,1650000,Putri,Ya,Ya,Tidak,Ya,Ya,Ya,Tidak,Ya,Tidak,Ya,Tidak,Tidak,Tidak
1950,Kos Nusantara Bogor 1950,Bogor,Tanah Sareal,1600000,Campur,Ya,Ya,Tidak,Ya,Ya,Tidak,Tidak,Ya,Tidak,Ya,Ya,Ya,Ya
1951,Kos Harmoni Bogor 1951,Bogor,Cibinong,1300000,Campur,Ya,Ya,Tidak,Ya,Ya,Ya,Ya,Tidak,Tidak,Ya,Tidak,Ya,Tidak
1952,Kos Amanah Bogor 1952,Bogor,Cibinong,1850000,Campur,Ya,Tidak,Tidak,Ya,Tidak,Ya,Ya,Ya,Tidak,Ya,Ya,Tidak,Tidak
1953,Kos Puspa Bogor 1953,Bogor,Bogor Utara,1400000,Putra,Ya,Tidak,Tidak,Ya,Ya,Ya,Ya,Ya,Tidak,Ya,Ya,Tidak,Ya
1954,Kos Harmoni Bogor 1954,Bogor,Tanah Sareal,1800000,Campur,Ya,Ya,Ya,Ya,Ya,Tidak,Tidak,Ya,Tidak,Ya,Tidak,Ya,Ya
1955,Kos Mawar Bogor 1955,Bogor,Bogor Utara,1100000,Campur,Ya,Tidak,Tidak,Ya,Ya,Ya,Tidak,Ya,Tidak,Tidak,Tidak,Ya,Ya
1956,Kos Nusantara Bogor 1956,Bogor,Bogor Tengah,1250000,Putra,Ya,Ya,Ya,Ya,Ya,Ya,Ya,Ya,Tidak,Ya,Ya,Tidak,Ya
1957,Kos Nusantara Bogor 1957,Bogor,Bogor Tengah,1600000,Putri,Ya,Tidak,Ya,Ya,Ya,Tidak,Tidak,Ya,Tidak,Ya,Tidak,Ya,Tidak
1958,Kos Harmoni Bogor 1958,Bogor,Cibinong,1100000,Putra,Ya,Ya,Tidak,Ya,Ya,Ya,Ya,Ya,Ya,Tidak,Tidak,Ya,Ya
1959,Kos Anggrek Bogor 1959,Bogor,Dramaga,750000,Campur,Ya,Tidak,Ya,Ya,Ya,Tidak,Ya,Ya,Ya,Tidak,Ya,Ya,Ya
1960,Kos Anggrek Bogor 1960,Bogor,Bogor Tengah,2000000,Putri,Ya,Ya,Ya,Ya,Ya,Ya,Ya,Ya,Tidak,Tidak,Ya,Ya,Tidak
1961,Kos Cendana Bogor 1961,Bogor,Bogor Tengah,1600000,Putra,Ya,Ya,Tidak,Ya,Ya,Ya,Tidak,Ya,Tidak,Tidak,Tidak,Ya,Ya
1962,Kos Nusantara Bogor 1962,Bogor,Bogor Tengah,1550000,Putri,Tidak,Tidak,Ya,Ya,Ya,Tidak,Tidak,Ya,Tidak,Tidak,Tidak,Ya,Ya
1963,Kos Mawar Bogor 1963,Bogor,Bogor Tengah,1900000,Putra,Ya,Tidak,Ya,Ya,Ya,Tidak,Ya,Ya,Tidak,Ya,Tidak,Tidak,Tidak
1964,Kos Sakura Bogor 1964,Bogor,Dramaga,1850000,Campur,Ya,Ya,Tidak,Ya,Ya,Ya,Ya,Ya,Tidak,Tidak,Ya,Ya,Tidak
1965,Kos Wijaya Bogor 1965,Bogor,Bogor Tengah,1900000,Putri,Ya,Ya,Ya,Ya,Ya,Ya,Tidak,Ya,Ya,Ya,Tidak,Ya,Ya
1966,Kos Anggrek Bogor 1966,Bogor,Cibinong,1950000,Putri,Ya,Tidak,Tidak,Ya,Ya,Ya,Tidak,Ya,Tidak,Tidak,Tidak,Ya,Ya
1967,Kos Puspa Bogor 1967,Bogor,Bogor Tengah,1950000,Putra,Ya,Tidak,Tidak,Ya,Ya,Tidak,Ya,Ya,Tidak,Ya,Ya,Ya,Ya
1968,Kos Wijaya Bogor 1968,Bogor,Bogor Tengah,1400000,Putra,Ya,Ya,Ya,Ya,Ya,Tidak,Ya,Ya,Ya,Ya,Ya,Tidak,Tidak
1969,Kos Amanah Bogor 1969,Bogor,Bogor Tengah,1000000,Putra,Ya,Tidak,Tidak,Ya,Ya,Tidak,Ya,Ya,Tidak,Tidak,Tidak,Ya,Tidak
1970,Kos Cendana Bogor 1970,Bogor,Bogor Tengah,1250000,Campur,Ya,Tidak,Ya,Ya,Ya,Ya,Ya,Ya,Tidak,Ya,Tidak,Tidak,Ya
1971,Kos Kenanga Bogor 1971,Bogor,Bogor Tengah,1050000,Putra,Ya,Tidak,Ya,Ya,Ya,Ya,Tidak,Ya,Tidak,Ya,Tidak,Ya,Ya
1972,Kos Wijaya Bogor 1972,Bogor,Dramaga,1550000,Putra,Ya,Ya,Tidak,Ya,Ya,Tidak,Tidak,Ya,Ya,Tidak,Tidak,Ya,Ya
1973,Kos Cendana Bogor 1973,Bogor,Tanah Sareal,1500000,Campur,Ya,Ya,Ya,Ya,Ya,Tidak,Ya,Ya,Tidak,Ya,Tidak,Ya,Tidak
1974,Kos Harmoni Bogor 1974,Bogor,Tanah Sareal,1550000,Putri,Ya,Tidak,Tidak,Ya,Ya,Tidak,Tidak,Ya,Tidak,Ya,Tidak,Ya,Ya
1975,Kos Amanah Bogor 1975,Bogor,Tanah Sareal,650000,Putra,Ya,Tidak,Tidak,Ya,Ya,Ya,Tidak,Ya,Tidak,Ya,Ya,Ya,Ya
1976,Kos Mawar Bogor 1976,Bogor,Bogor Tengah,1400000,Putra,Ya,Tidak,Tidak,Ya,Ya,Ya,Tidak,Ya,Tidak,Tidak,Ya,Ya,Tidak
1977,Kos Harmoni Bogor 1977,Bogor,Tanah Sareal,900000,Campur,Ya,Tidak,Ya,Ya,Ya,Ya,Ya,Ya,Tidak,Ya,Ya,Ya,Tidak
1978,Kos Melati Bogor 1978,Bogor,Bogor Tengah,1550000,Putra,Ya,Ya,Ya,Ya,Ya,Ya,Ya,Ya,Ya,Tidak,Ya,Ya,Tidak
1979,Kos Cendana Bogor 1979,Bogor,Dramaga,1400000,Putra,Ya,Tidak,Ya,Ya,Ya,Tidak,Tidak,Ya,Tidak,Tidak,Tidak,Ya,Ya
1980,Kos Melati Bogor 1980,Bogor,Dramaga,1400000,Putra,Ya,Tidak,Ya,Ya,Ya,Ya,Tidak,Ya,Tidak,Tidak,Ya,Tidak,Ya
1981,Kos Kenanga Bogor 1981,Bogor,Bogor Utara,1250000,Putra,Ya,Tidak,Tidak,Ya,Ya,Tidak,Ya,Ya,Tidak,Tidak,Tidak,Ya,Ya
1982,Kos Harmoni Bogor 1982,Bogor,Tanah Sareal,1400000,Putri,Ya,Tidak,Tidak,Ya,Ya,Ya,Ya,Ya,Tidak,Ya,Tidak,Ya,Ya
1983,Kos Cendana Bogor 1983,Bogor,Cibinong,1800000,Putra,Ya,Ya,Tidak,Ya,Ya,Ya,Ya,Ya,Ya,Tidak,Ya,Ya,Tidak
1984,Kos Wijaya Bogor 1984,Bogor,Dramaga,1700000,Putra,Ya,Ya,Ya,Ya,Ya,Ya,Tidak,Ya,Tidak,Ya,Tidak,Ya,Ya
1985,Kos Harmoni Bogor 1985,Bogor,Dramaga,1450000,Putri,Ya,Tidak,Tidak,Ya,Ya,Ya,Ya,Ya,Tidak,Ya,Tidak,Ya,Tidak
1986,Kos Harmoni Bogor 1986,Bogor,Bogor Tengah,1600000,Campur,Ya,Ya,Tidak,Ya,Ya,Ya,Tidak,Ya,Tidak,Tidak,Tidak,Ya,Tidak
1987,Kos Melati Bogor 1987,Bogor,Cibinong,1850000,Putri,Ya,Ya,Ya,Ya,Ya,Ya,Tidak,Ya,Tidak,Ya,Tidak,Ya,Ya
1988,Kos Melati Bogor 1988,Bogor,Bogor Tengah,1800000,Putra,Ya,Tidak,Tidak,Ya,Ya,Ya,Ya,Ya,Tidak,Ya,Tidak,Tidak,Ya
1989,Kos Cendana Bogor 1989,Bogor,Cibinong,700000,Campur,Ya,Tidak,Ya,Ya,Ya,Ya,Ya,Ya,Tidak,Tidak,Tidak,Ya,Tidak
1990,Kos Harmoni Bogor 1990,Bogor,Cibinong,800000,Putri,Ya,Ya,Tidak,Ya,Tidak,Tidak,Ya,Ya,Tidak,Ya,Ya,Ya,Tidak
1991,Kos Amanah Bogor 1991,Bogor,Bogor Utara,1650000,Putra,Ya,Tidak,Tidak,Ya,Ya,Ya,Ya,Ya,Tidak,Ya,Ya,Tidak,Ya
1992,Kos Wijaya Bogor 1992,Bogor,Dramaga,1250000,Campur,Ya,Tidak,Tidak,Ya,Ya,Ya,Ya,Ya,Tidak,Tidak,Tidak,Ya,Ya
1993,Kos Permata Bogor 1993,Bogor,Cibinong,800000,Putra,Tidak,Ya,Ya,Ya,Ya,Ya,Tidak,Ya,Tidak,Tidak,Ya,Tidak,Ya
1994,Kos Harmoni Bogor 1994,Bogor,Bogor Utara,1950000,Putra,Ya,Ya,Tidak,Ya,Ya,Tidak,Ya,Ya,Tidak,Ya,Ya,Ya,Ya
1995,Kos Anggrek Bogor 1995,Bogor,Bogor Utara,750000,Putra,Ya,Tidak,Tidak,Ya,Tidak,Ya,Ya,Ya,Tidak,Ya,Tidak,Ya,Ya
1996,Kos Wijaya Bogor 1996,Bogor,Tanah Sareal,750000,Putra,Ya,Tidak,Ya,Ya,Ya,Tidak,Ya,Ya,Tidak,Ya,Tidak,Ya,Tidak
1997,Kos Kenanga Bogor 1997,Bogor,Cibinong,750000,Putra,Ya,Ya,Tidak,Ya,Ya,Ya,Tidak,Ya,Tidak,Ya,Tidak,Tidak,Tidak
1998,Kos Harmoni Bogor 1998,Bogor,Bogor Tengah,900000,Campur,Ya,Ya,Ya,Ya,Ya,Tidak,Ya,Ya,Tidak,Tidak,Ya,Ya,Ya
1999,Kos Melati Bogor 1999,Bogor,Bogor Utara,1900000,Campur,Ya,Tidak,Ya,Ya,Ya,Ya,Ya,Ya,Tidak,Ya,Tidak,Ya,Tidak
2000,Kos Sakura Bogor 2000,Bogor,Bogor Utara,900000,Putri,Ya,Ya,Tidak,Ya,Ya,Ya,Tidak,Ya,Tidak,Tidak,Tidak,Ya,Tidak
2001,Kos Sakura Bogor 2001,Bogor,Bogor Utara,1250000,Campur,Ya,Tidak,Tidak,Ya,Ya,Tidak,Ya,Ya,Ya,Ya,Ya,Tidak,Ya
2002,Kos Kenanga Bogor 2002,Bogor,Dramaga,1700000,Putri,Ya,Ya,Ya,Ya,Tidak,Ya,Ya,Ya,Tidak,Ya,Tidak,Ya,Tidak
2003,Kos Wijaya Bogor 2003,Bogor,Dramaga,1650000,Putra,Ya,Tidak,Tidak,Ya,Ya,Tidak,Ya,Ya,Ya,Tidak,Ya,Ya,Tidak
2004,Kos Wijaya Bogor 2004,Bogor,Cibinong,1500000,Putri,Ya,Tidak,Tidak,Ya,Ya,Ya,Ya,Ya,Ya,Ya,Tidak,Ya,Ya
2005,Kos Amanah Bogor 2005,Bogor,Bogor Tengah,750000,Putra,Ya,Ya,Ya,Ya,Tidak,Ya,Tidak,Ya,Tidak,Tidak,Tidak,Ya,Tidak
2006,Kos Anggrek Bogor 2006,Bogor,Dramaga,1400000,Putri,Ya,Tidak,Ya,Ya,Tidak,Ya,Ya,Ya,Tidak,Tidak,Ya,Tidak,Ya
2007,Kos Puspa Bogor 2007,Bogor,Tanah Sareal,1900000,Putra,Ya,Tidak,Tidak,Ya,Ya,Ya,Tidak,Ya,Tidak,Ya,Ya,Ya,Tidak
2008,Kos Anggrek Bogor 2008,Bogor,Cibinong,1200000,Campur,Ya,Ya,Tidak,Ya,Ya,Tidak,Ya,Ya,Ya,Ya,Tidak,Ya,Tidak
2009,Kos Nusantara Bogor 2009,Bogor,Bogor Utara,1000000,Campur,Ya,Tidak,Tidak,Ya,Ya,Ya,Ya,Ya,Tidak,Tidak,Tidak,Ya,Tidak
2010,Kos Nusantara Bogor 2010,Bogor,Cibinong,1550000,Putri,Ya,Tidak,Tidak,Ya,Ya,Ya,Ya,Ya,Tidak,Ya,Tidak,Ya,Ya
2011,Kos Harmoni Bogor 2011,Bogor,Cibinong,900000,Putra,Ya,Tidak,Ya,Ya,Ya,Ya,Tidak,Ya,Tidak,Tidak,Tidak,Ya,Ya
2012,Kos Mawar Bogor 2012,Bogor,Dramaga,950000,Putri,Ya,Tidak,Tidak,Ya,Ya,Ya,Ya,Ya,Tidak,Tidak,Ya,Tidak,Tidak
2013,Kos Sakura Bogor 2013,Bogor,Dramaga,1150000,Putri,Ya,Tidak,Ya,Ya,Ya,Tidak,Ya,Ya,Tidak,Ya,Ya,Ya,Tidak
2014,Kos Wijaya Bogor 2014,Bogor,Bogor Tengah,950000,Putra,Ya,Tidak,Tidak,Ya,Ya,Tidak,Tidak,Ya,Tidak,Ya,Tidak,Tidak,Tidak
2015,Kos Melati Bogor 2015,Bogor,Bogor Tengah,2000000,Putra,Ya,Ya,Tidak,Ya,Ya,Ya,Ya,Ya,Tidak,Tidak,Tidak,Tidak,Ya
2016,Kos Permata Bogor 2016,Bogor,Dramaga,900000,Putri,Ya,Tidak,Ya,Ya,Ya,Ya,Tidak,Ya,Tidak,Tidak,Ya,Tidak,Ya
2017,Kos Anggrek Bogor 2017,Bogor,Bogor Tengah,1850000,Campur,Tidak,Tidak,Ya,Ya,Ya,Ya,Tidak,Ya,Tidak,Ya,Tidak,Ya,Ya
2018,Kos Permata Bogor 2018,Bogor,Cibinong,1650000,Campur,Ya,Tidak,Tidak,Ya,Ya,Ya,Ya,Ya,Tidak,Ya,Ya,Ya,Ya
2019,Kos Kenanga Bogor 2019,Bogor,Bogor Tengah,1700000,Putri,Tidak,Tidak,Ya,Ya,Ya,Tidak,Tidak,Ya,Ya,Ya,Ya,Ya,Tidak
2020,Kos Wijaya Bogor 2020,Bogor,Tanah Sareal,750000,Campur,Ya,Tidak,Tidak,Ya,Ya,Ya,Ya,Ya,Tidak,Ya,Tidak,Tidak,Tidak
2021,Kos Harmoni Bogor 2021,Bogor,Tanah Sareal,1400000,Campur,Ya,Ya,Tidak,Ya,Tidak,Ya,Tidak,Ya,Tidak,Tidak,Ya,Tidak,Tidak
2022,Kos Harmoni Bogor 2022,Bogor,Bogor Tengah,1950000,Putri,Ya,Ya,Tidak,Ya,Ya,Ya,Tidak,Ya,Tidak,Tidak,Tidak,Ya,Tidak
2023,Kos Kenanga Bogor 2023,Bogor,Tanah Sareal,1000000,Campur,Ya,Tidak,Tidak,Ya,Ya,Tidak,Ya,Ya,Ya,Ya,Tidak,Tidak,Ya
2024,Kos Nusantara Bogor 2024,Bogor,Tanah Sareal,800000,Putri,Ya,Tidak,Tidak,Ya,Tidak,Ya,Ya,Tidak,Tidak,Ya,Tidak,Ya,Ya
2025,Kos Puspa Bogor 2025,Bogor,Bogor Utara,950000,Putri,Ya,Ya,Tidak,Ya,Ya,Tidak,Tidak,Ya,Tidak,Tidak,Tidak,Ya,Ya
2026,Kos Amanah Bogor 2026,Bogor,Bogor Utara,850000,Putra,Tidak,Ya,Tidak,Ya,Tidak,Ya,Ya,Ya,Tidak,Ya,Tidak,Ya,Ya
2027,Kos Nusantara Bogor 2027,Bogor,Dramaga,1400000,Putra,Ya,Tidak,Tidak,Ya,Ya,Ya,Tidak,Ya,Tidak,Ya,Tidak,Ya,Tidak
2028,Kos Cendana Bogor 2028,Bogor,Tanah Sareal,1300000,Campur,Ya,Ya,Tidak,Ya,Ya,Ya,Ya,Tidak,Tidak,Ya,Tidak,Ya,Ya
2029,Kos Melati Bogor 2029,Bogor,Cibinong,850000,Putri,Ya,Tidak,Ya,Ya,Ya,Tidak,Ya,Ya,Tidak,Tidak,Ya,Tidak,Ya
2030,Kos Amanah Bogor 2030,Bogor,Dramaga,1800000,Putri,Ya,Ya,Tidak,Ya,Ya,Tidak,Tidak,Ya,Tidak,Ya,Ya,Tidak,Ya
2031,Kos Kenanga Bogor 2031,Bogor,Cibinong,1300000,Putri,Ya,Tidak,Ya,Ya,Ya,Ya,Ya,Ya,Tidak,Tidak,Tidak,Ya,Tidak
2032,Kos Kenanga Bogor 2032,Bogor,Tanah Sareal,1250000,Putri,Ya,Ya,Tidak,Ya,Ya,Ya,Ya,Ya,Tidak,Tidak,Tidak,Ya,Ya
2033,Kos Cendana Bogor 2033,Bogor,Cibinong,700000,Campur,Ya,Tidak,Ya,Ya,Ya,Ya,Tidak,Ya,Tidak,Tidak,Tidak,Ya,Tidak
2034,Kos Anggrek Bogor 2034,Bogor,Tanah Sareal,2000000,Putri,Ya,Tidak,Tidak,Ya,Ya,Tidak,Ya,Ya,Tidak,Ya,Tidak,Ya,Tidak
2035,Kos Anggrek Bogor 2035,Bogor,Cibinong,1050000,Putri,Ya,Tidak,Ya,Ya,Ya,Ya,Tidak,Ya,Tidak,Ya,Tidak,Ya,Tidak
2036,Kos Amanah Bogor 2036,Bogor,Bogor Tengah,800000,Putra,Ya,Tidak,Ya,Ya,Ya,Tidak,Tidak,Ya,Tidak,Ya,Tidak,Tidak,Tidak
2037,Kos Sakura Bogor 2037,Bogor,Dramaga,800000,Putri,Ya,Ya,Ya,Ya,Ya,Ya,Ya,Ya,Tidak,Ya,Ya,Ya,Tidak
2038,Kos Kenanga Bogor 2038,Bogor,Tanah Sareal,1100000,Putri,Ya,Ya,Ya,Ya,Ya,Ya,Ya,Ya,Tidak,Ya,Tidak,Tidak,Ya
2039,Kos Anggrek Bogor 2039,Bogor,Dramaga,1700000,Campur,Ya,Ya,Tidak,Ya,Ya,Tidak,Tidak,Ya,Tidak,Ya,Tidak,Tidak,Ya
2040,Kos Kenanga Bogor 2040,Bogor,Bogor Utara,700000,Putri,Ya,Ya,Ya,Ya,Ya,Ya,Tidak,Ya,Tidak,Tidak,Ya,Ya,Tidak
2041,Kos Puspa Bogor 2041,Bogor,Bogor Utara,1950000,Putra,Ya,Ya,Ya,Ya,Ya,Ya,Ya,Ya,Tidak,Ya,Tidak,Tidak,Tidak
2042,Kos Harmoni Bogor 2042,Bogor,Cibinong,700000,Putra,Ya,Ya,Tidak,Ya,Tidak,Ya,Ya,Ya,Tidak,Tidak,Ya,Ya,Tidak
2043,Kos Puspa Bogor 2043,Bogor,Bogor Tengah,850000,Campur,Ya,Ya,Ya,Ya,Ya,Ya,Ya,Ya,Tidak,Ya,Ya,Ya,Ya
2044,Kos Amanah Bogor 2044,Bogor,Cibinong,750000,Campur,Ya,Tidak,Tidak,Ya,Ya,Ya,Tidak,Tidak,Ya,Tidak,Ya,Ya,Tidak
2045,Kos Nusantara Bogor 2045,Bogor,Dramaga,1250000,Putra,Ya,Tidak,Ya,Ya,Ya,Ya,Tidak,Ya,Ya,Ya,Tidak,Ya,Ya
2046,Kos Harmoni Bogor 2046,Bogor,Dramaga,1550000,Campur,Ya,Tidak,Ya,Ya,Ya,Ya,Ya,Ya,Tidak,Tidak,Tidak,Ya,Ya
2047,Kos Kenanga Bogor 2047,Bogor,Dramaga,1900000,Putri,Ya,Ya,Tidak,Ya,Ya,Tidak,Ya,Ya,Ya,Ya,Ya,Ya,Tidak
2048,Kos Wijaya Bogor 2048,Bogor,Cibinong,1800000,Putra,Tidak,Tidak,Tidak,Ya,Ya,Tidak,Ya,Ya,Tidak,Ya,Tidak,Ya,Ya
2049,Kos Sakura Bogor 2049,Bogor,Cibinong,1850000,Campur,Ya,Tidak,Ya,Ya,Ya,Ya,Ya,Ya,Tidak,Ya,Tidak,Ya,Ya
2050,Kos Kenanga Bogor 2050,Bogor,Bogor Tengah,1200000,Putri,Ya,Tidak,Tidak,Ya,Ya,Ya,Ya,Ya,Ya,Ya,Tidak,Ya,Tidak
2051,Kos Permata Bogor 2051,Bogor,Tanah Sareal,1650000,Campur,Ya,Tidak,Tidak,Ya,Ya,Tidak,Ya,Ya,Tidak,Ya,Ya,Ya,Tidak
2052,Kos Sakura Bogor 2052,Bogor,Dramaga,1600000,Putri,Ya,Tidak,Tidak,Ya,Ya,Ya,Tidak,Ya,Tidak,Ya,Tidak,Ya,Tidak
2053,Kos Kenanga Bogor 2053,Bogor,Tanah Sareal,850000,Putra,Ya,Ya,Ya,Ya,Ya,Ya,Ya,Ya,Tidak,Ya,Ya,Tidak,Ya
2054,Kos Cendana Bogor 2054,Bogor,Tanah Sareal,1650000,Campur,Ya,Ya,Tidak,Ya,Ya,Ya,Tidak,Ya,Ya,Ya,Ya,Ya,Tidak
2055,Kos Sakura Bogor 2055,Bogor,Cibinong,1400000,Campur,Ya,Ya,Ya,Ya,Ya,Ya,Tidak,Ya,Ya,Ya,Ya,Ya,Ya
2056,Kos Mawar Bogor 2056,Bogor,Cibinong,1550000,Campur,Ya,Tidak,Tidak,Ya,Ya,Tidak,Tidak,Ya,Ya,Ya,Ya,Ya,Ya
2057,Kos Wijaya Bogor 2057,Bogor,Tanah Sareal,1550000,Putri,Ya,Tidak,Ya,Ya,Ya,Ya,Ya,Ya,Tidak,Tidak,Tidak,Ya,Tidak
2058,Kos Kenanga Bogor 2058,Bogor,Bogor Tengah,1600000,Putri,Ya,Ya,Ya,Ya,Ya,Ya,Ya,Tidak,Tidak,Ya,Tidak,Ya,Ya
2059,Kos Anggrek Bogor 2059,Bogor,Bogor Utara,1900000,Putri,Ya,Tidak,Ya,Ya,Ya,Ya,Ya,Ya,Tidak,Tidak,Ya,Ya,Ya
2060,Kos Mawar Bogor 2060,Bogor,Bogor Utara,950000,Putra,Ya,Tidak,Tidak,Ya,Ya,Ya,Ya,Ya,Tidak,Tidak,Ya,Ya,Ya
2061,Kos Harmoni Bogor 2061,Bogor,Dramaga,1600000,Campur,Ya,Ya,Ya,Ya,Ya,Ya,Ya,Ya,Tidak,Ya,Ya,Ya,Ya
2062,Kos Puspa Bogor 2062,Bogor,Bogor Tengah,1100000,Putri,Ya,Ya,Tidak,Ya,Ya,Ya,Tidak,Ya,Tidak,Tidak,Tidak,Ya,Ya
2063,Kos Puspa Bogor 2063,Bogor,Bogor Utara,1800000,Putri,Ya,Ya,Ya,Ya,Ya,Ya,Ya,Ya,Tidak,Tidak,Tidak,Ya,Tidak
2064,Kos Kenanga Bogor 2064,Bogor,Bogor Utara,800000,Campur,Ya,Tidak,Ya,Ya,Ya,Tidak,Tidak,Tidak,Tidak,Ya,Tidak,Ya,Ya
2065,Kos Nusantara Bogor 2065,Bogor,Bogor Tengah,1050000,Putra,Ya,Ya,Ya,Ya,Ya,Ya,Ya,Ya,Tidak,Tidak,Ya,Ya,Ya
2066,Kos Wijaya Bogor 2066,Bogor,Bogor Utara,1800000,Putra,Ya,Tidak,Ya,Ya,Ya,Ya,Tidak,Ya,Tidak,Ya,Ya,Ya,Ya
2067,Kos Amanah Bogor 2067,Bogor,Dramaga,650000,Putri,Ya,Tidak,Ya,Ya,Ya,Ya,Tidak,Ya,Tidak,Tidak,Ya,Tidak,Ya
2068,Kos Harmoni Bogor 2068,Bogor,Bogor Utara,1600000,Campur,Ya,Tidak,Ya,Ya,Tidak,Ya,Ya,Ya,Tidak,Tidak,Tidak,Ya,Tidak
2069,Kos Harmoni Bogor 2069,Bogor,Cibinong,950000,Putra,Ya,Ya,Tidak,Ya,Ya,Ya,Ya,Ya,Tidak,Ya,Ya,Ya,Tidak
2070,Kos Harmoni Bogor 2070,Bogor,Dramaga,1050000,Putri,Ya,Tidak,Tidak,Ya,Ya,Tidak,Ya,Ya,Tidak,Tidak,Ya,Ya,Ya
2071,Kos Anggrek Bogor 2071,Bogor,Cibinong,900000,Campur,Ya,Tidak,Tidak,Ya,Ya,Ya,Ya,Ya,Tidak,Tidak,Tidak,Tidak,Tidak
2072,Kos Sakura Bogor 2072,Bogor,Bogor Utara,1300000,Putra,Ya,Ya,Tidak,Ya,Tidak,Ya,Ya,Ya,Tidak,Tidak,Tidak,Tidak,Ya
2073,Kos Mawar Bogor 2073,Bogor,Bogor Tengah,600000,Campur,Ya,Ya,Ya,Ya,Ya,Tidak,Tidak,Ya,Tidak,Tidak,Ya,Ya,Tidak
2074,Kos Sakura Bogor 2074,Bogor,Dramaga,1700000,Putri,Ya,Tidak,Ya,Ya,Ya,Ya,Ya,Ya,Ya,Tidak,Tidak,Ya,Tidak
2075,Kos Sakura Bogor 2075,Bogor,Dramaga,1400000,Putra,Ya,Ya,Tidak,Ya,Ya,Ya,Ya,Ya,Tidak,Ya,Ya,Ya,Tidak
2076,Kos Anggrek Bogor 2076,Bogor,Dramaga,1700000,Campur,Tidak,Ya,Ya,Ya,Ya,Tidak,Ya,Ya,Tidak,Tidak,Ya,Ya,Tidak
2077,Kos Nusantara Bogor 2077,Bogor,Dramaga,1850000,Putra,Ya,Tidak,Tidak,Ya,Ya,Ya,Tidak,Ya,Tidak,Ya,Ya,Tidak,Tidak
2078,Kos Cendana Bogor 2078,Bogor,Bogor Tengah,1450000,Putra,Ya,Tidak,Ya,Ya,Ya,Ya,Ya,Ya,Tidak,Tidak,Tidak,Ya,Ya
2079,Kos Permata Bogor 2079,Bogor,Cibinong,1050000,Putra,Ya,Tidak,Ya,Ya,Ya,Tidak,Ya,Ya,Tidak,Tidak,Tidak,Ya,Tidak
2080,Kos Permata Bogor 2080,Bogor,Cibinong,750000,Putra,Ya,Ya,Tidak,Ya,Ya,Ya,Ya,Ya,Tidak,Tidak,Ya,Ya,Ya
2081,Kos Harmoni Bogor 2081,Bogor,Bogor Tengah,1100000,Putri,Ya,Ya,Ya,Ya,Ya,Ya,Ya,Ya,Tidak,Ya,Ya,Tidak,Ya
2082,Kos Cendana Bogor 2082,Bogor,Dramaga,1000000,Putri,Ya,Tidak,Tidak,Ya,Ya,Ya,Ya,Ya,Ya,Tidak,Ya,Ya,Ya
2083,Kos Harmoni Bogor 2083,Bogor,Bogor Tengah,1300000,Putri,Ya,Ya,Ya,Ya,Ya,Ya,Ya,Ya,Ya,Ya,Tidak,Tidak,Ya
2084,Kos Amanah Bogor 2084,Bogor,Dramaga,1750000,Putri,Ya,Ya,Tidak,Ya,Ya,Ya,Ya,Ya,Tidak,Ya,Tidak,Ya,Ya
2085,Kos Anggrek Bogor 2085,Bogor,Dramaga,1150000,Putra,Ya,Ya,Ya,Ya,Ya,Ya,Ya,Ya,Tidak,Ya,Tidak,Ya,Ya
2086,Kos Sakura Bogor 2086,Bogor,Cibinong,1000000,Putra,Ya,Tidak,Ya,Ya,Ya,Ya,Ya,Ya,Tidak,Tidak,Ya,Ya,Tidak
2087,Kos Puspa Bogor 2087,Bogor,Tanah Sareal,1000000,Campur,Ya,Ya,Ya,Ya,Ya,Ya,Ya,Ya,Tidak,Ya,Tidak,Ya,Tidak
2088,Kos Mawar Bogor 2088,Bogor,Bogor Tengah,1950000,Putri,Ya,Tidak,Ya,Ya,Ya,Ya,Tidak,Ya,Tidak,Ya,Tidak,Ya,Tidak
2089,Kos Anggrek Bogor 2089,Bogor,Bogor Utara,1400000,Putra,Ya,Tidak,Tidak,Ya,Ya,Tidak,Ya,Ya,Tidak,Tidak,Tidak,Ya,Ya
2090,Kos Permata Bogor 2090,Bogor,Bogor Utara,1200000,Putra,Ya,Tidak,Ya,Ya,Ya,Ya,Tidak,Ya,Tidak,Ya,Ya,Tidak,Ya
2091,Kos Sakura Bogor 2091,Bogor,Bogor Utara,1650000,Putra,Ya,Ya,Ya,Ya,Ya,Ya,Tidak,Tidak,Tidak,Ya,Ya,Ya,Tidak
2092,Kos Kenanga Bogor 2092,Bogor,Dramaga,1650000,Putra,Ya,Tidak,Tidak,Ya,Ya,Ya,Ya,Ya,Tidak,Ya,Tidak,Ya,Ya
2093,Kos Melati Bogor 2093,Bogor,Tanah Sareal,1600000,Campur,Ya,Ya,Tidak,Ya,Ya,Ya,Tidak,Ya,Tidak,Tidak,Ya,Ya,Ya
2094,Kos Melati Bogor 2094,Bogor,Cibinong,1750000,Campur,Ya,Ya,Tidak,Ya,Ya,Ya,Ya,Ya,Tidak,Ya,Tidak,Ya,Tidak
2095,Kos Wijaya Bogor 2095,Bogor,Tanah Sareal,1450000,Putra,Ya,Ya,Ya,Ya,Ya,Ya,Tidak,Ya,Tidak,Tidak,Tidak,Tidak,Ya
2096,Kos Melati Bogor 2096,Bogor,Bogor Tengah,1600000,Putra,Ya,Ya,Ya,Ya,Ya,Ya,Ya,Ya,Tidak,Ya,Ya,Ya,Tidak
2097,Kos Harmoni Bogor 2097,Bogor,Cibinong,750000,Putra,Ya,Tidak,Ya,Ya,Ya,Ya,Ya,Ya,Tidak,Tidak,Tidak,Ya,Tidak
2098,Kos Nusantara Bogor 2098,Bogor,Tanah Sareal,1250000,Putri,Ya,Ya,Ya,Ya,Ya,Ya,Tidak,Ya,Tidak,Ya,Ya,Tidak,Tidak
2099,Kos Permata Bogor 2099,Bogor,Tanah Sareal,1550000,Campur,Ya,Tidak,Ya,Ya,Ya,Ya,Ya,Ya,Tidak,Tidak,Tidak,Ya,Ya
2100,Kos Harmoni Bogor 2100,Bogor,Bogor Tengah,1400000,Putra,Tidak,Ya,Ya,Ya,Ya,Ya,Tidak,Ya,Tidak,Tidak,Tidak,Ya,Ya
2101,Kos Nusantara Bogor 2101,Bogor,Tanah Sareal,1200000,Putra,Ya,Ya,Ya,Ya,Ya,Tidak,Tidak,Ya,Ya,Ya,Tidak,Ya,Ya
2102,Kos Amanah Bogor 2102,Bogor,Bogor Tengah,1900000,Putri,Ya,Tidak,Tidak,Ya,Tidak,Ya,Tidak,Ya,Tidak,Tidak,Tidak,Ya,Ya
2103,Kos Nusantara Bogor 2103,Bogor,Dramaga,1350000,Putra,Ya,Ya,Ya,Ya,Ya,Ya,Tidak,Tidak,Tidak,Tidak,Tidak,Ya,Tidak
2104,Kos Harmoni Bogor 2104,Bogor,Bogor Tengah,2000000,Campur,Tidak,Tidak,Tidak,Ya,Ya,Tidak,Ya,Ya,Tidak,Tidak,Tidak,Ya,Ya
2105,Kos Wijaya Bogor 2105,Bogor,Tanah Sareal,1050000,Campur,Ya,Ya,Tidak,Ya,Ya,Ya,Tidak,Tidak,Ya,Tidak,Tidak,Ya,Ya
2106,Kos Anggrek Bogor 2106,Bogor,Bogor Utara,950000,Putri,Ya,Tidak,Tidak,Ya,Ya,Ya,Ya,Tidak,Tidak,Tidak,Tidak,Ya,Tidak
2107,Kos Mawar Bogor 2107,Bogor,Dramaga,2000000,Campur,Ya,Tidak,Tidak,Ya,Ya,Ya,Ya,Ya,Tidak,Ya,Tidak,Ya,Ya
2108,Kos Nusantara Bogor 2108,Bogor,Dramaga,1650000,Putri,Tidak,Ya,Tidak,Ya,Ya,Tidak,Ya,Ya,Ya,Tidak,Ya,Ya,Tidak
2109,Kos Mawar Bogor 2109,Bogor,Cibinong,1450000,Campur,Ya,Ya,Ya,Ya,Ya,Ya,Tidak,Ya,Tidak,Tidak,Tidak,Ya,Ya
2110,Kos Harmoni Bogor 2110,Bogor,Cibinong,600000,Campur,Ya,Tidak,Tidak,Ya,Ya,Tidak,Ya,Ya,Tidak,Tidak,Tidak,Ya,Tidak
2111,Kos Harmoni Bogor 2111,Bogor,Bogor Tengah,1750000,Putra,Tidak,Ya,Tidak,Ya,Ya,Ya,Tidak,Ya,Ya,Tidak,Tidak,Ya,Ya
2112,Kos Permata Bogor 2112,Bogor,Bogor Utara,1950000,Campur,Ya,Ya,Tidak,Ya,Ya,Ya,Ya,Ya,Tidak,Ya,Tidak,Ya,Ya
2113,Kos Kenanga Bogor 2113,Bogor,Bogor Utara,1250000,Campur,Ya,Ya,Ya,Ya,Ya,Tidak,Ya,Ya,Ya,Ya,Tidak,Tidak,Ya
2114,Kos Cendana Bogor 2114,Bogor,Bogor Tengah,1300000,Putra,Ya,Tidak,Tidak,Ya,Ya,Tidak,Tidak,Ya,Tidak,Tidak,Ya,Tidak,Ya
2115,Kos Melati Bogor 2115,Bogor,Bogor Tengah,2000000,Putra,Ya,Tidak,Tidak,Ya,Ya,Tidak,Ya,Ya,Tidak,Tidak,Tidak,Ya,Ya
2116,Kos Mawar Bogor 2116,Bogor,Cibinong,1400000,Putri,Ya,Tidak,Ya,Ya,Ya,Ya,Tidak,Ya,Tidak,Tidak,Ya,Tidak,Ya
2117,Kos Mawar Bogor 2117,Bogor,Bogor Utara,1700000,Putri,Tidak,Ya,Ya,Ya,Ya,Tidak,Ya,Ya,Tidak,Ya,Tidak,Ya,Ya
2118,Kos Kenanga Bogor 2118,Bogor,Dramaga,700000,Putri,Ya,Ya,Ya,Ya,Ya,Ya,Ya,Ya,Ya,Ya,Tidak,Ya,Ya
2119,Kos Mawar Bogor 2119,Bogor,Tanah Sareal,900000,Putri,Ya,Tidak,Tidak,Ya,Ya,Ya,Ya,Ya,Tidak,Tidak,Tidak,Ya,Ya
2120,Kos Permata Bogor 2120,Bogor,Tanah Sareal,750000,Putra,Ya,Ya,Tidak,Ya,Ya,Ya,Ya,Ya,Tidak,Tidak,Ya,Ya,Ya
2121,Kos Anggrek Bogor 2121,Bogor,Dramaga,1800000,Campur,Ya,Ya,Tidak,Ya,Ya,Ya,Ya,Ya,Tidak,Ya,Tidak,Ya,Tidak
2122,Kos Amanah Bogor 2122,Bogor,Dramaga,1250000,Putri,Ya,Ya,Ya,Ya,Ya,Tidak,Tidak,Ya,Tidak,Tidak,Tidak,Ya,Tidak
2123,Kos Permata Bogor 2123,Bogor,Bogor Utara,650000,Putra,Ya,Ya,Ya,Ya,Ya,Ya,Ya,Ya,Tidak,Ya,Tidak,Ya,Ya
2124,Kos Harmoni Bogor 2124,Bogor,Tanah Sareal,750000,Putri,Ya,Ya,Ya,Ya,Ya,Ya,Tidak,Ya,Tidak,Tidak,Tidak,Tidak,Tidak
2125,Kos Cendana Bogor 2125,Bogor,Tanah Sareal,1550000,Putra,Ya,Ya,Tidak,Ya,Ya,Ya,Ya,Ya,Tidak,Tidak,Ya,Tidak,Tidak
2126,Kos Amanah Bogor 2126,Bogor,Bogor Tengah,1650000,Putri,Ya,Tidak,Tidak,Ya,Ya,Ya,Tidak,Ya,Tidak,Tidak,Tidak,Tidak,Tidak
2127,Kos Cendana Bogor 2127,Bogor,Tanah Sareal,850000,Putra,Ya,Tidak,Ya,Ya,Ya,Ya,Ya,Ya,Ya,Ya,Tidak,Tidak,Ya
2128,Kos Puspa Bogor 2128,Bogor,Dramaga,1300000,Putri,Ya,Ya,Tidak,Ya,Ya,Tidak,Tidak,Ya,Tidak,Tidak,Ya,Tidak,Ya
2129,Kos Mawar Bogor 2129,Bogor,Dramaga,1800000,Putra,Tidak,Tidak,Tidak,Ya,Ya,Tidak,Ya,Ya,Tidak,Tidak,Tidak,Tidak,Ya
2130,Kos Amanah Bogor 2130,Bogor,Cibinong,1700000,Putra,Ya,Tidak,Ya,Ya,Ya,Ya,Tidak,Ya,Ya,Ya,Ya,Ya,Ya
2131,Kos Kenanga Bogor 2131,Bogor,Tanah Sareal,1900000,Campur,Tidak,Ya,Tidak,Ya,Tidak,Tidak,Ya,Ya,Ya,Ya,Tidak,Ya,Ya
2132,Kos Mawar Bogor 2132,Bogor,Tanah Sareal,1650000,Putra,Ya,Tidak,Tidak,Ya,Ya,Ya,Tidak,Tidak,Tidak,Ya,Ya,Ya,Ya
2133,Kos Permata Bogor 2133,Bogor,Bogor Tengah,1800000,Putra,Ya,Ya,Ya,Ya,Ya,Ya,Ya,Ya,Tidak,Tidak,Tidak,Ya,Tidak
2134,Kos Puspa Bogor 2134,Bogor,Bogor Utara,1050000,Putri,Ya,Ya,Tidak,Ya,Ya,Ya,Ya,Ya,Tidak,Tidak,Tidak,Ya,Ya
2135,Kos Nusantara Bogor 2135,Bogor,Dramaga,1900000,Putri,Ya,Tidak,Ya,Ya,Ya,Ya,Ya,Ya,Tidak,Ya,Ya,Tidak,Tidak
2136,Kos Anggrek Bogor 2136,Bogor,Dramaga,1850000,Putri,Ya,Ya,Ya,Ya,Ya,Tidak,Ya,Ya,Tidak,Tidak,Tidak,Ya,Tidak
2137,Kos Melati Bogor 2137,Bogor,Bogor Tengah,750000,Putri,Ya,Tidak,Tidak,Ya,Ya,Ya,Ya,Ya,Tidak,Tidak,Ya,Ya,Ya
2138,Kos Permata Bogor 2138,Bogor,Tanah Sareal,1000000,Putra,Tidak,Ya,Ya,Ya,Ya,Ya,Ya,Ya,Tidak,Ya,Ya,Tidak,Ya
2139,Kos Wijaya Bogor 2139,Bogor,Bogor Tengah,1650000,Putra,Ya,Tidak,Ya,Ya,Tidak,Ya,Tidak,Ya,Tidak,Tidak,Ya,Ya,Ya
2140,Kos Anggrek Bogor 2140,Bogor,Cibinong,800000,Putri,Ya,Tidak,Tidak,Ya,Ya,Ya,Tidak,Ya,Tidak,Tidak,Ya,Ya,Tidak
2141,Kos Cendana Bogor 2141,Bogor,Tanah Sareal,1500000,Putra,Ya,Tidak,Ya,Ya,Ya,Ya,Ya,Ya,Tidak,Tidak,Ya,Ya,Ya
2142,Kos Amanah Bogor 2142,Bogor,Cibinong,700000,Putri,Ya,Ya,Ya,Ya,Ya,Tidak,Ya,Ya,Tidak,Ya,Ya,Tidak,Ya
2143,Kos Kenanga Bogor 2143,Bogor,Tanah Sareal,1800000,Campur,Ya,Tidak,Ya,Ya,Ya,Ya,Tidak,Ya,Ya,Ya,Tidak,Ya,Ya
2144,Kos Cendana Bogor 2144,Bogor,Dramaga,800000,Campur,Ya,Ya,Tidak,Ya,Ya,Ya,Tidak,Ya,Ya,Tidak,Tidak,Tidak,Ya
2145,Kos Mawar Bogor 2145,Bogor,Cibinong,750000,Putra,Ya,Ya,Ya,Ya,Ya,Ya,Ya,Ya,Tidak,Ya,Tidak,Ya,Tidak
2146,Kos Puspa Bogor 2146,Bogor,Bogor Utara,800000,Campur,Ya,Tidak,Ya,Ya,Ya,Ya,Tidak,Ya,Ya,Ya,Ya,Ya,Tidak
2147,Kos Mawar Bogor 2147,Bogor,Bogor Utara,800000,Putri,Ya,Tidak,Ya,Ya,Ya,Tidak,Ya,Tidak,Tidak,Tidak,Ya,Ya,Ya
2148,Kos Puspa Bogor 2148,Bogor,Tanah Sareal,800000,Putri,Ya,Ya,Tidak,Ya,Ya,Ya,Ya,Ya,Tidak,Tidak,Tidak,Tidak,Ya
2149,Kos Anggrek Bogor 2149,Bogor,Dramaga,1750000,Putri,Ya,Ya,Tidak,Ya,Ya,Ya,Ya,Ya,Tidak,Ya,Tidak,Tidak,Tidak
2150,Kos Sakura Bogor 2150,Bogor,Tanah Sareal,2000000,Putra,Ya,Tidak,Ya,Ya,Ya,Ya,Ya,Ya,Tidak,Ya,Tidak,Ya,Ya
2151,Kos Kenanga Bogor 2151,Bogor,Dramaga,1100000,Putri,Ya,Tidak,Ya,Ya,Ya,Ya,Ya,Ya,Tidak,Ya,Ya,Ya,Tidak
2152,Kos Mawar Bogor 2152,Bogor,Dramaga,1800000,Putri,Ya,Ya,Ya,Ya,Ya,Tidak,Tidak,Ya,Tidak,Tidak,Tidak,Ya,Tidak
2153,Kos Harmoni Bogor 2153,Bogor,Cibinong,900000,Putra,Ya,Ya,Ya,Ya,Ya,Tidak,Tidak,Tidak,Tidak,Tidak,Ya,Ya,Ya
2154,Kos Sakura Bogor 2154,Bogor,Bogor Tengah,1900000,Campur,Ya,Tidak,Ya,Ya,Ya,Tidak,Ya,Ya,Tidak,Tidak,Ya,Ya,Tidak
2155,Kos Puspa Bogor 2155,Bogor,Dramaga,1850000,Campur,Ya,Ya,Ya,Ya,Ya,Tidak,Ya,Ya,Tidak,Ya,Tidak,Ya,Tidak
2156,Kos Mawar Bogor 2156,Bogor,Cibinong,1150000,Putra,Ya,Tidak,Ya,Ya,Ya,Ya,Ya,Ya,Ya,Tidak,Tidak,Ya,Ya
2157,Kos Cendana Bogor 2157,Bogor,Tanah Sareal,650000,Campur,Ya,Tidak,Ya,Ya,Ya,Tidak,Ya,Ya,Tidak,Ya,Tidak,Tidak,Tidak
2158,Kos Amanah Bogor 2158,Bogor,Bogor Utara,850000,Putra,Ya,Tidak,Ya,Ya,Ya,Ya,Tidak,Ya,Ya,Ya,Tidak,Ya,Tidak
2159,Kos Wijaya Bogor 2159,Bogor,Bogor Tengah,800000,Putra,Ya,Tidak,Tidak,Ya,Tidak,Ya,Ya,Ya,Tidak,Ya,Tidak,Ya,Ya
2160,Kos Mawar Bogor 2160,Bogor,Cibinong,1400000,Putri,Ya,Ya,Tidak,Ya,Ya,Ya,Tidak,Tidak,Ya,Ya,Tidak,Ya,Ya
2161,Kos Cendana Bogor 2161,Bogor,Cibinong,1250000,Putri,Ya,Tidak,Tidak,Ya,Ya,Ya,Ya,Ya,Tidak,Ya,Tidak,Tidak,Ya
2162,Kos Amanah Bogor 2162,Bogor,Bogor Utara,2000000,Putra,Ya,Tidak,Tidak,Ya,Ya,Ya,Tidak,Ya,Tidak,Tidak,Ya,Ya,Tidak
2163,Kos Harmoni Bogor 2163,Bogor,Cibinong,1000000,Campur,Ya,Ya,Ya,Ya,Ya,Ya,Tidak,Ya,Tidak,Ya,Tidak,Ya,Tidak
2164,Kos Kenanga Bogor 2164,Bogor,Bogor Tengah,1250000,Campur,Ya,Ya,Tidak,Ya,Ya,Ya,Ya,Ya,Tidak,Ya,Ya,Tidak,Tidak
2165,Kos Nusantara Bogor 2165,Bogor,Tanah Sareal,1450000,Putra,Tidak,Tidak,Tidak,Ya,Ya,Tidak,Ya,Ya,Tidak,Tidak,Ya,Ya,Tidak
2166,Kos Permata Bogor 2166,Bogor,Cibinong,1300000,Putri,Ya,Ya,Tidak,Ya,Ya,Ya,Tidak,Ya,Ya,Ya,Tidak,Ya,Tidak
2167,Kos Sakura Bogor 2167,Bogor,Tanah Sareal,950000,Campur,Ya,Ya,Ya,Ya,Ya,Ya,Ya,Ya,Ya,Tidak,Ya,Ya,Ya
2168,Kos Wijaya Bogor 2168,Bogor,Cibinong,800000,Campur,Ya,Ya,Ya,Ya,Ya,Ya,Ya,Ya,Ya,Tidak,Ya,Ya,Tidak
2169,Kos Amanah Bogor 2169,Bogor,Bogor Utara,700000,Putra,Ya,Tidak,Tidak,Ya,Ya,Tidak,Tidak,Ya,Ya,Ya,Tidak,Ya,Ya
2170,Kos Wijaya Bogor 2170,Bogor,Bogor Tengah,600000,Putri,Ya,Ya,Tidak,Ya,Ya,Ya,Ya,Ya,Ya,Ya,Tidak,Ya,Tidak
2171,Kos Melati Bogor 2171,Bogor,Bogor Utara,1900000,Putri,Ya,Tidak,Tidak,Ya,Ya,Ya,Ya,Ya,Tidak,Tidak,Ya,Ya,Tidak
2172,Kos Mawar Bogor 2172,Bogor,Dramaga,1850000,Putra,Ya,Ya,Tidak,Ya,Ya,Tidak,Ya,Ya,Tidak,Tidak,Ya,Tidak,Ya
2173,Kos Permata Bogor 2173,Bogor,Dramaga,1050000,Campur,Ya,Tidak,Tidak,Ya,Ya,Ya,Ya,Ya,Ya,Ya,Ya,Ya,Tidak
2174,Kos Amanah Bogor 2174,Bogor,Dramaga,1850000,Putra,Ya,Ya,Ya,Ya,Ya,Ya,Tidak,Ya,Tidak,Tidak,Ya,Tidak,Tidak
2175,Kos Anggrek Bogor 2175,Bogor,Bogor Utara,1600000,Putra,Ya,Ya,Tidak,Ya,Ya,Ya,Ya,Ya,Tidak,Tidak,Ya,Ya,Ya
2176,Kos Puspa Bogor 2176,Bogor,Cibinong,2000000,Campur,Ya,Tidak,Tidak,Ya,Ya,Ya,Tidak,Ya,Ya,Tidak,Ya,Ya,Tidak
2177,Kos Kenanga Bogor 2177,Bogor,Tanah Sareal,1250000,Putri,Tidak,Ya,Tidak,Ya,Ya,Ya,Tidak,Ya,Tidak,Tidak,Ya,Ya,Tidak
2178,Kos Puspa Bogor 2178,Bogor,Bogor Tengah,2000000,Putra,Ya,Ya,Tidak,Ya,Ya,Ya,Tidak,Ya,Tidak,Ya,Ya,Ya,Tidak
2179,Kos Wijaya Bogor 2179,Bogor,Dramaga,1950000,Putra,Ya,Tidak,Ya,Ya,Ya,Ya,Tidak,Ya,Tidak,Tidak,Tidak,Tidak,Tidak
2180,Kos Amanah Bogor 2180,Bogor,Tanah Sareal,650000,Putra,Tidak,Ya,Ya,Ya,Ya,Ya,Tidak,Ya,Ya,Ya,Ya,Ya,Ya
2181,Kos Cendana Bogor 2181,Bogor,Tanah Sareal,1700000,Putra,Ya,Tidak,Tidak,Ya,Ya,Ya,Tidak,Ya,Tidak,Ya,Ya,Ya,Tidak
2182,Kos Wijaya Bogor 2182,Bogor,Bogor Utara,1500000,Putra,Ya,Ya,Tidak,Ya,Ya,Ya,Tidak,Ya,Tidak,Ya,Ya,Ya,Ya
2183,Kos Melati Bogor 2183,Bogor,Cibinong,1000000,Putri,Ya,Tidak,Ya,Ya,Ya,Ya,Tidak,Tidak,Tidak,Ya,Tidak,Tidak,Ya
2184,Kos Puspa Bogor 2184,Bogor,Dramaga,1000000,Putra,Ya,Ya,Tidak,Ya,Ya,Ya,Ya,Ya,Tidak,Tidak,Ya,Ya,Ya
2185,Kos Wijaya Bogor 2185,Bogor,Dramaga,1550000,Putri,Ya,Tidak,Ya,Ya,Ya,Tidak,Tidak,Ya,Tidak,Tidak,Ya,Ya,Ya
2186,Kos Sakura Bogor 2186,Bogor,Tanah Sareal,1650000,Putri,Ya,Tidak,Ya,Ya,Ya,Ya,Ya,Ya,Tidak,Ya,Ya,Ya,Ya
2187,Kos Nusantara Bogor 2187,Bogor,Bogor Utara,1500000,Putra,Ya,Ya,Tidak,Ya,Ya,Ya,Tidak,Ya,Ya,Tidak,Tidak,Ya,Ya
2188,Kos Mawar Bogor 2188,Bogor,Bogor Tengah,1900000,Campur,Ya,Tidak,Tidak,Ya,Ya,Ya,Ya,Ya,Tidak,Ya,Ya,Ya,Tidak
2189,Kos Mawar Bogor 2189,Bogor,Bogor Utara,1450000,Campur,Ya,Tidak,Tidak,Ya,Ya,Ya,Tidak,Ya,Tidak,Ya,Tidak,Ya,Ya
2190,Kos Nusantara Bogor 2190,Bogor,Tanah Sareal,1250000,Putri,Ya,Ya,Ya,Ya,Ya,Tidak,Tidak,Ya,Tidak,Tidak,Tidak,Ya,Tidak
2191,Kos Sakura Bogor 2191,Bogor,Tanah Sareal,950000,Putri,Ya,Ya,Ya,Ya,Ya,Ya,Ya,Ya,Tidak,Ya,Ya,Ya,Ya
2192,Kos Kenanga Bogor 2192,Bogor,Cibinong,1050000,Putra,Ya,Ya,Ya,Ya,Ya,Ya,Tidak,Ya,Tidak,Ya,Tidak,Tidak,Ya
2193,Kos Puspa Bogor 2193,Bogor,Cibinong,1850000,Putri,Tidak,Ya,Ya,Ya,Ya,Tidak,Ya,Ya,Tidak,Ya,Ya,Ya,Tidak
2194,Kos Harmoni Bogor 2194,Bogor,Bogor Utara,1800000,Campur,Ya,Ya,Ya,Ya,Ya,Ya,Tidak,Ya,Tidak,Tidak,Ya,Ya,Tidak
2195,Kos Melati Bogor 2195,Bogor,Tanah Sareal,1300000,Campur,Ya,Tidak,Tidak,Ya,Ya,Ya,Ya,Ya,Tidak,Ya,Ya,Ya,Tidak
2196,Kos Sakura Bogor 2196,Bogor,Bogor Tengah,1150000,Putra,Ya,Ya,Ya,Ya,Ya,Ya,Ya,Ya,Tidak,Tidak,Tidak,Ya,Tidak
2197,Kos Cendana Bogor 2197,Bogor,Bogor Utara,2000000,Putra,Ya,Ya,Ya,Ya,Ya,Ya,Ya,Ya,Tidak,Tidak,Tidak,Ya,Tidak
2198,Kos Amanah Bogor 2198,Bogor,Tanah Sareal,1550000,Putra,Ya,Ya,Tidak,Ya,Ya,Ya,Ya,Ya,Tidak,Ya,Tidak,Ya,Ya
2199,Kos Nusantara Bogor 2199,Bogor,Dramaga,1950000,Putri,Ya,Ya,Ya,Ya,Ya,Tidak,Tidak,Ya,Tidak,Ya,Tidak,Tidak,Ya
2200,Kos Puspa Bogor 2200,Bogor,Dramaga,1500000,Putra,Ya,Tidak,Ya,Ya,Ya,Tidak,Ya,Ya,Ya,Ya,Ya,Tidak,Tidak
2201,Kos Amanah Bogor 2201,Bogor,Cibinong,650000,Campur,Ya,Tidak,Tidak,Ya,Ya,Ya,Ya,Ya,Tidak,Tidak,Ya,Ya,Ya
2202,Kos Mawar Bogor 2202,Bogor,Bogor Tengah,1650000,Putri,Ya,Tidak,Ya,Ya,Ya,Ya,Ya,Ya,Ya,Tidak,Ya,Ya,Ya
2203,Kos Permata Bogor 2203,Bogor,Tanah Sareal,1300000,Putri,Ya,Ya,Tidak,Ya,Ya,Ya,Ya,Ya,Tidak,Ya,Tidak,Ya,Ya
2204,Kos Melati Bogor 2204,Bogor,Tanah Sareal,1050000,Putri,Ya,Ya,Ya,Ya,Ya,Ya,Ya,Ya,Tidak,Tidak,Tidak,Tidak,Ya
2205,Kos Puspa Bogor 2205,Bogor,Dramaga,1150000,Putri,Ya,Ya,Ya,Ya,Ya,Ya,Tidak,Ya,Tidak,Ya,Tidak,Tidak,Ya
2206,Kos Sakura Bogor 2206,Bogor,Cibinong,1900000,Putri,Ya,Tidak,Ya,Ya,Ya,Ya,Tidak,Ya,Tidak,Tidak,Tidak,Ya,Ya
2207,Kos Nusantara Bogor 2207,Bogor,Bogor Utara,1300000,Putri,Ya,Ya,Ya,Ya,Ya,Ya,Tidak,Ya,Ya,Ya,Ya,Tidak,Tidak
2208,Kos Sakura Bogor 2208,Bogor,Bogor Utara,1500000,Putri,Ya,Ya,Ya,Ya,Ya,Ya,Ya,Ya,Ya,Tidak,Ya,Ya,Tidak
2209,Kos Permata Bogor 2209,Bogor,Tanah Sareal,1500000,Putri,Ya,Tidak,Ya,Ya,Ya,Ya,Tidak,Ya,Tidak,Ya,Tidak,Ya,Tidak
2210,Kos Permata Bogor 2210,Bogor,Tanah Sareal,1800000,Putri,Ya,Ya,Ya,Ya,Ya,Ya,Ya,Ya,Tidak,Tidak,Tidak,Tidak,Tidak
2211,Kos Permata Bogor 2211,Bogor,Bogor Tengah,1650000,Campur,Ya,Tidak,Ya,Ya,Tidak,Ya,Ya,Ya,Tidak,Ya,Ya,Ya,Ya
2212,Kos Puspa Bogor 2212,Bogor,Dramaga,1850000,Putra,Ya,Ya,Ya,Ya,Ya,Ya,Ya,Ya,Tidak,Ya,Ya,Tidak,Ya
2213,Kos Cendana Bogor 2213,Bogor,Cibinong,1700000,Putra,Ya,Tidak,Ya,Ya,Ya,Tidak,Ya,Ya,Ya,Ya,Tidak,Ya,Tidak
2214,Kos Melati Bogor 2214,Bogor,Tanah Sareal,1550000,Putri,Tidak,Tidak,Ya,Ya,Ya,Tidak,Tidak,Ya,Tidak,Tidak,Ya,Ya,Ya
2215,Kos Puspa Bogor 2215,Bogor,Bogor Utara,1000000,Campur,Ya,Tidak,Tidak,Ya,Ya,Ya,Ya,Ya,Tidak,Tidak,Tidak,Tidak,Tidak
2216,Kos Wijaya Bogor 2216,Bogor,Bogor Tengah,950000,Putri,Ya,Tidak,Tidak,Ya,Ya,Ya,Tidak,Ya,Tidak,Ya,Tidak,Ya,Tidak
2217,Kos Puspa Bogor 2217,Bogor,Bogor Tengah,1850000,Putra,Ya,Tidak,Tidak,Ya,Ya,Ya,Tidak,Ya,Tidak,Ya,Tidak,Ya,Ya
2218,Kos Mawar Bogor 2218,Bogor,Bogor Tengah,1200000,Putra,Ya,Tidak,Tidak,Ya,Ya,Tidak,Ya,Tidak,Tidak,Ya,Tidak,Tidak,Ya
2219,Kos Harmoni Bogor 2219,Bogor,Bogor Tengah,1050000,Campur,Ya,Ya,Ya,Ya,Ya,Ya,Ya,Ya,Ya,Ya,Tidak,Ya,Tidak
2220,Kos Harmoni Bogor 2220,Bogor,Bogor Tengah,1650000,Campur,Ya,Ya,Ya,Ya,Ya,Ya,Ya,Ya,Tidak,Ya,Ya,Ya,Tidak
2221,Kos Anggrek Bandung 2221,Bandung,Sukajadi,1250000,Campur,Ya,Ya,Tidak,Ya,Ya,Ya,Tidak,Ya,Tidak,Tidak,Tidak,Ya,Ya
2222,Kos Melati Bandung 2222,Bandung,Coblong,2150000,Campur,Ya,Tidak,Ya,Ya,Ya,Tidak,Tidak,Ya,Tidak,Ya,Ya,Ya,Ya
2223,Kos Nusantara Bandung 2223,Bandung,Buahbatu,700000,Campur,Ya,Tidak,Tidak,Ya,Ya,Ya,Ya,Ya,Ya,Ya,Ya,Ya,Tidak
2224,Kos Nusantara Bandung 2224,Bandung,Sukajadi,1250000,Putra,Ya,Tidak,Ya,Ya,Ya,Ya,Ya,Ya,Ya,Tidak,Ya,Ya,Ya
2225,Kos Wijaya Bandung 2225,Bandung,Cicendo,2500000,Putra,Ya,Ya,Tidak,Ya,Ya,Ya,Ya,Ya,Ya,Tidak,Tidak,Ya,Ya
2226,Kos Amanah Bandung 2226,Bandung,Buahbatu,2000000,Putri,Ya,Tidak,Tidak,Ya,Ya,Tidak,Ya,Ya,Tidak,Ya,Ya,Ya,Tidak
2227,Kos Kenanga Bandung 2227,Bandung,Coblong,2200000,Putri,Tidak,Ya,Ya,Ya,Ya,Ya,Tidak,Ya,Tidak,Ya,Ya,Ya,Ya
2228,Kos Amanah Bandung 2228,Bandung,Lengkong,1700000,Putra,Tidak,Ya,Tidak,Ya,Ya,Tidak,Ya,Ya,Ya,Tidak,Tidak,Ya,Ya
2229,Kos Permata Bandung 2229,Bandung,Sukajadi,750000,Putri,Ya,Ya,Tidak,Ya,Ya,Ya,Ya,Ya,Tidak,Ya,Tidak,Ya,Ya
2230,Kos Amanah Bandung 2230,Bandung,Sukajadi,1100000,Putri,Ya,Tidak,Tidak,Ya,Ya,Ya,Ya,Ya,Ya,Ya,Ya,Ya,Ya
2231,Kos Wijaya Bandung 2231,Bandung,Buahbatu,750000,Putra,Ya,Ya,Tidak,Ya,Ya,Ya,Ya,Ya,Ya,Tidak,Ya,Ya,Ya
2232,Kos Melati Bandung 2232,Bandung,Cicendo,850000,Putri,Ya,Ya,Ya,Ya,Ya,Ya,Ya,Ya,Tidak,Tidak,Tidak,Ya,Ya
2233,Kos Mawar Bandung 2233,Bandung,Cicendo,750000,Putra,Ya,Ya,Tidak,Ya,Ya,Ya,Ya,Ya,Ya,Tidak,Ya,Tidak,Tidak
2234,Kos Nusantara Bandung 2234,Bandung,Cicendo,2250000,Campur,Ya,Tidak,Tidak,Ya,Ya,Ya,Ya,Ya,Ya,Tidak,Tidak,Ya,Tidak
2235,Kos Kenanga Bandung 2235,Bandung,Lengkong,900000,Campur,Ya,Ya,Tidak,Ya,Ya,Ya,Ya,Ya,Ya,Ya,Tidak,Tidak,Ya
2236,Kos Sakura Bandung 2236,Bandung,Cicendo,2150000,Putri,Ya,Tidak,Tidak,Ya,Ya,Tidak,Tidak,Ya,Tidak,Tidak,Tidak,Ya,Ya
2237,Kos Cendana Bandung 2237,Bandung,Cicendo,1250000,Campur,Ya,Ya,Ya,Ya,Ya,Ya,Ya,Ya,Tidak,Tidak,Tidak,Tidak,Ya
2238,Kos Puspa Bandung 2238,Bandung,Sukajadi,2500000,Putri,Tidak,Tidak,Tidak,Ya,Ya,Ya,Ya,Ya,Tidak,Ya,Tidak,Ya,Tidak
2239,Kos Wijaya Bandung 2239,Bandung,Lengkong,1100000,Putri,Ya,Ya,Tidak,Ya,Ya,Tidak,Ya,Ya,Ya,Ya,Tidak,Ya,Tidak
2240,Kos Mawar Bandung 2240,Bandung,Cicendo,1200000,Putra,Ya,Tidak,Tidak,Ya,Ya,Ya,Tidak,Ya,Tidak,Tidak,Tidak,Tidak,Tidak
2241,Kos Wijaya Bandung 2241,Bandung,Sukajadi,1950000,Putra,Ya,Ya,Ya,Ya,Ya,Ya,Tidak,Ya,Tidak,Tidak,Ya,Ya,Ya
2242,Kos Kenanga Bandung 2242,Bandung,Sukajadi,1550000,Campur,Ya,Tidak,Ya,Ya,Ya,Ya,Ya,Ya,Tidak,Tidak,Ya,Tidak,Ya
2243,Kos Cendana Bandung 2243,Bandung,Lengkong,1250000,Campur,Tidak,Ya,Ya,Ya,Ya,Tidak,Ya,Tidak,Tidak,Tidak,Ya,Tidak,Ya
2244,Kos Permata Bandung 2244,Bandung,Cicendo,1600000,Putra,Ya,Ya,Tidak,Ya,Ya,Ya,Ya,Ya,Tidak,Ya,Tidak,Ya,Tidak
2245,Kos Melati Bandung 2245,Bandung,Lengkong,1450000,Campur,Ya,Tidak,Ya,Ya,Ya,Tidak,Ya,Ya,Tidak,Tidak,Tidak,Tidak,Ya
2246,Kos Mawar Bandung 2246,Bandung,Lengkong,2150000,Campur,Ya,Ya,Ya,Ya,Ya,Tidak,Ya,Ya,Tidak,Ya,Tidak,Tidak,Tidak
2247,Kos Permata Bandung 2247,Bandung,Cicendo,1200000,Putra,Ya,Ya,Tidak,Ya,Tidak,Ya,Ya,Ya,Tidak,Ya,Tidak,Tidak,Ya
2248,Kos Permata Bandung 2248,Bandung,Cicendo,1450000,Putri,Ya,Tidak,Tidak,Ya,Ya,Ya,Ya,Ya,Tidak,Ya,Tidak,Ya,Tidak
2249,Kos Kenanga Bandung 2249,Bandung,Cicendo,950000,Putra,Tidak,Tidak,Tidak,Ya,Ya,Tidak,Ya,Ya,Tidak,Tidak,Ya,Ya,Ya
2250,Kos Cendana Bandung 2250,Bandung,Buahbatu,2400000,Putri,Ya,Ya,Ya,Ya,Ya,Tidak,Ya,Ya,Ya,Ya,Ya,Tidak,Ya
2251,Kos Mawar Bandung 2251,Bandung,Cicendo,1950000,Campur,Tidak,Tidak,Tidak,Ya,Ya,Ya,Ya,Ya,Tidak,Ya,Tidak,Ya,Ya
2252,Kos Mawar Bandung 2252,Bandung,Cicendo,1400000,Campur,Ya,Tidak,Tidak,Ya,Ya,Tidak,Ya,Tidak,Tidak,Ya,Ya,Ya,Ya
2253,Kos Kenanga Bandung 2253,Bandung,Cicendo,1700000,Putri,Ya,Tidak,Tidak,Ya,Ya,Ya,Ya,Ya,Tidak,Tidak,Ya,Ya,Tidak
2254,Kos Permata Bandung 2254,Bandung,Buahbatu,1350000,Putri,Ya,Ya,Tidak,Ya,Ya,Tidak,Ya,Ya,Ya,Ya,Tidak,Ya,Tidak
2255,Kos Puspa Bandung 2255,Bandung,Coblong,1450000,Putra,Ya,Ya,Tidak,Ya,Ya,Ya,Ya,Ya,Tidak,Ya,Ya,Ya,Tidak
2256,Kos Kenanga Bandung 2256,Bandung,Cicendo,1950000,Putra,Ya,Tidak,Tidak,Ya,Ya,Tidak,Tidak,Ya,Tidak,Ya,Ya,Ya,Ya
2257,Kos Mawar Bandung 2257,Bandung,Sukajadi,1550000,Putra,Ya,Tidak,Tidak,Ya,Ya,Ya,Ya,Ya,Tidak,Ya,Tidak,Ya,Ya
2258,Kos Puspa Bandung 2258,Bandung,Lengkong,800000,Campur,Ya,Tidak,Tidak,Ya,Ya,Ya,Ya,Ya,Ya,Ya,Ya,Tidak,Tidak
2259,Kos Nusantara Bandung 2259,Bandung,Sukajadi,1750000,Putra,Ya,Ya,Tidak,Ya,Ya,Tidak,Ya,Ya,Tidak,Ya,Tidak,Tidak,Ya
2260,Kos Sakura Bandung 2260,Bandung,Cicendo,1250000,Putri,Ya,Ya,Tidak,Ya,Ya,Ya,Ya,Ya,Tidak,Ya,Tidak,Ya,Ya
2261,Kos Mawar Bandung 2261,Bandung,Sukajadi,2350000,Putra,Ya,Tidak,Tidak,Ya,Ya,Ya,Tidak,Ya,Tidak,Tidak,Tidak,Ya,Ya
2262,Kos Nusantara Bandung 2262,Bandung,Buahbatu,1750000,Putra,Ya,Ya,Tidak,Ya,Ya,Ya,Tidak,Tidak,Tidak,Ya,Tidak,Ya,Ya
2263,Kos Mawar Bandung 2263,Bandung,Buahbatu,1800000,Putra,Tidak,Tidak,Tidak,Ya,Ya,Ya,Ya,Ya,Tidak,Ya,Tidak,Tidak,Ya
2264,Kos Puspa Bandung 2264,Bandung,Sukajadi,1350000,Putri,Ya,Ya,Ya,Ya,Ya,Ya,Ya,Ya,Ya,Ya,Ya,Ya,Ya
2265,Kos Cendana Bandung 2265,Bandung,Lengkong,1600000,Putra,Ya,Ya,Tidak,Ya,Ya,Ya,Tidak,Ya,Tidak,Ya,Tidak,Tidak,Ya
2266,Kos Mawar Bandung 2266,Bandung,Sukajadi,900000,Putra,Ya,Ya,Ya,Ya,Ya,Ya,Tidak,Ya,Tidak,Tidak,Ya,Ya,Ya
2267,Kos Anggrek Bandung 2267,Bandung,Lengkong,1650000,Putra,Ya,Ya,Tidak,Ya,Ya,Ya,Tidak,Ya,Tidak,Tidak,Ya,Tidak,Ya
2268,Kos Wijaya Bandung 2268,Bandung,Buahbatu,1350000,Putri,Ya,Ya,Tidak,Ya,Ya,Ya,Tidak,Ya,Ya,Tidak,Tidak,Ya,Ya
2269,Kos Kenanga Bandung 2269,Bandung,Buahbatu,1700000,Putra,Ya,Ya,Ya,Ya,Ya,Tidak,Ya,Ya,Tidak,Tidak,Ya,Ya,Tidak
2270,Kos Kenanga Bandung 2270,Bandung,Lengkong,2300000,Putri,Ya,Ya,Ya,Ya,Ya,Ya,Tidak,Ya,Tidak,Ya,Ya,Ya,Ya
2271,Kos Harmoni Bandung 2271,Bandung,Coblong,1250000,Putri,Ya,Tidak,Tidak,Ya,Ya,Ya,Tidak,Ya,Tidak,Ya,Tidak,Tidak,Ya
2272,Kos Melati Bandung 2272,Bandung,Sukajadi,1850000,Putri,Ya,Tidak,Tidak,Ya,Ya,Ya,Tidak,Ya,Tidak,Tidak,Ya,Ya,Ya
2273,Kos Permata Bandung 2273,Bandung,Lengkong,900000,Putri,Ya,Tidak,Tidak,Ya,Ya,Ya,Tidak,Ya,Tidak,Tidak,Tidak,Ya,Ya
2274,Kos Anggrek Bandung 2274,Bandung,Sukajadi,1650000,Campur,Ya,Ya,Tidak,Ya,Ya,Tidak,Tidak,Ya,Tidak,Ya,Tidak,Ya,Ya
2275,Kos Anggrek Bandung 2275,Bandung,Coblong,1050000,Campur,Tidak,Tidak,Tidak,Ya,Ya,Ya,Ya,Ya,Ya,Ya,Tidak,Tidak,Ya
2276,Kos Nusantara Bandung 2276,Bandung,Coblong,850000,Campur,Ya,Ya,Ya,Ya,Ya,Ya,Ya,Ya,Tidak,Tidak,Tidak,Tidak,Tidak
2277,Kos Kenanga Bandung 2277,Bandung,Coblong,2250000,Putri,Ya,Ya,Tidak,Ya,Ya,Tidak,Ya,Ya,Tidak,Ya,Ya,Ya,Ya
2278,Kos Harmoni Bandung 2278,Bandung,Sukajadi,2450000,Campur,Ya,Tidak,Ya,Ya,Ya,Ya,Ya,Ya,Tidak,Tidak,Tidak,Ya,Ya
2279,Kos Nusantara Bandung 2279,Bandung,Lengkong,1850000,Campur,Ya,Tidak,Ya,Ya,Ya,Ya,Ya,Ya,Tidak,Tidak,Ya,Ya,Ya
2280,Kos Anggrek Bandung 2280,Bandung,Buahbatu,1850000,Putra,Ya,Ya,Ya,Ya,Ya,Ya,Ya,Ya,Ya,Tidak,Ya,Ya,Ya
2281,Kos Puspa Bandung 2281,Bandung,Cicendo,900000,Putri,Ya,Ya,Tidak,Ya,Ya,Ya,Ya,Ya,Ya,Tidak,Tidak,Ya,Ya
2282,Kos Amanah Bandung 2282,Bandung,Buahbatu,2300000,Putri,Ya,Ya,Tidak,Ya,Ya,Ya,Tidak,Ya,Tidak,Tidak,Ya,Ya,Ya
2283,Kos Sakura Bandung 2283,Bandung,Lengkong,2500000,Putri,Tidak,Tidak,Ya,Ya,Ya,Ya,Ya,Ya,Ya,Tidak,Ya,Tidak,Tidak
2284,Kos Melati Bandung 2284,Bandung,Buahbatu,2300000,Campur,Ya,Ya,Ya,Ya,Ya,Ya,Ya,Ya,Tidak,Ya,Ya,Tidak,Tidak
2285,Kos Wijaya Bandung 2285,Bandung,Cicendo,1350000,Putri,Ya,Tidak,Tidak,Ya,Ya,Ya,Ya,Ya,Ya,Tidak,Ya,Ya,Ya
2286,Kos Harmoni Bandung 2286,Bandung,Sukajadi,2200000,Putra,Ya,Ya,Ya,Ya,Ya,Ya,Ya,Ya,Ya,Tidak,Tidak,Tidak,Tidak
2287,Kos Wijaya Bandung 2287,Bandung,Coblong,1050000,Putri,Ya,Ya,Tidak,Ya,Ya,Ya,Tidak,Tidak,Ya,Tidak,Ya,Tidak,Tidak
2288,Kos Sakura Bandung 2288,Bandung,Coblong,2450000,Putra,Ya,Ya,Tidak,Ya,Ya,Ya,Tidak,Ya,Tidak,Tidak,Tidak,Ya,Tidak
2289,Kos Wijaya Bandung 2289,Bandung,Cicendo,1900000,Putri,Tidak,Tidak,Tidak,Ya,Ya,Ya,Tidak,Ya,Ya,Ya,Tidak,Tidak,Ya
2290,Kos Permata Bandung 2290,Bandung,Cicendo,850000,Putri,Ya,Tidak,Tidak,Ya,Ya,Ya,Tidak,Ya,Tidak,Ya,Tidak,Ya,Ya
2291,Kos Nusantara Bandung 2291,Bandung,Lengkong,1100000,Campur,Ya,Tidak,Tidak,Ya,Ya,Ya,Ya,Ya,Tidak,Tidak,Ya,Ya,Tidak
2292,Kos Mawar Bandung 2292,Bandung,Cicendo,900000,Putra,Ya,Tidak,Ya,Ya,Ya,Ya,Ya,Ya,Tidak,Tidak,Ya,Ya,Ya
2293,Kos Cendana Bandung 2293,Bandung,Sukajadi,700000,Campur,Ya,Ya,Ya,Ya,Ya,Ya,Tidak,Ya,Tidak,Ya,Tidak,Tidak,Ya
2294,Kos Cendana Bandung 2294,Bandung,Sukajadi,1100000,Putri,Ya,Ya,Tidak,Ya,Ya,Ya,Ya,Ya,Tidak,Ya,Ya,Ya,Ya
2295,Kos Kenanga Bandung 2295,Bandung,Buahbatu,1600000,Putra,Ya,Ya,Tidak,Ya,Ya,Ya,Tidak,Ya,Tidak,Tidak,Tidak,Ya,Ya
2296,Kos Anggrek Bandung 2296,Bandung,Lengkong,750000,Campur,Ya,Tidak,Tidak,Ya,Ya,Ya,Tidak,Ya,Tidak,Tidak,Ya,Ya,Tidak
2297,Kos Permata Bandung 2297,Bandung,Lengkong,1300000,Putri,Tidak,Tidak,Tidak,Ya,Ya,Ya,Ya,Ya,Tidak,Ya,Ya,Tidak,Ya
2298,Kos Cendana Bandung 2298,Bandung,Coblong,2100000,Putra,Ya,Ya,Tidak,Ya,Ya,Ya,Ya,Ya,Tidak,Ya,Ya,Ya,Ya
2299,Kos Wijaya Bandung 2299,Bandung,Cicendo,2050000,Campur,Ya,Ya,Tidak,Ya,Ya,Ya,Ya,Tidak,Ya,Ya,Ya,Tidak,Ya
2300,Kos Permata Bandung 2300,Bandung,Coblong,1800000,Putri,Ya,Tidak,Ya,Ya,Ya,Ya,Ya,Ya,Tidak,Ya,Tidak,Ya,Ya
2301,Kos Kenanga Bandung 2301,Bandung,Buahbatu,700000,Putri,Ya,Tidak,Ya,Ya,Ya,Ya,Ya,Ya,Tidak,Ya,Ya,Ya,Ya
2302,Kos Melati Bandung 2302,Bandung,Coblong,1200000,Putra,Ya,Ya,Tidak,Ya,Ya,Ya,Ya,Tidak,Tidak,Ya,Ya,Tidak,Ya
2303,Kos Cendana Bandung 2303,Bandung,Coblong,1650000,Putra,Tidak,Ya,Tidak,Ya,Ya,Tidak,Ya,Ya,Tidak,Tidak,Tidak,Ya,Ya
2304,Kos Amanah Bandung 2304,Bandung,Sukajadi,2350000,Putri,Ya,Ya,Ya,Ya,Ya,Tidak,Tidak,Ya,Ya,Tidak,Tidak,Tidak,Tidak
2305,Kos Cendana Bandung 2305,Bandung,Buahbatu,1550000,Putra,Ya,Ya,Tidak,Ya,Ya,Ya,Tidak,Ya,Tidak,Tidak,Ya,Ya,Tidak
2306,Kos Permata Bandung 2306,Bandung,Sukajadi,1800000,Putri,Ya,Tidak,Tidak,Ya,Ya,Ya,Ya,Ya,Tidak,Ya,Ya,Ya,Ya
2307,Kos Anggrek Bandung 2307,Bandung,Buahbatu,2100000,Putri,Ya,Tidak,Tidak,Ya,Ya,Tidak,Ya,Ya,Ya,Ya,Tidak,Ya,Tidak
2308,Kos Permata Bandung 2308,Bandung,Cicendo,1200000,Campur,Ya,Tidak,Tidak,Ya,Ya,Tidak,Ya,Ya,Tidak,Ya,Tidak,Tidak,Ya
2309,Kos Cendana Bandung 2309,Bandung,Cicendo,1600000,Putra,Ya,Tidak,Tidak,Ya,Ya,Tidak,Tidak,Ya,Ya,Ya,Tidak,Tidak,Ya
2310,Kos Sakura Bandung 2310,Bandung,Cicendo,1900000,Putra,Ya,Ya,Tidak,Ya,Ya,Ya,Ya,Ya,Tidak,Tidak,Tidak,Tidak,Tidak
2311,Kos Anggrek Bandung 2311,Bandung,Cicendo,2100000,Putri,Ya,Ya,Ya,Ya,Ya,Ya,Ya,Ya,Ya,Tidak,Ya,Ya,Ya
2312,Kos Amanah Bandung 2312,Bandung,Lengkong,2100000,Putra,Ya,Ya,Ya,Ya,Ya,Tidak,Tidak,Ya,Ya,Ya,Ya,Tidak,Ya
2313,Kos Puspa Bandung 2313,Bandung,Cicendo,1250000,Putri,Ya,Tidak,Tidak,Ya,Ya,Tidak,Ya,Ya,Tidak,Tidak,Ya,Tidak,Ya
2314,Kos Anggrek Bandung 2314,Bandung,Sukajadi,1800000,Putri,Ya,Tidak,Ya,Ya,Ya,Ya,Tidak,Ya,Tidak,Ya,Tidak,Ya,Ya
2315,Kos Nusantara Bandung 2315,Bandung,Coblong,2350000,Putri,Ya,Tidak,Tidak,Ya,Tidak,Ya,Ya,Ya,Ya,Ya,Tidak,Ya,Tidak
2316,Kos Amanah Bandung 2316,Bandung,Coblong,1850000,Putra,Ya,Tidak,Tidak,Ya,Ya,Ya,Tidak,Ya,Tidak,Ya,Ya,Ya,Tidak
2317,Kos Sakura Bandung 2317,Bandung,Cicendo,1700000,Putri,Ya,Tidak,Tidak,Ya,Ya,Ya,Ya,Ya,Tidak,Tidak,Ya,Ya,Tidak
2318,Kos Anggrek Bandung 2318,Bandung,Sukajadi,1550000,Campur,Ya,Ya,Tidak,Ya,Ya,Tidak,Ya,Ya,Tidak,Tidak,Tidak,Ya,Ya
2319,Kos Harmoni Bandung 2319,Bandung,Sukajadi,1550000,Campur,Ya,Ya,Ya,Ya,Ya,Ya,Ya,Ya,Tidak,Ya,Ya,Ya,Tidak
2320,Kos Amanah Bandung 2320,Bandung,Lengkong,2200000,Putri,Ya,Tidak,Ya,Ya,Ya,Ya,Tidak,Ya,Ya,Tidak,Tidak,Ya,Ya
2321,Kos Wijaya Bandung 2321,Bandung,Buahbatu,1000000,Putri,Ya,Tidak,Tidak,Ya,Ya,Ya,Tidak,Ya,Tidak,Ya,Tidak,Tidak,Tidak
2322,Kos Nusantara Bandung 2322,Bandung,Coblong,1950000,Putra,Ya,Tidak,Tidak,Ya,Ya,Tidak,Tidak,Ya,Tidak,Tidak,Tidak,Ya,Ya
2323,Kos Harmoni Bandung 2323,Bandung,Coblong,1500000,Campur,Ya,Tidak,Tidak,Ya,Ya,Ya,Ya,Ya,Ya,Tidak,Ya,Ya,Ya
2324,Kos Amanah Bandung 2324,Bandung,Buahbatu,2400000,Campur,Ya,Ya,Ya,Ya,Ya,Tidak,Ya,Ya,Tidak,Ya,Ya,Ya,Ya
2325,Kos Cendana Bandung 2325,Bandung,Cicendo,2400000,Putra,Ya,Ya,Tidak,Ya,Ya,Ya,Tidak,Ya,Ya,Tidak,Ya,Ya,Ya
2326,Kos Sakura Bandung 2326,Bandung,Buahbatu,1600000,Putri,Ya,Tidak,Ya,Ya,Ya,Ya,Ya,Ya,Tidak,Ya,Tidak,Tidak,Ya
2327,Kos Cendana Bandung 2327,Bandung,Coblong,1450000,Campur,Tidak,Tidak,Ya,Ya,Ya,Ya,Ya,Ya,Tidak,Ya,Ya,Ya,Tidak
2328,Kos Permata Bandung 2328,Bandung,Sukajadi,800000,Putra,Ya,Ya,Tidak,Ya,Ya,Tidak,Tidak,Ya,Tidak,Ya,Ya,Tidak,Ya
2329,Kos Kenanga Bandung 2329,Bandung,Coblong,2400000,Putri,Ya,Tidak,Tidak,Ya,Ya,Ya,Ya,Ya,Tidak,Ya,Ya,Tidak,Ya
2330,Kos Wijaya Bandung 2330,Bandung,Cicendo,800000,Putri,Ya,Tidak,Tidak,Ya,Ya,Ya,Ya,Ya,Tidak,Tidak,Tidak,Ya,Ya
2331,Kos Nusantara Bandung 2331,Bandung,Cicendo,1100000,Campur,Ya,Ya,Ya,Ya,Ya,Ya,Ya,Ya,Tidak,Tidak,Ya,Tidak,Ya
2332,Kos Mawar Bandung 2332,Bandung,Sukajadi,1550000,Putra,Ya,Tidak,Ya,Ya,Ya,Ya,Ya,Tidak,Tidak,Ya,Tidak,Tidak,Ya
2333,Kos Cendana Bandung 2333,Bandung,Lengkong,750000,Putra,Ya,Tidak,Ya,Ya,Ya,Ya,Tidak,Ya,Tidak,Tidak,Ya,Ya,Ya
2334,Kos Amanah Bandung 2334,Bandung,Coblong,1500000,Putri,Ya,Ya,Ya,Ya,Ya,Ya,Ya,Ya,Tidak,Ya,Tidak,Ya,Tidak
2335,Kos Sakura Bandung 2335,Bandung,Buahbatu,2450000,Putra,Ya,Ya,Tidak,Ya,Ya,Ya,Tidak,Ya,Ya,Tidak,Tidak,Ya,Tidak
2336,Kos Wijaya Bandung 2336,Bandung,Sukajadi,1750000,Campur,Ya,Ya,Tidak,Ya,Ya,Ya,Ya,Ya,Tidak,Tidak,Ya,Tidak,Ya
2337,Kos Nusantara Bandung 2337,Bandung,Sukajadi,1850000,Putra,Ya,Tidak,Ya,Ya,Ya,Ya,Ya,Ya,Ya,Tidak,Ya,Ya,Tidak
2338,Kos Permata Bandung 2338,Bandung,Sukajadi,2200000,Putri,Ya,Tidak,Tidak,Ya,Ya,Tidak,Ya,Ya,Tidak,Ya,Tidak,Tidak,Tidak
2339,Kos Melati Bandung 2339,Bandung,Lengkong,2450000,Putri,Ya,Ya,Tidak,Ya,Ya,Tidak,Ya,Ya,Tidak,Ya,Tidak,Ya,Ya
2340,Kos Puspa Bandung 2340,Bandung,Coblong,1700000,Putra,Ya,Ya,Tidak,Ya,Ya,Tidak,Ya,Ya,Tidak,Tidak,Tidak,Ya,Ya
2341,Kos Amanah Bandung 2341,Bandung,Lengkong,700000,Putra,Ya,Ya,Tidak,Ya,Ya,Ya,Ya,Ya,Tidak,Tidak,Tidak,Ya,Ya
2342,Kos Puspa Bandung 2342,Bandung,Cicendo,1950000,Putri,Ya,Ya,Tidak,Ya,Ya,Ya,Tidak,Ya,Tidak,Tidak,Tidak,Ya,Tidak
2343,Kos Cendana Bandung 2343,Bandung,Buahbatu,1350000,Putri,Ya,Ya,Ya,Ya,Ya,Tidak,Tidak,Ya,Tidak,Ya,Tidak,Ya,Ya
2344,Kos Puspa Bandung 2344,Bandung,Lengkong,2200000,Campur,Ya,Tidak,Ya,Ya,Ya,Tidak,Ya,Ya,Ya,Ya,Ya,Ya,Ya
2345,Kos Sakura Bandung 2345,Bandung,Lengkong,2450000,Putra,Ya,Tidak,Ya,Ya,Ya,Tidak,Tidak,Ya,Tidak,Ya,Ya,Ya,Ya
2346,Kos Puspa Bandung 2346,Bandung,Lengkong,1100000,Putri,Ya,Tidak,Tidak,Ya,Ya,Tidak,Tidak,Ya,Tidak,Ya,Tidak,Tidak,Ya
2347,Kos Kenanga Bandung 2347,Bandung,Buahbatu,2250000,Campur,Ya,Ya,Tidak,Ya,Ya,Ya,Ya,Ya,Tidak,Tidak,Ya,Tidak,Ya
2348,Kos Amanah Bandung 2348,Bandung,Buahbatu,900000,Putri,Ya,Tidak,Ya,Ya,Ya,Ya,Tidak,Ya,Ya,Tidak,Tidak,Ya,Tidak
2349,Kos Anggrek Bandung 2349,Bandung,Cicendo,1350000,Campur,Ya,Tidak,Tidak,Ya,Ya,Ya,Ya,Ya,Ya,Tidak,Tidak,Tidak,Ya
2350,Kos Permata Bandung 2350,Bandung,Lengkong,1350000,Putra,Ya,Tidak,Tidak,Ya,Ya,Ya,Tidak,Ya,Tidak,Tidak,Tidak,Tidak,Ya
2351,Kos Melati Bandung 2351,Bandung,Cicendo,1700000,Putri,Ya,Tidak,Tidak,Ya,Ya,Ya,Tidak,Ya,Tidak,Ya,Tidak,Tidak,Ya
2352,Kos Sakura Bandung 2352,Bandung,Cicendo,1700000,Campur,Ya,Ya,Ya,Ya,Ya,Ya,Ya,Ya,Tidak,Tidak,Ya,Tidak,Ya
2353,Kos Permata Bandung 2353,Bandung,Sukajadi,1500000,Putri,Ya,Tidak,Ya,Ya,Tidak,Tidak,Ya,Ya,Tidak,Tidak,Tidak,Tidak,Ya
2354,Kos Harmoni Bandung 2354,Bandung,Coblong,1550000,Putra,Ya,Ya,Tidak,Ya,Ya,Ya,Ya,Ya,Tidak,Tidak,Ya,Ya,Ya
2355,Kos Melati Bandung 2355,Bandung,Lengkong,1650000,Putra,Ya,Ya,Tidak,Ya,Ya,Ya,Ya,Ya,Ya,Tidak,Tidak,Ya,Tidak
2356,Kos Puspa Bandung 2356,Bandung,Cicendo,1200000,Putri,Ya,Tidak,Ya,Ya,Ya,Ya,Ya,Ya,Tidak,Ya,Ya,Tidak,Ya
2357,Kos Puspa Bandung 2357,Bandung,Buahbatu,1150000,Campur,Ya,Ya,Tidak,Ya,Ya,Tidak,Tidak,Ya,Tidak,Ya,Ya,Tidak,Tidak
2358,Kos Amanah Bandung 2358,Bandung,Buahbatu,1450000,Campur,Ya,Tidak,Tidak,Ya,Ya,Ya,Tidak,Ya,Tidak,Ya,Ya,Tidak,Ya
2359,Kos Amanah Bandung 2359,Bandung,Coblong,2450000,Putra,Ya,Ya,Ya,Ya,Ya,Ya,Ya,Ya,Tidak,Tidak,Ya,Ya,Tidak
2360,Kos Melati Bandung 2360,Bandung,Sukajadi,1000000,Putri,Ya,Ya,Tidak,Ya,Ya,Tidak,Tidak,Ya,Tidak,Ya,Ya,Tidak,Ya
2361,Kos Wijaya Bandung 2361,Bandung,Sukajadi,1700000,Putra,Ya,Tidak,Ya,Ya,Ya,Tidak,Ya,Tidak,Tidak,Tidak,Tidak,Ya,Ya
2362,Kos Wijaya Bandung 2362,Bandung,Cicendo,1950000,Putra,Ya,Tidak,Ya,Ya,Ya,Ya,Tidak,Ya,Tidak,Ya,Tidak,Ya,Tidak
2363,Kos Wijaya Bandung 2363,Bandung,Lengkong,2200000,Putra,Ya,Tidak,Ya,Ya,Ya,Ya,Ya,Ya,Tidak,Tidak,Tidak,Ya,Ya
2364,Kos Nusantara Bandung 2364,Bandung,Lengkong,800000,Putri,Ya,Tidak,Ya,Ya,Ya,Tidak,Ya,Ya,Tidak,Ya,Ya,Ya,Ya
2365,Kos Wijaya Bandung 2365,Bandung,Cicendo,2100000,Putri,Ya,Tidak,Ya,Ya,Ya,Ya,Tidak,Ya,Tidak,Ya,Tidak,Ya,Tidak
2366,Kos Harmoni Bandung 2366,Bandung,Sukajadi,2300000,Putri,Tidak,Ya,Ya,Ya,Ya,Ya,Ya,Ya,Tidak,Tidak,Ya,Ya,Ya
2367,Kos Amanah Bandung 2367,Bandung,Buahbatu,2450000,Putri,Tidak,Ya,Tidak,Ya,Ya,Tidak,Ya,Tidak,Ya,Ya,Ya,Ya,Ya
2368,Kos Puspa Bandung 2368,Bandung,Lengkong,800000,Putri,Ya,Tidak,Ya,Ya,Ya,Ya,Ya,Tidak,Tidak,Ya,Tidak,Ya,Tidak
2369,Kos Anggrek Bandung 2369,Bandung,Buahbatu,1950000,Putri,Ya,Tidak,Ya,Ya,Ya,Tidak,Ya,Ya,Tidak,Tidak,Tidak,Ya,Ya
2370,Kos Nusantara Bandung 2370,Bandung,Lengkong,900000,Campur,Ya,Ya,Ya,Ya,Ya,Ya,Ya,Ya,Tidak,Ya,Tidak,Ya,Tidak
2371,Kos Mawar Bandung 2371,Bandung,Coblong,2250000,Putri,Ya,Tidak,Ya,Ya,Ya,Ya,Tidak,Ya,Ya,Tidak,Ya,Tidak,Ya
2372,Kos Sakura Bandung 2372,Bandung,Sukajadi,1500000,Campur,Ya,Ya,Ya,Ya,Ya,Ya,Tidak,Ya,Ya,Tidak,Tidak,Tidak,Ya
2373,Kos Mawar Bandung 2373,Bandung,Buahbatu,1500000,Putra,Ya,Ya,Tidak,Ya,Ya,Tidak,Ya,Ya,Ya,Tidak,Ya,Ya,Ya
2374,Kos Puspa Bandung 2374,Bandung,Sukajadi,700000,Putri,Ya,Tidak,Tidak,Ya,Ya,Tidak,Tidak,Ya,Ya,Ya,Ya,Ya,Tidak
2375,Kos Kenanga Bandung 2375,Bandung,Coblong,1750000,Campur,Ya,Ya,Tidak,Ya,Ya,Ya,Ya,Ya,Tidak,Tidak,Tidak,Ya,Ya
2376,Kos Puspa Bandung 2376,Bandung,Buahbatu,800000,Putri,Ya,Tidak,Tidak,Ya,Ya,Ya,Tidak,Ya,Tidak,Tidak,Tidak,Ya,Tidak
2377,Kos Wijaya Bandung 2377,Bandung,Cicendo,2050000,Campur,Tidak,Tidak,Tidak,Ya,Ya,Ya,Ya,Ya,Tidak,Tidak,Ya,Tidak,Tidak
2378,Kos Cendana Bandung 2378,Bandung,Lengkong,1700000,Putri,Ya,Ya,Tidak,Ya,Ya,Ya,Ya,Ya,Tidak,Ya,Tidak,Ya,Ya
2379,Kos Melati Bandung 2379,Bandung,Cicendo,1950000,Putri,Ya,Ya,Tidak,Ya,Ya,Ya,Ya,Ya,Tidak,Ya,Tidak,Ya,Tidak
2380,Kos Permata Bandung 2380,Bandung,Coblong,1950000,Putra,Ya,Tidak,Tidak,Ya,Ya,Ya,Ya,Ya,Ya,Ya,Tidak,Ya,Ya
2381,Kos Kenanga Bandung 2381,Bandung,Buahbatu,2250000,Putri,Ya,Ya,Tidak,Ya,Ya,Ya,Ya,Ya,Ya,Ya,Ya,Ya,Ya
2382,Kos Mawar Bandung 2382,Bandung,Lengkong,2300000,Putra,Ya,Ya,Ya,Ya,Ya,Tidak,Ya,Ya,Tidak,Ya,Ya,Ya,Ya
2383,Kos Cendana Bandung 2383,Bandung,Coblong,1250000,Putra,Ya,Tidak,Ya,Ya,Ya,Ya,Tidak,Ya,Ya,Tidak,Tidak,Ya,Ya
2384,Kos Melati Bandung 2384,Bandung,Sukajadi,2200000,Putra,Ya,Ya,Tidak,Ya,Ya,Ya,Ya,Ya,Tidak,Ya,Ya,Ya,Ya
2385,Kos Sakura Bandung 2385,Bandung,Sukajadi,2300000,Putra,Ya,Ya,Ya,Ya,Ya,Ya,Tidak,Tidak,Tidak,Ya,Tidak,Tidak,Tidak
2386,Kos Harmoni Bandung 2386,Bandung,Lengkong,1350000,Putra,Ya,Tidak,Tidak,Ya,Ya,Ya,Ya,Ya,Ya,Tidak,Tidak,Ya,Ya
2387,Kos Wijaya Bandung 2387,Bandung,Cicendo,2500000,Putri,Tidak,Tidak,Ya,Ya,Ya,Ya,Tidak,Ya,Ya,Tidak,Tidak,Ya,Ya
2388,Kos Cendana Bandung 2388,Bandung,Sukajadi,2300000,Putra,Ya,Ya,Tidak,Ya,Ya,Ya,Tidak,Ya,Ya,Tidak,Ya,Tidak,Ya
2389,Kos Nusantara Bandung 2389,Bandung,Lengkong,1150000,Putra,Ya,Tidak,Ya,Ya,Ya,Ya,Ya,Ya,Tidak,Tidak,Ya,Ya,Tidak
2390,Kos Mawar Bandung 2390,Bandung,Sukajadi,1000000,Putri,Ya,Ya,Tidak,Ya,Ya,Ya,Tidak,Ya,Tidak,Ya,Ya,Ya,Ya
2391,Kos Nusantara Bandung 2391,Bandung,Buahbatu,2250000,Putri,Ya,Tidak,Ya,Ya,Ya,Tidak,Ya,Ya,Ya,Tidak,Ya,Ya,Tidak
2392,Kos Permata Bandung 2392,Bandung,Buahbatu,1650000,Putri,Ya,Ya,Tidak,Ya,Ya,Tidak,Tidak,Ya,Tidak,Tidak,Tidak,Tidak,Ya
2393,Kos Anggrek Bandung 2393,Bandung,Lengkong,2000000,Putra,Ya,Tidak,Tidak,Ya,Tidak,Tidak,Tidak,Ya,Tidak,Ya,Tidak,Ya,Tidak
2394,Kos Wijaya Bandung 2394,Bandung,Sukajadi,2000000,Putri,Ya,Tidak,Tidak,Ya,Ya,Ya,Tidak,Ya,Tidak,Tidak,Ya,Tidak,Ya
2395,Kos Amanah Bandung 2395,Bandung,Sukajadi,1400000,Campur,Ya,Ya,Tidak,Ya,Ya,Ya,Tidak,Tidak,Tidak,Tidak,Ya,Ya,Ya
2396,Kos Anggrek Bandung 2396,Bandung,Lengkong,2500000,Campur,Ya,Tidak,Ya,Ya,Ya,Ya,Ya,Ya,Tidak,Ya,Tidak,Ya,Tidak
2397,Kos Mawar Bandung 2397,Bandung,Coblong,1500000,Putra,Ya,Tidak,Tidak,Ya,Ya,Ya,Tidak,Ya,Tidak,Ya,Tidak,Ya,Ya
2398,Kos Nusantara Bandung 2398,Bandung,Cicendo,2100000,Putra,Ya,Tidak,Tidak,Ya,Ya,Ya,Ya,Ya,Tidak,Ya,Tidak,Tidak,Ya
2399,Kos Amanah Bandung 2399,Bandung,Lengkong,1950000,Putri,Ya,Tidak,Tidak,Ya,Ya,Ya,Tidak,Ya,Tidak,Tidak,Tidak,Ya,Ya
2400,Kos Harmoni Bandung 2400,Bandung,Lengkong,1350000,Campur,Ya,Ya,Ya,Ya,Ya,Tidak,Tidak,Ya,Tidak,Tidak,Ya,Ya,Ya
2401,Kos Anggrek Bandung 2401,Bandung,Buahbatu,2200000,Putra,Ya,Ya,Ya,Ya,Ya,Ya,Ya,Ya,Tidak,Tidak,Tidak,Ya,Tidak
2402,Kos Mawar Bandung 2402,Bandung,Cicendo,950000,Campur,Ya,Ya,Ya,Ya,Ya,Ya,Ya,Ya,Tidak,Ya,Tidak,Ya,Tidak
2403,Kos Nusantara Bandung 2403,Bandung,Coblong,2150000,Putra,Tidak,Tidak,Tidak,Ya,Ya,Ya,Tidak,Tidak,Tidak,Ya,Tidak,Ya,Tidak
2404,Kos Puspa Bandung 2404,Bandung,Lengkong,1150000,Campur,Tidak,Ya,Ya,Ya,Ya,Ya,Tidak,Ya,Tidak,Ya,Ya,Ya,Tidak
2405,Kos Harmoni Bandung 2405,Bandung,Buahbatu,1650000,Campur,Ya,Ya,Tidak,Ya,Ya,Ya,Tidak,Ya,Tidak,Ya,Ya,Ya,Ya
2406,Kos Permata Bandung 2406,Bandung,Sukajadi,1000000,Campur,Ya,Ya,Tidak,Ya,Ya,Tidak,Ya,Ya,Ya,Tidak,Tidak,Ya,Ya
2407,Kos Wijaya Bandung 2407,Bandung,Sukajadi,750000,Putra,Ya,Tidak,Tidak,Ya,Ya,Ya,Ya,Ya,Tidak,Tidak,Ya,Ya,Ya
2408,Kos Nusantara Bandung 2408,Bandung,Coblong,1650000,Campur,Ya,Ya,Tidak,Ya,Ya,Tidak,Ya,Ya,Tidak,Ya,Tidak,Tidak,Tidak
2409,Kos Wijaya Bandung 2409,Bandung,Lengkong,1200000,Putri,Ya,Ya,Tidak,Ya,Ya,Tidak,Tidak,Ya,Tidak,Ya,Tidak,Ya,Ya
2410,Kos Mawar Bandung 2410,Bandung,Cicendo,950000,Campur,Ya,Ya,Tidak,Ya,Ya,Tidak,Ya,Ya,Tidak,Ya,Ya,Ya,Tidak
2411,Kos Harmoni Bandung 2411,Bandung,Sukajadi,1000000,Putra,Ya,Tidak,Ya,Ya,Ya,Tidak,Ya,Ya,Ya,Tidak,Tidak,Ya,Ya
2412,Kos Nusantara Bandung 2412,Bandung,Sukajadi,900000,Putri,Ya,Tidak,Ya,Ya,Ya,Ya,Ya,Ya,Tidak,Tidak,Ya,Ya,Ya
2413,Kos Harmoni Bandung 2413,Bandung,Lengkong,1850000,Campur,Ya,Tidak,Ya,Ya,Ya,Ya,Ya,Ya,Tidak,Tidak,Ya,Ya,Ya
2414,Kos Harmoni Bandung 2414,Bandung,Sukajadi,1800000,Campur,Ya,Ya,Tidak,Ya,Ya,Tidak,Ya,Ya,Tidak,Tidak,Tidak,Tidak,Ya
2415,Kos Kenanga Bandung 2415,Bandung,Cicendo,1550000,Putri,Ya,Ya,Tidak,Ya,Ya,Tidak,Ya,Ya,Tidak,Ya,Tidak,Ya,Ya
2416,Kos Cendana Bandung 2416,Bandung,Coblong,2400000,Putri,Ya,Ya,Ya,Ya,Ya,Ya,Ya,Ya,Tidak,Tidak,Tidak,Tidak,Ya
2417,Kos Cendana Bandung 2417,Bandung,Cicendo,2250000,Putri,Ya,Ya,Tidak,Ya,Ya,Ya,Tidak,Ya,Tidak,Ya,Ya,Ya,Tidak
2418,Kos Wijaya Bandung 2418,Bandung,Lengkong,1450000,Campur,Ya,Ya,Tidak,Ya,Ya,Ya,Ya,Ya,Tidak,Ya,Ya,Ya,Ya
2419,Kos Sakura Bandung 2419,Bandung,Buahbatu,1050000,Putri,Ya,Tidak,Ya,Ya,Ya,Ya,Ya,Tidak,Tidak,Tidak,Ya,Tidak,Tidak
2420,Kos Anggrek Bandung 2420,Bandung,Coblong,1500000,Putri,Ya,Ya,Ya,Ya,Ya,Ya,Tidak,Ya,Tidak,Ya,Tidak,Ya,Ya
2421,Kos Mawar Bandung 2421,Bandung,Buahbatu,2400000,Campur,Ya,Ya,Ya,Ya,Ya,Ya,Ya,Ya,Tidak,Tidak,Ya,Tidak,Ya
2422,Kos Cendana Bandung 2422,Bandung,Cicendo,1650000,Putri,Tidak,Tidak,Tidak,Ya,Ya,Tidak,Ya,Ya,Tidak,Ya,Tidak,Ya,Ya
2423,Kos Wijaya Bandung 2423,Bandung,Coblong,2050000,Putra,Ya,Tidak,Tidak,Ya,Ya,Ya,Ya,Ya,Tidak,Ya,Ya,Tidak,Tidak
2424,Kos Melati Bandung 2424,Bandung,Buahbatu,950000,Campur,Ya,Ya,Ya,Ya,Ya,Ya,Ya,Ya,Ya,Ya,Ya,Ya,Ya
2425,Kos Mawar Bandung 2425,Bandung,Lengkong,700000,Putra,Ya,Tidak,Ya,Ya,Ya,Ya,Tidak,Ya,Ya,Tidak,Tidak,Ya,Tidak
2426,Kos Permata Bandung 2426,Bandung,Cicendo,1000000,Campur,Ya,Ya,Ya,Ya,Ya,Ya,Ya,Ya,Ya,Ya,Ya,Ya,Ya
2427,Kos Amanah Bandung 2427,Bandung,Lengkong,2400000,Putra,Ya,Ya,Tidak,Ya,Ya,Tidak,Tidak,Ya,Ya,Tidak,Ya,Ya,Ya
2428,Kos Cendana Bandung 2428,Bandung,Sukajadi,2200000,Campur,Ya,Tidak,Tidak,Ya,Ya,Ya,Ya,Ya,Tidak,Ya,Tidak,Ya,Ya
2429,Kos Amanah Bandung 2429,Bandung,Buahbatu,2250000,Putri,Ya,Tidak,Ya,Ya,Ya,Ya,Ya,Ya,Tidak,Ya,Ya,Ya,Ya
2430,Kos Puspa Bandung 2430,Bandung,Coblong,950000,Putra,Ya,Ya,Ya,Ya,Ya,Ya,Tidak,Ya,Tidak,Ya,Tidak,Ya,Ya
2431,Kos Nusantara Bandung 2431,Bandung,Lengkong,2050000,Putri,Ya,Ya,Ya,Ya,Tidak,Ya,Ya,Ya,Tidak,Ya,Ya,Ya,Ya
2432,Kos Cendana Bandung 2432,Bandung,Cicendo,800000,Campur,Ya,Ya,Ya,Ya,Ya,Tidak,Tidak,Ya,Ya,Tidak,Ya,Ya,Tidak
2433,Kos Cendana Bandung 2433,Bandung,Sukajadi,1850000,Putra,Ya,Ya,Tidak,Ya,Ya,Tidak,Tidak,Ya,Tidak,Tidak,Ya,Ya,Ya
2434,Kos Harmoni Bandung 2434,Bandung,Buahbatu,2100000,Campur,Ya,Tidak,Ya,Ya,Ya,Ya,Ya,Ya,Tidak,Ya,Ya,Ya,Ya
2435,Kos Kenanga Bandung 2435,Bandung,Coblong,1400000,Putri,Ya,Ya,Tidak,Ya,Ya,Ya,Ya,Ya,Tidak,Ya,Ya,Tidak,Ya
2436,Kos Wijaya Bandung 2436,Bandung,Buahbatu,1050000,Putri,Ya,Ya,Tidak,Ya,Ya,Ya,Tidak,Ya,Tidak,Ya,Tidak,Ya,Ya
2437,Kos Anggrek Bandung 2437,Bandung,Lengkong,1000000,Campur,Ya,Tidak,Ya,Ya,Ya,Ya,Ya,Ya,Tidak,Ya,Ya,Tidak,Tidak
2438,Kos Permata Bandung 2438,Bandung,Buahbatu,2300000,Putri,Ya,Tidak,Tidak,Ya,Ya,Ya,Tidak,Ya,Ya,Ya,Ya,Tidak,Tidak
2439,Kos Sakura Bandung 2439,Bandung,Lengkong,1050000,Putra,Ya,Tidak,Ya,Ya,Ya,Ya,Ya,Ya,Tidak,Ya,Tidak,Ya,Ya
2440,Kos Melati Bandung 2440,Bandung,Coblong,1750000,Putri,Ya,Ya,Tidak,Ya,Ya,Tidak,Ya,Ya,Tidak,Ya,Tidak,Ya,Tidak
2441,Kos Mawar Bandung 2441,Bandung,Buahbatu,1100000,Putra,Ya,Tidak,Ya,Ya,Ya,Ya,Ya,Ya,Tidak,Ya,Tidak,Ya,Ya
2442,Kos Permata Bandung 2442,Bandung,Buahbatu,800000,Campur,Ya,Ya,Tidak,Ya,Ya,Ya,Tidak,Ya,Tidak,Tidak,Ya,Ya,Tidak
2443,Kos Nusantara Bandung 2443,Bandung,Sukajadi,1450000,Putra,Ya,Tidak,Ya,Ya,Ya,Ya,Ya,Ya,Tidak,Tidak,Tidak,Ya,Ya
2444,Kos Mawar Bandung 2444,Bandung,Coblong,800000,Putra,Ya,Tidak,Tidak,Ya,Ya,Ya,Tidak,Ya,Tidak,Tidak,Ya,Ya,Ya
2445,Kos Anggrek Bandung 2445,Bandung,Coblong,1650000,Putra,Ya,Tidak,Tidak,Ya,Ya,Ya,Tidak,Ya,Tidak,Tidak,Tidak,Ya,Ya
2446,Kos Wijaya Bandung 2446,Bandung,Buahbatu,2450000,Putra,Ya,Ya,Ya,Ya,Ya,Ya,Ya,Ya,Tidak,Tidak,Tidak,Ya,Ya
2447,Kos Sakura Bandung 2447,Bandung,Lengkong,2100000,Putra,Ya,Ya,Tidak,Ya,Ya,Ya,Tidak,Ya,Tidak,Ya,Ya,Ya,Ya
2448,Kos Amanah Bandung 2448,Bandung,Buahbatu,1650000,Putri,Ya,Ya,Ya,Ya,Ya,Ya,Ya,Ya,Tidak,Ya,Tidak,Tidak,Ya
2449,Kos Wijaya Bandung 2449,Bandung,Coblong,1550000,Putra,Ya,Tidak,Tidak,Ya,Ya,Ya,Ya,Ya,Ya,Ya,Tidak,Tidak,Ya
2450,Kos Kenanga Bandung 2450,Bandung,Lengkong,2300000,Putri,Tidak,Tidak,Ya,Ya,Ya,Ya,Ya,Ya,Ya,Ya,Tidak,Ya,Ya
2451,Kos Amanah Bandung 2451,Bandung,Buahbatu,800000,Putra,Ya,Tidak,Ya,Ya,Ya,Tidak,Ya,Ya,Tidak,Tidak,Tidak,Tidak,Tidak
2452,Kos Amanah Bandung 2452,Bandung,Cicendo,700000,Putri,Ya,Tidak,Ya,Ya,Ya,Tidak,Tidak,Ya,Tidak,Tidak,Tidak,Ya,Ya
2453,Kos Anggrek Bandung 2453,Bandung,Lengkong,1900000,Putra,Ya,Tidak,Ya,Ya,Ya,Tidak,Tidak,Ya,Ya,Tidak,Ya,Ya,Ya
2454,Kos Kenanga Bandung 2454,Bandung,Sukajadi,1850000,Campur,Ya,Tidak,Ya,Ya,Ya,Ya,Ya,Tidak,Tidak,Ya,Ya,Ya,Ya
2455,Kos Melati Bandung 2455,Bandung,Sukajadi,1950000,Putra,Ya,Ya,Ya,Ya,Ya,Ya,Ya,Ya,Tidak,Tidak,Ya,Ya,Ya
2456,Kos Wijaya Bandung 2456,Bandung,Sukajadi,2100000,Putri,Ya,Tidak,Ya,Ya,Ya,Ya,Tidak,Ya,Tidak,Ya,Ya,Ya,Ya
2457,Kos Nusantara Bandung 2457,Bandung,Cicendo,1600000,Putri,Ya,Ya,Ya,Ya,Ya,Tidak,Tidak,Ya,Tidak,Tidak,Tidak,Ya,Ya
2458,Kos Wijaya Bandung 2458,Bandung,Cicendo,2300000,Putra,Ya,Tidak,Ya,Ya,Ya,Tidak,Ya,Ya,Tidak,Ya,Tidak,Tidak,Tidak
2459,Kos Nusantara Bandung 2459,Bandung,Sukajadi,1000000,Putri,Ya,Tidak,Ya,Ya,Ya,Ya,Tidak,Ya,Tidak,Ya,Ya,Ya,Ya
2460,Kos Cendana Bandung 2460,Bandung,Coblong,1000000,Putri,Ya,Ya,Ya,Ya,Ya,Ya,Ya,Ya,Ya,Ya,Tidak,Tidak,Tidak
2461,Kos Anggrek Bandung 2461,Bandung,Sukajadi,900000,Putra,Ya,Tidak,Ya,Ya,Ya,Ya,Tidak,Ya,Ya,Tidak,Tidak,Tidak,Ya
2462,Kos Wijaya Bandung 2462,Bandung,Cicendo,700000,Putri,Ya,Tidak,Tidak,Ya,Ya,Ya,Ya,Ya,Tidak,Ya,Ya,Tidak,Ya
2463,Kos Permata Bandung 2463,Bandung,Buahbatu,1100000,Putra,Ya,Ya,Ya,Ya,Ya,Ya,Tidak,Ya,Tidak,Ya,Ya,Tidak,Ya
2464,Kos Wijaya Bandung 2464,Bandung,Sukajadi,900000,Putra,Tidak,Ya,Tidak,Ya,Ya,Ya,Tidak,Ya,Tidak,Ya,Tidak,Ya,Ya
2465,Kos Puspa Bandung 2465,Bandung,Cicendo,1800000,Putra,Ya,Ya,Tidak,Ya,Ya,Tidak,Ya,Ya,Tidak,Tidak,Tidak,Ya,Ya
2466,Kos Mawar Bandung 2466,Bandung,Cicendo,1400000,Putri,Tidak,Tidak,Ya,Ya,Ya,Tidak,Ya,Ya,Tidak,Tidak,Tidak,Tidak,Ya
2467,Kos Nusantara Bandung 2467,Bandung,Cicendo,1250000,Putri,Ya,Tidak,Tidak,Ya,Ya,Ya,Ya,Ya,Tidak,Tidak,Tidak,Ya,Ya
2468,Kos Sakura Bandung 2468,Bandung,Coblong,1400000,Putra,Ya,Ya,Ya,Ya,Ya,Ya,Ya,Ya,Tidak,Ya,Tidak,Ya,Ya
2469,Kos Melati Bandung 2469,Bandung,Lengkong,1450000,Putri,Ya,Ya,Ya,Ya,Ya,Ya,Tidak,Ya,Tidak,Tidak,Ya,Tidak,Ya
2470,Kos Amanah Bandung 2470,Bandung,Buahbatu,1250000,Putri,Tidak,Tidak,Tidak,Ya,Ya,Ya,Tidak,Ya,Tidak,Ya,Tidak,Ya,Ya
2471,Kos Anggrek Bandung 2471,Bandung,Buahbatu,1450000,Putri,Ya,Ya,Ya,Ya,Tidak,Tidak,Ya,Ya,Tidak,Tidak,Ya,Ya,Tidak
2472,Kos Harmoni Bandung 2472,Bandung,Lengkong,2300000,Putra,Ya,Ya,Tidak,Ya,Ya,Tidak,Ya,Ya,Ya,Ya,Ya,Ya,Ya
2473,Kos Harmoni Bandung 2473,Bandung,Lengkong,1250000,Putra,Ya,Ya,Tidak,Ya,Ya,Ya,Ya,Ya,Ya,Ya,Ya,Tidak,Ya
2474,Kos Harmoni Bandung 2474,Bandung,Coblong,1900000,Putra,Tidak,Ya,Ya,Ya,Tidak,Ya,Ya,Ya,Tidak,Ya,Tidak,Ya,Tidak
2475,Kos Anggrek Bandung 2475,Bandung,Coblong,2500000,Putri,Ya,Tidak,Ya,Ya,Ya,Ya,Ya,Ya,Tidak,Tidak,Ya,Tidak,Ya
2476,Kos Harmoni Bandung 2476,Bandung,Lengkong,1850000,Putra,Ya,Tidak,Tidak,Ya,Ya,Tidak,Tidak,Ya,Tidak,Tidak,Tidak,Ya,Ya
2477,Kos Mawar Bandung 2477,Bandung,Cicendo,2000000,Putra,Ya,Ya,Ya,Ya,Ya,Ya,Ya,Ya,Tidak,Tidak,Tidak,Ya,Tidak
2478,Kos Harmoni Bandung 2478,Bandung,Sukajadi,1100000,Putri,Ya,Ya,Tidak,Ya,Tidak,Ya,Ya,Ya,Ya,Ya,Ya,Ya,Ya
2479,Kos Nusantara Bandung 2479,Bandung,Buahbatu,1050000,Putri,Ya,Tidak,Tidak,Ya,Ya,Ya,Tidak,Ya,Tidak,Ya,Tidak,Tidak,Ya
2480,Kos Kenanga Bandung 2480,Bandung,Lengkong,1650000,Campur,Ya,Tidak,Ya,Ya,Tidak,Ya,Tidak,Ya,Tidak,Tidak,Ya,Ya,Tidak
2481,Kos Wijaya Bandung 2481,Bandung,Buahbatu,1700000,Putra,Ya,Ya,Tidak,Ya,Ya,Ya,Tidak,Ya,Tidak,Ya,Tidak,Tidak,Tidak
2482,Kos Melati Bandung 2482,Bandung,Cicendo,750000,Putri,Tidak,Tidak,Tidak,Ya,Ya,Tidak,Ya,Ya,Ya,Tidak,Ya,Ya,Tidak
2483,Kos Harmoni Bandung 2483,Bandung,Lengkong,2200000,Putri,Ya,Tidak,Ya,Ya,Ya,Ya,Ya,Ya,Tidak,Tidak,Tidak,Ya,Ya
2484,Kos Mawar Bandung 2484,Bandung,Cicendo,2450000,Campur,Ya,Tidak,Ya,Ya,Ya,Ya,Tidak,Ya,Tidak,Tidak,Ya,Ya,Ya
2485,Kos Amanah Bandung 2485,Bandung,Lengkong,1600000,Putri,Ya,Ya,Ya,Ya,Ya,Ya,Tidak,Ya,Tidak,Tidak,Tidak,Tidak,Ya
2486,Kos Wijaya Bandung 2486,Bandung,Buahbatu,1500000,Putri,Tidak,Ya,Tidak,Ya,Ya,Ya,Tidak,Ya,Tidak,Tidak,Ya,Tidak,Tidak
2487,Kos Amanah Bandung 2487,Bandung,Lengkong,2050000,Putra,Ya,Tidak,Tidak,Ya,Ya,Ya,Tidak,Ya,Ya,Tidak,Ya,Ya,Ya
2488,Kos Harmoni Bandung 2488,Bandung,Cicendo,1000000,Campur,Ya,Tidak,Ya,Ya,Ya,Tidak,Ya,Ya,Tidak,Tidak,Tidak,Ya,Ya
2489,Kos Wijaya Bandung 2489,Bandung,Buahbatu,1700000,Putri,Ya,Ya,Ya,Ya,Ya,Ya,Ya,Ya,Tidak,Tidak,Tidak,Ya,Ya
2490,Kos Amanah Bandung 2490,Bandung,Sukajadi,1450000,Putra,Ya,Ya,Tidak,Ya,Ya,Tidak,Ya,Ya,Tidak,Tidak,Ya,Ya,Ya
2491,Kos Anggrek Bandung 2491,Bandung,Sukajadi,900000,Putri,Ya,Tidak,Tidak,Ya,Ya,Ya,Ya,Ya,Ya,Tidak,Tidak,Ya,Tidak
2492,Kos Puspa Bandung 2492,Bandung,Cicendo,1550000,Putri,Ya,Tidak,Tidak,Ya,Ya,Tidak,Tidak,Ya,Ya,Tidak,Ya,Ya,Ya
2493,Kos Nusantara Bandung 2493,Bandung,Sukajadi,1900000,Putri,Ya,Ya,Tidak,Ya,Ya,Tidak,Tidak,Ya,Tidak,Tidak,Ya,Ya,Ya
2494,Kos Nusantara Bandung 2494,Bandung,Cicendo,1250000,Putri,Ya,Tidak,Tidak,Ya,Ya,Ya,Ya,Ya,Tidak,Ya,Tidak,Tidak,Ya
2495,Kos Melati Bandung 2495,Bandung,Cicendo,1750000,Putri,Ya,Tidak,Tidak,Ya,Ya,Ya,Tidak,Ya,Tidak,Tidak,Ya,Ya,Tidak
2496,Kos Cendana Bandung 2496,Bandung,Lengkong,2050000,Putra,Ya,Ya,Tidak,Ya,Ya,Ya,Ya,Ya,Tidak,Ya,Ya,Ya,Tidak
2497,Kos Nusantara Bandung 2497,Bandung,Cicendo,1500000,Putra,Ya,Ya,Ya,Ya,Tidak,Ya,Ya,Ya,Tidak,Ya,Ya,Ya,Ya
2498,Kos Puspa Bandung 2498,Bandung,Buahbatu,1600000,Putra,Ya,Tidak,Ya,Ya,Ya,Ya,Ya,Ya,Ya,Ya,Ya,Ya,Ya
2499,Kos Anggrek Bandung 2499,Bandung,Lengkong,2450000,Putri,Ya,Tidak,Ya,Ya,Ya,Ya,Tidak,Ya,Tidak,Tidak,Tidak,Ya,Tidak
2500,Kos Permata Bandung 2500,Bandung,Coblong,1100000,Putri,Ya,Tidak,Tidak,Ya,Ya,Ya,Ya,Ya,Tidak,Ya,Ya,Tidak,Ya
2501,Kos Kenanga Bandung 2501,Bandung,Cicendo,2500000,Putra,Ya,Ya,Ya,Ya,Ya,Ya,Tidak,Ya,Ya,Ya,Ya,Tidak,Ya
2502,Kos Harmoni Bandung 2502,Bandung,Buahbatu,1700000,Campur,Ya,Tidak,Ya,Ya,Ya,Ya,Ya,Ya,Ya,Ya,Ya,Ya,Ya
2503,Kos Amanah Bandung 2503,Bandung,Buahbatu,1350000,Putri,Ya,Ya,Tidak,Ya,Ya,Ya,Ya,Ya,Tidak,Ya,Ya,Ya,Ya
2504,Kos Melati Bandung 2504,Bandung,Lengkong,1000000,Putri,Ya,Ya,Tidak,Ya,Ya,Tidak,Ya,Ya,Tidak,Tidak,Tidak,Tidak,Ya
2505,Kos Nusantara Bandung 2505,Bandung,Sukajadi,2400000,Putra,Ya,Ya,Tidak,Ya,Ya,Ya,Ya,Ya,Tidak,Ya,Ya,Ya,Ya
2506,Kos Anggrek Bandung 2506,Bandung,Sukajadi,1800000,Putra,Ya,Ya,Ya,Ya,Ya,Ya,Ya,Ya,Tidak,Ya,Tidak,Tidak,Ya
2507,Kos Cendana Bandung 2507,Bandung,Lengkong,850000,Campur,Tidak,Tidak,Tidak,Ya,Ya,Ya,Ya,Ya,Tidak,Tidak,Tidak,Ya,Tidak
2508,Kos Kenanga Bandung 2508,Bandung,Coblong,1700000,Campur,Ya,Tidak,Ya,Ya,Ya,Tidak,Tidak,Tidak,Tidak,Tidak,Ya,Ya,Ya
2509,Kos Harmoni Bandung 2509,Bandung,Coblong,1000000,Putri,Ya,Ya,Tidak,Ya,Ya,Ya,Ya,Ya,Tidak,Tidak,Tidak,Ya,Tidak
2510,Kos Kenanga Bandung 2510,Bandung,Coblong,1400000,Putri,Tidak,Tidak,Tidak,Ya,Tidak,Tidak,Ya,Ya,Ya,Tidak,Tidak,Tidak,Tidak
2511,Kos Kenanga Bandung 2511,Bandung,Lengkong,2350000,Putra,Ya,Tidak,Ya,Ya,Tidak,Ya,Tidak,Ya,Tidak,Tidak,Tidak,Tidak,Tidak
2512,Kos Anggrek Bandung 2512,Bandung,Coblong,2050000,Campur,Ya,Tidak,Ya,Ya,Ya,Ya,Tidak,Ya,Tidak,Ya,Tidak,Ya,Tidak
2513,Kos Nusantara Bandung 2513,Bandung,Coblong,1800000,Putri,Ya,Tidak,Tidak,Ya,Ya,Tidak,Ya,Ya,Tidak,Tidak,Ya,Tidak,Tidak
2514,Kos Wijaya Bandung 2514,Bandung,Buahbatu,1500000,Putra,Ya,Tidak,Ya,Ya,Ya,Ya,Tidak,Ya,Tidak,Ya,Tidak,Tidak,Tidak
2515,Kos Mawar Bandung 2515,Bandung,Lengkong,950000,Campur,Ya,Tidak,Ya,Ya,Tidak,Ya,Ya,Ya,Tidak,Ya,Tidak,Ya,Ya
2516,Kos Nusantara Bandung 2516,Bandung,Buahbatu,1450000,Putra,Tidak,Tidak,Tidak,Ya,Ya,Tidak,Ya,Ya,Ya,Ya,Ya,Ya,Ya
2517,Kos Kenanga Bandung 2517,Bandung,Lengkong,2050000,Putri,Tidak,Ya,Tidak,Ya,Ya,Ya,Tidak,Ya,Tidak,Ya,Tidak,Ya,Ya
2518,Kos Kenanga Bandung 2518,Bandung,Buahbatu,2100000,Putri,Ya,Ya,Ya,Ya,Ya,Ya,Ya,Ya,Tidak,Ya,Tidak,Ya,Tidak
2519,Kos Nusantara Bandung 2519,Bandung,Cicendo,1750000,Putri,Ya,Ya,Tidak,Ya,Ya,Ya,Tidak,Ya,Ya,Ya,Ya,Tidak,Ya
2520,Kos Mawar Bandung 2520,Bandung,Lengkong,1450000,Putra,Ya,Tidak,Ya,Ya,Ya,Tidak,Ya,Ya,Tidak,Ya,Tidak,Ya,Ya
2521,Kos Permata Bandung 2521,Bandung,Cicendo,1300000,Campur,Tidak,Ya,Tidak,Ya,Ya,Tidak,Ya,Ya,Tidak,Ya,Tidak,Tidak,Tidak
2522,Kos Wijaya Bandung 2522,Bandung,Coblong,2000000,Putri,Ya,Ya,Ya,Ya,Tidak,Ya,Tidak,Ya,Ya,Ya,Tidak,Ya,Ya
2523,Kos Sakura Bandung 2523,Bandung,Buahbatu,900000,Campur,Tidak,Ya,Tidak,Ya,Ya,Tidak,Tidak,Ya,Tidak,Ya,Ya,Tidak,Ya
2524,Kos Amanah Bandung 2524,Bandung,Lengkong,2500000,Putra,Ya,Tidak,Tidak,Ya,Ya,Ya,Tidak,Ya,Tidak,Tidak,Tidak,Ya,Tidak
2525,Kos Kenanga Bandung 2525,Bandung,Cicendo,1450000,Campur,Ya,Tidak,Ya,Ya,Ya,Tidak,Tidak,Ya,Ya,Tidak,Ya,Tidak,Tidak
2526,Kos Amanah Bandung 2526,Bandung,Cicendo,1500000,Campur,Ya,Ya,Tidak,Ya,Ya,Tidak,Ya,Ya,Tidak,Ya,Ya,Ya,Ya
2527,Kos Amanah Bandung 2527,Bandung,Lengkong,2100000,Putri,Ya,Ya,Tidak,Ya,Ya,Ya,Ya,Ya,Ya,Tidak,Ya,Ya,Ya
2528,Kos Permata Bandung 2528,Bandung,Buahbatu,1350000,Putra,Ya,Ya,Tidak,Ya,Ya,Ya,Ya,Ya,Ya,Ya,Ya,Ya,Ya
2529,Kos Nusantara Bandung 2529,Bandung,Sukajadi,2000000,Putri,Ya,Tidak,Tidak,Ya,Ya,Ya,Ya,Ya,Tidak,Tidak,Ya,Ya,Ya
2530,Kos Sakura Bandung 2530,Bandung,Lengkong,750000,Putri,Ya,Tidak,Tidak,Ya,Ya,Ya,Tidak,Ya,Ya,Tidak,Tidak,Ya,Tidak
2531,Kos Permata Bandung 2531,Bandung,Sukajadi,2250000,Putra,Ya,Tidak,Ya,Ya,Ya,Ya,Tidak,Ya,Tidak,Ya,Tidak,Ya,Ya
2532,Kos Anggrek Bandung 2532,Bandung,Lengkong,1250000,Putra,Ya,Tidak,Tidak,Ya,Ya,Tidak,Tidak,Ya,Tidak,Tidak,Tidak,Ya,Ya
2533,Kos Sakura Bandung 2533,Bandung,Cicendo,1900000,Putri,Ya,Ya,Tidak,Ya,Ya,Tidak,Tidak,Ya,Ya,Tidak,Tidak,Ya,Tidak
2534,Kos Harmoni Bandung 2534,Bandung,Cicendo,2050000,Campur,Ya,Tidak,Tidak,Ya,Tidak,Ya,Tidak,Ya,Tidak,Tidak,Tidak,Ya,Ya
2535,Kos Nusantara Bandung 2535,Bandung,Lengkong,800000,Putra,Ya,Tidak,Ya,Ya,Ya,Ya,Ya,Ya,Tidak,Tidak,Tidak,Tidak,Ya
2536,Kos Puspa Bandung 2536,Bandung,Coblong,1050000,Putri,Ya,Tidak,Tidak,Ya,Ya,Ya,Ya,Ya,Tidak,Ya,Ya,Ya,Tidak
2537,Kos Amanah Bandung 2537,Bandung,Buahbatu,850000,Putri,Tidak,Ya,Ya,Ya,Ya,Ya,Tidak,Ya,Ya,Ya,Ya,Ya,Ya
2538,Kos Amanah Bandung 2538,Bandung,Lengkong,1400000,Putra,Ya,Ya,Ya,Ya,Ya,Ya,Ya,Ya,Tidak,Tidak,Tidak,Ya,Tidak
2539,Kos Melati Bandung 2539,Bandung,Coblong,1250000,Putri,Tidak,Tidak,Tidak,Ya,Ya,Ya,Ya,Ya,Ya,Ya,Tidak,Ya,Ya
2540,Kos Melati Bandung 2540,Bandung,Sukajadi,750000,Campur,Ya,Tidak,Ya,Ya,Ya,Ya,Ya,Ya,Tidak,Ya,Ya,Ya,Ya
2541,Kos Kenanga Bandung 2541,Bandung,Sukajadi,2450000,Putri,Ya,Tidak,Tidak,Ya,Tidak,Tidak,Ya,Ya,Tidak,Ya,Tidak,Ya,Ya
2542,Kos Permata Bandung 2542,Bandung,Lengkong,850000,Putri,Ya,Ya,Tidak,Ya,Ya,Tidak,Tidak,Ya,Tidak,Ya,Tidak,Ya,Ya
2543,Kos Anggrek Bandung 2543,Bandung,Lengkong,1300000,Putra,Ya,Tidak,Ya,Ya,Ya,Tidak,Tidak,Ya,Tidak,Ya,Ya,Ya,Ya
2544,Kos Nusantara Bandung 2544,Bandung,Cicendo,1450000,Putri,Ya,Tidak,Ya,Ya,Ya,Ya,Tidak,Ya,Tidak,Ya,Ya,Ya,Ya
2545,Kos Wijaya Bandung 2545,Bandung,Buahbatu,950000,Putra,Ya,Tidak,Tidak,Ya,Ya,Ya,Ya,Ya,Tidak,Ya,Tidak,Ya,Tidak
2546,Kos Harmoni Bandung 2546,Bandung,Coblong,2300000,Putra,Ya,Ya,Tidak,Ya,Ya,Ya,Tidak,Tidak,Tidak,Ya,Tidak,Ya,Ya
2547,Kos Sakura Bandung 2547,Bandung,Cicendo,1850000,Putri,Ya,Ya,Ya,Ya,Ya,Ya,Ya,Ya,Tidak,Tidak,Ya,Ya,Ya
2548,Kos Cendana Bandung 2548,Bandung,Lengkong,1850000,Putri,Tidak,Ya,Ya,Ya,Ya,Ya,Ya,Ya,Ya,Ya,Ya,Tidak,Tidak
2549,Kos Amanah Bandung 2549,Bandung,Lengkong,2000000,Campur,Ya,Tidak,Ya,Ya,Ya,Ya,Ya,Ya,Ya,Tidak,Tidak,Ya,Ya
2550,Kos Permata Bandung 2550,Bandung,Coblong,950000,Campur,Ya,Tidak,Ya,Ya,Tidak,Ya,Tidak,Tidak,Tidak,Ya,Ya,Tidak,Ya
2551,Kos Permata Bandung 2551,Bandung,Lengkong,700000,Campur,Ya,Ya,Tidak,Ya,Ya,Ya,Ya,Ya,Tidak,Tidak,Ya,Tidak,Tidak
2552,Kos Anggrek Bandung 2552,Bandung,Buahbatu,800000,Campur,Ya,Ya,Ya,Ya,Ya,Ya,Ya,Ya,Ya,Tidak,Tidak,Tidak,Ya
2553,Kos Melati Bandung 2553,Bandung,Buahbatu,1700000,Putri,Ya,Ya,Tidak,Ya,Ya,Ya,Tidak,Tidak,Tidak,Ya,Ya,Ya,Ya
2554,Kos Amanah Bandung 2554,Bandung,Cicendo,2050000,Putri,Tidak,Tidak,Tidak,Ya,Ya,Tidak,Ya,Ya,Tidak,Tidak,Tidak,Ya,Tidak
2555,Kos Wijaya Bandung 2555,Bandung,Buahbatu,1500000,Putri,Ya,Ya,Tidak,Ya,Ya,Ya,Ya,Ya,Tidak,Ya,Ya,Tidak,Tidak
2556,Kos Cendana Bandung 2556,Bandung,Buahbatu,1000000,Putri,Ya,Ya,Ya,Ya,Ya,Ya,Tidak,Ya,Tidak,Ya,Tidak,Ya,Ya
2557,Kos Anggrek Bandung 2557,Bandung,Coblong,1500000,Putra,Ya,Tidak,Tidak,Ya,Ya,Ya,Tidak,Ya,Tidak,Tidak,Ya,Tidak,Ya
2558,Kos Nusantara Bandung 2558,Bandung,Lengkong,800000,Putra,Ya,Tidak,Tidak,Ya,Ya,Ya,Tidak,Ya,Ya,Ya,Tidak,Ya,Ya
2559,Kos Melati Bandung 2559,Bandung,Cicendo,2500000,Putri,Ya,Ya,Tidak,Ya,Ya,Tidak,Tidak,Ya,Tidak,Tidak,Tidak,Ya,Ya
2560,Kos Anggrek Bandung 2560,Bandung,Buahbatu,2200000,Putra,Ya,Ya,Tidak,Ya,Ya,Tidak,Tidak,Ya,Tidak,Ya,Tidak,Tidak,Ya
2561,Kos Amanah Bandung 2561,Bandung,Cicendo,700000,Putra,Tidak,Tidak,Tidak,Ya,Ya,Ya,Ya,Ya,Tidak,Tidak,Tidak,Ya,Ya
2562,Kos Anggrek Bandung 2562,Bandung,Cicendo,2050000,Putra,Ya,Ya,Tidak,Ya,Ya,Tidak,Tidak,Ya,Tidak,Ya,Ya,Ya,Tidak
2563,Kos Melati Bandung 2563,Bandung,Lengkong,1350000,Putra,Ya,Tidak,Tidak,Ya,Ya,Ya,Ya,Ya,Tidak,Tidak,Ya,Tidak,Ya
2564,Kos Nusantara Bandung 2564,Bandung,Coblong,2350000,Putri,Ya,Tidak,Ya,Ya,Ya,Tidak,Tidak,Ya,Tidak,Ya,Tidak,Ya,Tidak
2565,Kos Cendana Bandung 2565,Bandung,Coblong,950000,Putra,Ya,Tidak,Ya,Ya,Ya,Tidak,Tidak,Ya,Tidak,Tidak,Tidak,Tidak,Tidak
2566,Kos Melati Bandung 2566,Bandung,Cicendo,1200000,Putri,Ya,Ya,Ya,Ya,Ya,Ya,Ya,Ya,Tidak,Tidak,Ya,Ya,Ya
2567,Kos Melati Bandung 2567,Bandung,Cicendo,2000000,Putra,Ya,Ya,Ya,Ya,Ya,Tidak,Tidak,Ya,Tidak,Tidak,Ya,Ya,Tidak
2568,Kos Cendana Bandung 2568,Bandung,Cicendo,1300000,Campur,Ya,Tidak,Tidak,Ya,Ya,Ya,Tidak,Ya,Tidak,Ya,Tidak,Ya,Tidak
2569,Kos Amanah Bandung 2569,Bandung,Sukajadi,2450000,Putri,Ya,Tidak,Ya,Ya,Ya,Ya,Tidak,Tidak,Tidak,Ya,Ya,Ya,Ya
2570,Kos Harmoni Bandung 2570,Bandung,Buahbatu,1400000,Campur,Ya,Tidak,Tidak,Ya,Ya,Ya,Ya,Ya,Ya,Ya,Ya,Ya,Ya
2571,Kos Wijaya Bandung 2571,Bandung,Lengkong,2500000,Campur,Ya,Ya,Ya,Ya,Ya,Ya,Tidak,Ya,Tidak,Tidak,Tidak,Ya,Tidak
2572,Kos Amanah Bandung 2572,Bandung,Coblong,1100000,Putri,Ya,Ya,Tidak,Ya,Ya,Ya,Tidak,Tidak,Tidak,Tidak,Tidak,Tidak,Ya
2573,Kos Melati Bandung 2573,Bandung,Buahbatu,2400000,Campur,Ya,Ya,Tidak,Ya,Ya,Ya,Tidak,Ya,Tidak,Ya,Tidak,Tidak,Tidak
2574,Kos Mawar Bandung 2574,Bandung,Cicendo,1200000,Putra,Ya,Tidak,Ya,Ya,Ya,Ya,Tidak,Ya,Ya,Ya,Ya,Ya,Ya
2575,Kos Amanah Bandung 2575,Bandung,Buahbatu,2300000,Putri,Ya,Ya,Tidak,Ya,Tidak,Ya,Ya,Ya,Ya,Ya,Ya,Ya,Ya
2576,Kos Melati Bandung 2576,Bandung,Lengkong,1000000,Putra,Ya,Tidak,Ya,Ya,Ya,Ya,Tidak,Ya,Ya,Tidak,Ya,Ya,Ya
2577,Kos Sakura Bandung 2577,Bandung,Cicendo,2000000,Putri,Tidak,Tidak,Ya,Ya,Ya,Tidak,Tidak,Ya,Tidak,Ya,Tidak,Tidak,Ya
2578,Kos Harmoni Bandung 2578,Bandung,Buahbatu,850000,Putri,Ya,Tidak,Tidak,Ya,Ya,Ya,Ya,Ya,Tidak,Ya,Tidak,Ya,Ya
2579,Kos Permata Bandung 2579,Bandung,Lengkong,2400000,Campur,Ya,Ya,Ya,Ya,Ya,Ya,Ya,Ya,Ya,Ya,Tidak,Ya,Ya
2580,Kos Anggrek Bandung 2580,Bandung,Buahbatu,1550000,Putri,Ya,Ya,Ya,Ya,Ya,Tidak,Ya,Ya,Tidak,Tidak,Ya,Ya,Tidak
2581,Kos Puspa Bandung 2581,Bandung,Buahbatu,2200000,Campur,Ya,Tidak,Ya,Ya,Ya,Ya,Tidak,Ya,Tidak,Ya,Tidak,Tidak,Ya
2582,Kos Melati Bandung 2582,Bandung,Buahbatu,1900000,Putra,Ya,Ya,Tidak,Ya,Ya,Ya,Ya,Ya,Ya,Tidak,Tidak,Ya,Tidak
2583,Kos Cendana Bandung 2583,Bandung,Lengkong,2150000,Putra,Ya,Ya,Tidak,Ya,Ya,Ya,Ya,Ya,Tidak,Tidak,Tidak,Ya,Ya
2584,Kos Amanah Bandung 2584,Bandung,Sukajadi,2350000,Putra,Ya,Ya,Ya,Ya,Ya,Ya,Tidak,Ya,Tidak,Ya,Tidak,Ya,Tidak
2585,Kos Mawar Bandung 2585,Bandung,Cicendo,1850000,Putra,Ya,Tidak,Tidak,Ya,Ya,Tidak,Ya,Ya,Ya,Tidak,Tidak,Ya,Ya
2586,Kos Sakura Bandung 2586,Bandung,Buahbatu,900000,Campur,Ya,Ya,Ya,Ya,Ya,Ya,Tidak,Ya,Tidak,Tidak,Ya,Ya,Tidak
2587,Kos Kenanga Bandung 2587,Bandung,Sukajadi,1850000,Putra,Ya,Tidak,Ya,Ya,Ya,Tidak,Ya,Ya,Tidak,Tidak,Tidak,Ya,Ya
2588,Kos Puspa Bandung 2588,Bandung,Cicendo,700000,Putra,Ya,Ya,Tidak,Ya,Ya,Ya,Ya,Ya,Ya,Tidak,Ya,Ya,Tidak
2589,Kos Mawar Bandung 2589,Bandung,Lengkong,2400000,Putra,Ya,Ya,Ya,Ya,Ya,Ya,Ya,Ya,Tidak,Ya,Tidak,Tidak,Ya
2590,Kos Mawar Bandung 2590,Bandung,Cicendo,2050000,Putri,Ya,Tidak,Ya,Ya,Ya,Ya,Tidak,Ya,Tidak,Ya,Ya,Ya,Ya
2591,Kos Amanah Bandung 2591,Bandung,Buahbatu,1250000,Campur,Ya,Ya,Tidak,Ya,Ya,Ya,Tidak,Ya,Tidak,Tidak,Tidak,Ya,Tidak
2592,Kos Anggrek Bandung 2592,Bandung,Cicendo,2400000,Campur,Ya,Ya,Tidak,Ya,Ya,Ya,Ya,Ya,Tidak,Ya,Ya,Tidak,Ya
2593,Kos Puspa Bandung 2593,Bandung,Lengkong,1500000,Putra,Ya,Tidak,Ya,Ya,Ya,Ya,Ya,Tidak,Tidak,Tidak,Ya,Ya,Ya
2594,Kos Amanah Bandung 2594,Bandung,Buahbatu,1550000,Putri,Ya,Tidak,Tidak,Ya,Ya,Tidak,Ya,Ya,Tidak,Ya,Ya,Ya,Tidak
2595,Kos Anggrek Bandung 2595,Bandung,Sukajadi,1700000,Campur,Ya,Tidak,Tidak,Ya,Ya,Ya,Ya,Ya,Ya,Tidak,Tidak,Ya,Tidak
2596,Kos Amanah Bandung 2596,Bandung,Buahbatu,1550000,Putra,Ya,Ya,Ya,Ya,Ya,Ya,Ya,Ya,Tidak,Ya,Tidak,Ya,Tidak
2597,Kos Puspa Bandung 2597,Bandung,Sukajadi,1300000,Campur,Ya,Ya,Tidak,Ya,Ya,Ya,Ya,Ya,Tidak,Tidak,Tidak,Ya,Tidak
2598,Kos Harmoni Bandung 2598,Bandung,Lengkong,1950000,Putri,Ya,Tidak,Ya,Ya,Ya,Ya,Ya,Ya,Tidak,Ya,Ya,Ya,Ya
2599,Kos Mawar Bandung 2599,Bandung,Cicendo,800000,Putra,Ya,Tidak,Tidak,Ya,Ya,Ya,Tidak,Ya,Tidak,Tidak,Ya,Ya,Ya
2600,Kos Mawar Bandung 2600,Bandung,Coblong,1000000,Putri,Ya,Tidak,Ya,Ya,Ya,Ya,Tidak,Ya,Tidak,Ya,Tidak,Ya,Tidak
2601,Kos Permata Bandung 2601,Bandung,Cicendo,1650000,Campur,Ya,Tidak,Tidak,Ya,Ya,Tidak,Tidak,Ya,Ya,Ya,Tidak,Ya,Ya
2602,Kos Harmoni Bandung 2602,Bandung,Coblong,2250000,Campur,Ya,Ya,Tidak,Ya,Ya,Ya,Tidak,Ya,Tidak,Tidak,Tidak,Tidak,Tidak
2603,Kos Melati Bandung 2603,Bandung,Coblong,2250000,Putra,Ya,Ya,Tidak,Ya,Ya,Tidak,Ya,Ya,Ya,Ya,Tidak,Ya,Ya
2604,Kos Puspa Bandung 2604,Bandung,Lengkong,2000000,Putra,Ya,Ya,Tidak,Ya,Ya,Tidak,Ya,Ya,Tidak,Tidak,Tidak,Ya,Ya
2605,Kos Cendana Bandung 2605,Bandung,Lengkong,2500000,Campur,Tidak,Tidak,Tidak,Ya,Ya,Ya,Ya,Ya,Tidak,Tidak,Ya,Tidak,Ya
2606,Kos Kenanga Bandung 2606,Bandung,Coblong,1800000,Campur,Ya,Tidak,Tidak,Ya,Ya,Tidak,Ya,Ya,Tidak,Ya,Ya,Tidak,Ya
2607,Kos Permata Bandung 2607,Bandung,Sukajadi,1100000,Putri,Ya,Tidak,Tidak,Ya,Ya,Tidak,Tidak,Ya,Tidak,Ya,Tidak,Tidak,Ya
2608,Kos Amanah Bandung 2608,Bandung,Lengkong,850000,Putra,Ya,Tidak,Ya,Ya,Ya,Ya,Tidak,Tidak,Tidak,Ya,Tidak,Ya,Tidak
2609,Kos Permata Bandung 2609,Bandung,Lengkong,1000000,Putri,Ya,Ya,Ya,Ya,Ya,Ya,Ya,Ya,Tidak,Ya,Tidak,Tidak,Ya
2610,Kos Harmoni Bandung 2610,Bandung,Coblong,1900000,Putri,Ya,Ya,Tidak,Ya,Ya,Ya,Ya,Ya,Tidak,Ya,Ya,Ya,Ya
2611,Kos Mawar Bandung 2611,Bandung,Lengkong,1850000,Putri,Ya,Ya,Ya,Ya,Ya,Ya,Ya,Tidak,Ya,Tidak,Tidak,Ya,Ya
2612,Kos Harmoni Bandung 2612,Bandung,Lengkong,1350000,Campur,Ya,Ya,Tidak,Ya,Ya,Tidak,Ya,Ya,Tidak,Ya,Tidak,Ya,Tidak
2613,Kos Anggrek Bandung 2613,Bandung,Cicendo,2400000,Putri,Ya,Tidak,Ya,Ya,Ya,Tidak,Ya,Ya,Ya,Tidak,Tidak,Ya,Ya
2614,Kos Wijaya Bandung 2614,Bandung,Lengkong,1150000,Putra,Ya,Ya,Ya,Ya,Ya,Ya,Tidak,Ya,Ya,Tidak,Ya,Ya,Ya
2615,Kos Amanah Bandung 2615,Bandung,Coblong,1850000,Campur,Ya,Ya,Ya,Ya,Ya,Tidak,Ya,Ya,Tidak,Tidak,Ya,Ya,Tidak
2616,Kos Anggrek Bandung 2616,Bandung,Cicendo,1150000,Putra,Ya,Tidak,Tidak,Ya,Ya,Ya,Ya,Ya,Tidak,Tidak,Tidak,Tidak,Ya
2617,Kos Permata Bandung 2617,Bandung,Lengkong,1200000,Putri,Ya,Tidak,Ya,Ya,Ya,Ya,Ya,Tidak,Tidak,Tidak,Ya,Tidak,Ya
2618,Kos Cendana Bandung 2618,Bandung,Sukajadi,2300000,Campur,Ya,Tidak,Tidak,Ya,Ya,Ya,Ya,Ya,Tidak,Ya,Ya,Tidak,Tidak
2619,Kos Anggrek Bandung 2619,Bandung,Sukajadi,2200000,Campur,Ya,Tidak,Tidak,Ya,Ya,Ya,Ya,Ya,Ya,Tidak,Ya,Ya,Tidak
2620,Kos Harmoni Bandung 2620,Bandung,Coblong,1350000,Putri,Ya,Tidak,Tidak,Ya,Tidak,Tidak,Ya,Ya,Ya,Tidak,Ya,Ya,Ya
2621,Kos Mawar Bandung 2621,Bandung,Sukajadi,2250000,Putri,Ya,Ya,Ya,Ya,Ya,Tidak,Tidak,Ya,Tidak,Tidak,Ya,Tidak,Tidak
2622,Kos Anggrek Bandung 2622,Bandung,Sukajadi,2300000,Campur,Ya,Tidak,Tidak,Ya,Ya,Tidak,Tidak,Ya,Tidak,Ya,Ya,Ya,Ya
2623,Kos Amanah Bandung 2623,Bandung,Buahbatu,1200000,Putri,Ya,Tidak,Ya,Ya,Ya,Ya,Ya,Ya,Tidak,Tidak,Tidak,Ya,Tidak
2624,Kos Sakura Bandung 2624,Bandung,Lengkong,1350000,Putri,Tidak,Tidak,Tidak,Ya,Ya,Tidak,Ya,Ya,Tidak,Ya,Ya,Ya,Tidak
2625,Kos Nusantara Bandung 2625,Bandung,Buahbatu,1900000,Putri,Ya,Tidak,Ya,Ya,Ya,Ya,Ya,Ya,Tidak,Tidak,Ya,Tidak,Ya
2626,Kos Sakura Bandung 2626,Bandung,Cicendo,2100000,Campur,Ya,Tidak,Tidak,Ya,Ya,Ya,Ya,Ya,Ya,Ya,Tidak,Tidak,Tidak
2627,Kos Permata Bandung 2627,Bandung,Coblong,750000,Campur,Ya,Ya,Tidak,Ya,Ya,Ya,Ya,Ya,Tidak,Ya,Ya,Ya,Ya
2628,Kos Wijaya Bandung 2628,Bandung,Cicendo,1900000,Campur,Ya,Tidak,Ya,Ya,Tidak,Ya,Ya,Ya,Tidak,Ya,Ya,Tidak,Ya
2629,Kos Amanah Bandung 2629,Bandung,Lengkong,2000000,Campur,Tidak,Tidak,Ya,Ya,Ya,Ya,Ya,Ya,Tidak,Ya,Ya,Ya,Tidak
2630,Kos Cendana Bandung 2630,Bandung,Lengkong,750000,Campur,Ya,Tidak,Ya,Ya,Ya,Tidak,Tidak,Ya,Tidak,Tidak,Ya,Ya,Ya
2631,Kos Melati Bandung 2631,Bandung,Cicendo,1750000,Putra,Ya,Ya,Ya,Ya,Ya,Ya,Tidak,Ya,Ya,Ya,Tidak,Ya,Ya
2632,Kos Wijaya Bandung 2632,Bandung,Sukajadi,1300000,Putra,Ya,Ya,Tidak,Ya,Ya,Ya,Tidak,Ya,Ya,Tidak,Tidak,Ya,Ya
2633,Kos Mawar Bandung 2633,Bandung,Lengkong,2500000,Putra,Ya,Tidak,Ya,Ya,Ya,Ya,Tidak,Ya,Tidak,Ya,Ya,Ya,Tidak
2634,Kos Puspa Bandung 2634,Bandung,Cicendo,850000,Putri,Ya,Ya,Tidak,Ya,Ya,Ya,Ya,Ya,Ya,Tidak,Tidak,Ya,Ya
2635,Kos Puspa Bandung 2635,Bandung,Buahbatu,2300000,Campur,Ya,Ya,Ya,Ya,Ya,Ya,Tidak,Ya,Tidak,Tidak,Tidak,Ya,Ya
2636,Kos Nusantara Bandung 2636,Bandung,Sukajadi,700000,Campur,Ya,Tidak,Ya,Ya,Ya,Tidak,Tidak,Ya,Tidak,Ya,Tidak,Tidak,Ya
2637,Kos Harmoni Bandung 2637,Bandung,Cicendo,2100000,Campur,Tidak,Tidak,Ya,Ya,Ya,Ya,Tidak,Ya,Tidak,Ya,Tidak,Tidak,Tidak
2638,Kos Wijaya Bandung 2638,Bandung,Lengkong,1050000,Putri,Ya,Ya,Tidak,Ya,Ya,Tidak,Ya,Ya,Ya,Ya,Tidak,Tidak,Tidak
2639,Kos Cendana Bandung 2639,Bandung,Coblong,1400000,Putra,Ya,Ya,Ya,Ya,Ya,Ya,Ya,Ya,Ya,Ya,Tidak,Ya,Ya
2640,Kos Nusantara Bandung 2640,Bandung,Lengkong,1600000,Putri,Ya,Tidak,Ya,Ya,Ya,Ya,Ya,Ya,Tidak,Ya,Tidak,Ya,Ya
2641,Kos Permata Bandung 2641,Bandung,Coblong,1200000,Putri,Ya,Ya,Tidak,Ya,Ya,Ya,Tidak,Ya,Tidak,Ya,Tidak,Ya,Tidak
2642,Kos Melati Bandung 2642,Bandung,Cicendo,2050000,Campur,Ya,Tidak,Ya,Ya,Ya,Tidak,Tidak,Ya,Tidak,Tidak,Ya,Tidak,Ya
2643,Kos Cendana Bandung 2643,Bandung,Lengkong,2450000,Putra,Ya,Ya,Tidak,Ya,Ya,Tidak,Ya,Tidak,Tidak,Tidak,Ya,Tidak,Ya
2644,Kos Melati Bandung 2644,Bandung,Lengkong,900000,Putri,Tidak,Ya,Tidak,Ya,Ya,Ya,Ya,Ya,Tidak,Ya,Tidak,Ya,Ya
2645,Kos Melati Bandung 2645,Bandung,Buahbatu,1550000,Putri,Ya,Ya,Ya,Ya,Ya,Ya,Ya,Ya,Tidak,Ya,Tidak,Ya,Ya
2646,Kos Puspa Bandung 2646,Bandung,Sukajadi,1150000,Putri,Ya,Tidak,Tidak,Ya,Ya,Ya,Ya,Ya,Ya,Tidak,Tidak,Ya,Ya
2647,Kos Harmoni Bandung 2647,Bandung,Lengkong,1500000,Putri,Ya,Tidak,Ya,Ya,Ya,Ya,Tidak,Ya,Tidak,Ya,Tidak,Ya,Ya
2648,Kos Harmoni Bandung 2648,Bandung,Buahbatu,2400000,Campur,Ya,Ya,Tidak,Ya,Ya,Ya,Tidak,Ya,Tidak,Tidak,Tidak,Ya,Tidak
2649,Kos Anggrek Bandung 2649,Bandung,Sukajadi,1400000,Putra,Ya,Ya,Tidak,Ya,Ya,Tidak,Ya,Ya,Tidak,Tidak,Ya,Ya,Tidak
2650,Kos Harmoni Bandung 2650,Bandung,Lengkong,750000,Putra,Ya,Tidak,Ya,Ya,Ya,Ya,Tidak,Ya,Tidak,Ya,Ya,Ya,Ya
2651,Kos Sakura Bandung 2651,Bandung,Buahbatu,1900000,Putra,Ya,Tidak,Ya,Ya,Ya,Ya,Tidak,Ya,Tidak,Tidak,Ya,Ya,Ya
2652,Kos Amanah Bandung 2652,Bandung,Sukajadi,1900000,Putra,Ya,Tidak,Tidak,Ya,Ya,Tidak,Tidak,Ya,Tidak,Tidak,Tidak,Ya,Ya
2653,Kos Melati Bandung 2653,Bandung,Lengkong,1300000,Campur,Ya,Ya,Ya,Ya,Ya,Ya,Tidak,Tidak,Tidak,Tidak,Tidak,Ya,Ya
2654,Kos Nusantara Bandung 2654,Bandung,Buahbatu,2300000,Putri,Ya,Ya,Ya,Ya,Ya,Tidak,Tidak,Ya,Tidak,Tidak,Ya,Tidak,Tidak
2655,Kos Sakura Bandung 2655,Bandung,Buahbatu,2450000,Putri,Ya,Tidak,Ya,Ya,Tidak,Tidak,Ya,Ya,Tidak,Tidak,Tidak,Tidak,Ya
2656,Kos Permata Bandung 2656,Bandung,Cicendo,1900000,Putra,Ya,Ya,Ya,Ya,Ya,Ya,Tidak,Ya,Tidak,Ya,Tidak,Ya,Ya
2657,Kos Permata Bandung 2657,Bandung,Lengkong,1100000,Putri,Ya,Ya,Tidak,Ya,Ya,Ya,Ya,Ya,Tidak,Tidak,Tidak,Tidak,Tidak
2658,Kos Puspa Bandung 2658,Bandung,Lengkong,1750000,Putra,Ya,Ya,Ya,Ya,Ya,Ya,Tidak,Tidak,Ya,Tidak,Tidak,Tidak,Ya
2659,Kos Amanah Bandung 2659,Bandung,Buahbatu,1850000,Putri,Tidak,Tidak,Tidak,Ya,Ya,Ya,Ya,Ya,Tidak,Tidak,Tidak,Ya,Tidak
2660,Kos Mawar Bandung 2660,Bandung,Buahbatu,1900000,Putri,Ya,Ya,Ya,Ya,Ya,Ya,Ya,Ya,Tidak,Tidak,Tidak,Tidak,Ya
2661,Kos Wijaya Bandung 2661,Bandung,Coblong,2350000,Putra,Ya,Ya,Ya,Ya,Ya,Ya,Tidak,Ya,Tidak,Tidak,Tidak,Tidak,Ya
2662,Kos Cendana Bandung 2662,Bandung,Buahbatu,1600000,Putra,Ya,Ya,Ya,Ya,Ya,Ya,Tidak,Ya,Ya,Tidak,Ya,Ya,Ya
2663,Kos Cendana Bandung 2663,Bandung,Sukajadi,900000,Putri,Ya,Ya,Tidak,Ya,Ya,Ya,Ya,Ya,Tidak,Tidak,Tidak,Tidak,Ya
2664,Kos Wijaya Bandung 2664,Bandung,Buahbatu,1500000,Putra,Ya,Tidak,Ya,Ya,Ya,Ya,Ya,Ya,Tidak,Tidak,Tidak,Ya,Tidak
2665,Kos Sakura Bandung 2665,Bandung,Cicendo,1800000,Putri,Ya,Tidak,Tidak,Ya,Ya,Ya,Tidak,Ya,Ya,Ya,Tidak,Tidak,Ya
2666,Kos Sakura Bandung 2666,Bandung,Cicendo,1700000,Putri,Ya,Ya,Ya,Ya,Ya,Ya,Ya,Ya,Ya,Tidak,Ya,Ya,Ya
2667,Kos Melati Bandung 2667,Bandung,Buahbatu,2500000,Putra,Ya,Tidak,Tidak,Ya,Ya,Ya,Ya,Ya,Tidak,Ya,Ya,Ya,Tidak
2668,Kos Sakura Bandung 2668,Bandung,Sukajadi,2400000,Putri,Ya,Ya,Tidak,Ya,Ya,Tidak,Ya,Ya,Tidak,Tidak,Ya,Ya,Ya
2669,Kos Kenanga Bandung 2669,Bandung,Cicendo,1900000,Putra,Ya,Tidak,Tidak,Ya,Ya,Tidak,Tidak,Ya,Tidak,Tidak,Ya,Ya,Tidak
2670,Kos Wijaya Bandung 2670,Bandung,Sukajadi,1800000,Putra,Ya,Tidak,Ya,Ya,Ya,Ya,Ya,Ya,Tidak,Ya,Tidak,Ya,Ya
2671,Kos Harmoni Bandung 2671,Bandung,Coblong,1850000,Putri,Tidak,Ya,Ya,Ya,Ya,Ya,Ya,Tidak,Ya,Tidak,Tidak,Ya,Ya
2672,Kos Kenanga Bandung 2672,Bandung,Coblong,2200000,Putra,Ya,Tidak,Ya,Ya,Ya,Ya,Ya,Ya,Ya,Tidak,Tidak,Tidak,Tidak
2673,Kos Amanah Bandung 2673,Bandung,Lengkong,1300000,Putra,Ya,Ya,Tidak,Ya,Ya,Ya,Ya,Ya,Ya,Ya,Tidak,Ya,Tidak
2674,Kos Cendana Bandung 2674,Bandung,Sukajadi,1050000,Putra,Ya,Ya,Tidak,Ya,Ya,Ya,Ya,Ya,Ya,Ya,Ya,Ya,Ya
2675,Kos Wijaya Bandung 2675,Bandung,Lengkong,1200000,Putra,Ya,Tidak,Tidak,Ya,Ya,Ya,Tidak,Tidak,Tidak,Ya,Tidak,Tidak,Tidak
2676,Kos Mawar Bandung 2676,Bandung,Buahbatu,1050000,Campur,Ya,Tidak,Tidak,Ya,Ya,Ya,Ya,Ya,Tidak,Tidak,Tidak,Ya,Ya
2677,Kos Melati Bandung 2677,Bandung,Cicendo,1200000,Putri,Ya,Ya,Tidak,Ya,Ya,Tidak,Ya,Ya,Tidak,Ya,Tidak,Tidak,Ya
2678,Kos Amanah Bandung 2678,Bandung,Sukajadi,700000,Putra,Ya,Tidak,Tidak,Ya,Ya,Ya,Ya,Ya,Tidak,Tidak,Tidak,Ya,Tidak
2679,Kos Kenanga Bandung 2679,Bandung,Lengkong,1150000,Putri,Ya,Tidak,Tidak,Ya,Tidak,Ya,Ya,Ya,Tidak,Ya,Ya,Ya,Ya
2680,Kos Mawar Bandung 2680,Bandung,Coblong,1150000,Putri,Ya,Tidak,Ya,Ya,Ya,Tidak,Tidak,Ya,Ya,Ya,Tidak,Ya,Tidak
2681,Kos Wijaya Bandung 2681,Bandung,Coblong,800000,Campur,Ya,Tidak,Tidak,Ya,Ya,Ya,Tidak,Ya,Tidak,Ya,Ya,Ya,Ya
2682,Kos Amanah Bandung 2682,Bandung,Lengkong,1050000,Putri,Ya,Tidak,Tidak,Ya,Ya,Ya,Ya,Ya,Tidak,Ya,Ya,Tidak,Ya
2683,Kos Cendana Bandung 2683,Bandung,Coblong,2500000,Putra,Ya,Ya,Ya,Ya,Ya,Ya,Tidak,Ya,Ya,Ya,Ya,Ya,Tidak
2684,Kos Harmoni Bandung 2684,Bandung,Buahbatu,1350000,Putra,Tidak,Tidak,Ya,Ya,Ya,Ya,Tidak,Ya,Ya,Tidak,Ya,Ya,Ya
2685,Kos Wijaya Bandung 2685,Bandung,Coblong,1100000,Campur,Ya,Tidak,Tidak,Ya,Ya,Ya,Tidak,Ya,Tidak,Ya,Tidak,Ya,Tidak
2686,Kos Cendana Bandung 2686,Bandung,Lengkong,1800000,Putra,Ya,Tidak,Ya,Ya,Ya,Ya,Tidak,Ya,Tidak,Tidak,Ya,Ya,Tidak
2687,Kos Sakura Bandung 2687,Bandung,Buahbatu,2050000,Putra,Ya,Tidak,Tidak,Ya,Tidak,Ya,Tidak,Tidak,Tidak,Ya,Tidak,Ya,Ya
2688,Kos Nusantara Bandung 2688,Bandung,Buahbatu,2000000,Putra,Ya,Ya,Ya,Ya,Ya,Ya,Ya,Ya,Tidak,Ya,Ya,Ya,Tidak
2689,Kos Mawar Bandung 2689,Bandung,Lengkong,1300000,Putra,Ya,Tidak,Tidak,Ya,Ya,Ya,Tidak,Ya,Tidak,Tidak,Ya,Ya,Tidak
2690,Kos Wijaya Bandung 2690,Bandung,Buahbatu,1150000,Putri,Ya,Ya,Ya,Ya,Ya,Ya,Ya,Ya,Tidak,Ya,Tidak,Ya,Ya
2691,Kos Kenanga Bandung 2691,Bandung,Lengkong,1550000,Putra,Ya,Tidak,Tidak,Ya,Ya,Ya,Tidak,Ya,Tidak,Ya,Ya,Ya,Tidak
2692,Kos Anggrek Bandung 2692,Bandung,Lengkong,2000000,Putri,Ya,Tidak,Tidak,Ya,Ya,Ya,Ya,Ya,Ya,Tidak,Ya,Tidak,Tidak
2693,Kos Mawar Bandung 2693,Bandung,Sukajadi,950000,Putri,Ya,Tidak,Ya,Ya,Ya,Ya,Tidak,Ya,Tidak,Ya,Tidak,Tidak,Ya
2694,Kos Permata Bandung 2694,Bandung,Sukajadi,1150000,Campur,Tidak,Ya,Ya,Ya,Ya,Tidak,Ya,Tidak,Ya,Ya,Ya,Tidak,Ya
2695,Kos Sakura Bandung 2695,Bandung,Lengkong,1250000,Campur,Ya,Ya,Tidak,Ya,Ya,Ya,Tidak,Ya,Tidak,Tidak,Ya,Ya,Tidak
2696,Kos Permata Bandung 2696,Bandung,Cicendo,1050000,Campur,Ya,Ya,Ya,Ya,Ya,Ya,Ya,Ya,Tidak,Tidak,Ya,Ya,Ya
2697,Kos Harmoni Bandung 2697,Bandung,Lengkong,1650000,Putra,Ya,Ya,Ya,Ya,Ya,Tidak,Ya,Tidak,Ya,Ya,Ya,Ya,Tidak
2698,Kos Sakura Bandung 2698,Bandung,Cicendo,1950000,Putra,Ya,Ya,Ya,Ya,Ya,Tidak,Ya,Tidak,Ya,Tidak,Tidak,Ya,Ya
2699,Kos Melati Bandung 2699,Bandung,Cicendo,1850000,Campur,Ya,Ya,Tidak,Ya,Ya,Tidak,Ya,Ya,Ya,Ya,Tidak,Ya,Tidak
2700,Kos Nusantara Bandung 2700,Bandung,Sukajadi,2450000,Putri,Ya,Tidak,Ya,Ya,Ya,Tidak,Tidak,Ya,Tidak,Tidak,Tidak,Ya,Tidak
2701,Kos Nusantara Bandung 2701,Bandung,Coblong,2350000,Putra,Ya,Ya,Ya,Ya,Ya,Ya,Tidak,Ya,Ya,Tidak,Tidak,Ya,Ya
2702,Kos Harmoni Bandung 2702,Bandung,Lengkong,2500000,Putra,Ya,Ya,Ya,Ya,Ya,Ya,Tidak,Ya,Ya,Ya,Tidak,Ya,Tidak
2703,Kos Permata Bandung 2703,Bandung,Sukajadi,1200000,Putri,Ya,Ya,Ya,Ya,Ya,Tidak,Ya,Ya,Tidak,Tidak,Ya,Ya,Tidak
2704,Kos Wijaya Bandung 2704,Bandung,Cicendo,900000,Putri,Ya,Tidak,Ya,Ya,Ya,Ya,Ya,Ya,Tidak,Tidak,Ya,Tidak,Ya
2705,Kos Nusantara Bandung 2705,Bandung,Lengkong,2350000,Putri,Ya,Ya,Ya,Ya,Ya,Ya,Ya,Ya,Ya,Ya,Tidak,Ya,Ya
2706,Kos Permata Bandung 2706,Bandung,Buahbatu,1400000,Campur,Ya,Tidak,Ya,Ya,Ya,Ya,Ya,Ya,Tidak,Ya,Tidak,Ya,Ya
2707,Kos Wijaya Bandung 2707,Bandung,Buahbatu,2350000,Putri,Tidak,Tidak,Tidak,Ya,Tidak,Tidak,Tidak,Ya,Tidak,Ya,Tidak,Ya,Ya
2708,Kos Sakura Bandung 2708,Bandung,Sukajadi,850000,Campur,Ya,Tidak,Ya,Ya,Ya,Ya,Tidak,Ya,Tidak,Ya,Ya,Tidak,Tidak
2709,Kos Kenanga Bandung 2709,Bandung,Cicendo,1000000,Campur,Ya,Tidak,Ya,Ya,Ya,Ya,Ya,Ya,Tidak,Ya,Ya,Tidak,Ya
2710,Kos Cendana Bandung 2710,Bandung,Cicendo,900000,Putri,Ya,Ya,Tidak,Ya,Ya,Ya,Ya,Ya,Tidak,Ya,Ya,Ya,Ya
2711,Kos Wijaya Bandung 2711,Bandung,Buahbatu,2500000,Campur,Ya,Tidak,Tidak,Ya,Ya,Ya,Tidak,Tidak,Ya,Tidak,Tidak,Ya,Tidak
2712,Kos Nusantara Bandung 2712,Bandung,Lengkong,2000000,Campur,Ya,Ya,Ya,Ya,Ya,Ya,Ya,Ya,Tidak,Ya,Tidak,Ya,Ya
2713,Kos Wijaya Bandung 2713,Bandung,Coblong,2400000,Campur,Ya,Tidak,Ya,Ya,Ya,Ya,Tidak,Ya,Tidak,Ya,Tidak,Tidak,Ya
2714,Kos Kenanga Bandung 2714,Bandung,Lengkong,700000,Putra,Tidak,Tidak,Tidak,Ya,Ya,Ya,Tidak,Ya,Ya,Tidak,Tidak,Ya,Ya
2715,Kos Melati Bandung 2715,Bandung,Coblong,1400000,Putri,Ya,Ya,Tidak,Ya,Ya,Tidak,Tidak,Ya,Tidak,Tidak,Tidak,Tidak,Tidak
2716,Kos Puspa Bandung 2716,Bandung,Buahbatu,700000,Putri,Ya,Tidak,Tidak,Ya,Ya,Tidak,Ya,Ya,Tidak,Ya,Tidak,Ya,Ya
2717,Kos Harmoni Bandung 2717,Bandung,Buahbatu,1350000,Putri,Ya,Ya,Ya,Ya,Ya,Tidak,Ya,Ya,Tidak,Tidak,Tidak,Tidak,Tidak
2718,Kos Anggrek Bandung 2718,Bandung,Cicendo,1650000,Putri,Ya,Tidak,Ya,Ya,Ya,Tidak,Ya,Ya,Tidak,Ya,Tidak,Ya,Ya
2719,Kos Amanah Bandung 2719,Bandung,Sukajadi,2350000,Putri,Ya,Ya,Ya,Ya,Ya,Tidak,Ya,Ya,Ya,Ya,Ya,Tidak,Tidak
2720,Kos Permata Bandung 2720,Bandung,Lengkong,1300000,Campur,Ya,Tidak,Ya,Ya,Ya,Ya,Ya,Ya,Tidak,Ya,Tidak,Tidak,Tidak
2721,Kos Wijaya Bandung 2721,Bandung,Buahbatu,2100000,Putra,Ya,Ya,Tidak,Ya,Ya,Ya,Ya,Ya,Tidak,Ya,Ya,Ya,Tidak
2722,Kos Permata Bandung 2722,Bandung,Lengkong,2050000,Putri,Ya,Tidak,Ya,Ya,Ya,Ya,Ya,Ya,Ya,Ya,Ya,Tidak,Ya
2723,Kos Harmoni Bandung 2723,Bandung,Cicendo,1400000,Campur,Ya,Ya,Tidak,Ya,Ya,Tidak,Tidak,Ya,Tidak,Tidak,Ya,Ya,Ya
2724,Kos Puspa Bandung 2724,Bandung,Sukajadi,750000,Putri,Ya,Ya,Ya,Ya,Ya,Ya,Tidak,Ya,Tidak,Tidak,Tidak,Ya,Tidak
2725,Kos Mawar Bandung 2725,Bandung,Cicendo,1250000,Putra,Ya,Ya,Tidak,Ya,Ya,Ya,Tidak,Ya,Tidak,Ya,Tidak,Ya,Ya
2726,Kos Melati Bandung 2726,Bandung,Lengkong,1000000,Campur,Ya,Tidak,Tidak,Ya,Ya,Tidak,Ya,Ya,Tidak,Ya,Tidak,Tidak,Ya
2727,Kos Sakura Bandung 2727,Bandung,Lengkong,1900000,Putri,Ya,Ya,Ya,Ya,Ya,Tidak,Tidak,Ya,Tidak,Tidak,Tidak,Tidak,Tidak
2728,Kos Cendana Bandung 2728,Bandung,Buahbatu,1550000,Campur,Ya,Tidak,Ya,Ya,Ya,Ya,Tidak,Ya,Ya,Tidak,Ya,Ya,Tidak
2729,Kos Wijaya Bandung 2729,Bandung,Buahbatu,1950000,Putri,Ya,Tidak,Tidak,Ya,Ya,Ya,Ya,Ya,Ya,Tidak,Ya,Ya,Ya
2730,Kos Kenanga Bandung 2730,Bandung,Buahbatu,850000,Putri,Ya,Tidak,Tidak,Ya,Ya,Tidak,Tidak,Ya,Tidak,Ya,Tidak,Tidak,Tidak
2731,Kos Amanah Bandung 2731,Bandung,Sukajadi,2450000,Putri,Ya,Ya,Ya,Ya,Ya,Ya,Ya,Ya,Tidak,Ya,Ya,Ya,Ya
2732,Kos Mawar Bandung 2732,Bandung,Sukajadi,1700000,Putri,Ya,Ya,Tidak,Ya,Ya,Ya,Ya,Ya,Tidak,Ya,Tidak,Tidak,Tidak
2733,Kos Puspa Bandung 2733,Bandung,Buahbatu,1350000,Campur,Tidak,Tidak,Ya,Ya,Ya,Ya,Tidak,Ya,Tidak,Ya,Tidak,Ya,Ya
2734,Kos Harmoni Bandung 2734,Bandung,Coblong,2200000,Campur,Ya,Ya,Ya,Ya,Tidak,Ya,Ya,Tidak,Tidak,Tidak,Ya,Ya,Ya
2735,Kos Cendana Bandung 2735,Bandung,Coblong,1450000,Putra,Ya,Ya,Ya,Ya,Ya,Tidak,Tidak,Ya,Tidak,Ya,Ya,Ya,Ya
2736,Kos Amanah Bandung 2736,Bandung,Coblong,1700000,Putra,Ya,Tidak,Ya,Ya,Ya,Tidak,Ya,Ya,Tidak,Ya,Ya,Tidak,Ya
2737,Kos Mawar Bandung 2737,Bandung,Coblong,1250000,Campur,Ya,Tidak,Tidak,Ya,Ya,Tidak,Tidak,Ya,Ya,Tidak,Ya,Ya,Ya
2738,Kos Permata Bandung 2738,Bandung,Lengkong,1950000,Putri,Ya,Tidak,Tidak,Ya,Ya,Ya,Ya,Ya,Ya,Ya,Ya,Ya,Ya
2739,Kos Melati Bandung 2739,Bandung,Lengkong,2150000,Putra,Ya,Tidak,Ya,Ya,Ya,Ya,Ya,Ya,Tidak,Ya,Ya,Tidak,Tidak
2740,Kos Harmoni Bandung 2740,Bandung,Sukajadi,1400000,Putra,Ya,Tidak,Ya,Ya,Ya,Ya,Tidak,Ya,Ya,Ya,Tidak,Tidak,Ya
2741,Kos Permata Bandung 2741,Bandung,Sukajadi,2500000,Campur,Ya,Tidak,Tidak,Ya,Ya,Ya,Ya,Ya,Tidak,Ya,Ya,Ya,Tidak
2742,Kos Sakura Bandung 2742,Bandung,Cicendo,1850000,Campur,Tidak,Tidak,Ya,Ya,Ya,Ya,Ya,Ya,Ya,Tidak,Tidak,Ya,Ya
2743,Kos Nusantara Bandung 2743,Bandung,Cicendo,2150000,Putri,Ya,Tidak,Ya,Ya,Ya,Tidak,Ya,Ya,Ya,Tidak,Ya,Tidak,Ya
2744,Kos Anggrek Bandung 2744,Bandung,Sukajadi,1750000,Campur,Ya,Ya,Ya,Ya,Ya,Tidak,Tidak,Ya,Tidak,Tidak,Tidak,Tidak,Ya
2745,Kos Cendana Bandung 2745,Bandung,Coblong,1450000,Campur,Ya,Tidak,Ya,Ya,Ya,Tidak,Ya,Tidak,Tidak,Ya,Tidak,Ya,Tidak
2746,Kos Anggrek Bandung 2746,Bandung,Coblong,1850000,Putri,Tidak,Ya,Tidak,Ya,Ya,Tidak,Ya,Ya,Tidak,Ya,Ya,Ya,Tidak
2747,Kos Permata Bandung 2747,Bandung,Cicendo,1000000,Putra,Ya,Tidak,Tidak,Ya,Ya,Ya,Tidak,Ya,Tidak,Ya,Ya,Ya,Ya
2748,Kos Puspa Bandung 2748,Bandung,Lengkong,1550000,Campur,Tidak,Tidak,Tidak,Ya,Ya,Ya,Ya,Ya,Ya,Ya,Tidak,Ya,Ya
2749,Kos Amanah Bandung 2749,Bandung,Buahbatu,2250000,Putra,Ya,Tidak,Tidak,Ya,Ya,Ya,Ya,Ya,Tidak,Tidak,Ya,Ya,Tidak
2750,Kos Sakura Bandung 2750,Bandung,Coblong,1750000,Putri,Ya,Ya,Ya,Ya,Ya,Ya,Tidak,Ya,Tidak,Ya,Ya,Ya,Tidak
2751,Kos Cendana Bandung 2751,Bandung,Sukajadi,1400000,Putri,Ya,Ya,Ya,Ya,Ya,Tidak,Tidak,Ya,Tidak,Ya,Ya,Ya,Tidak
2752,Kos Cendana Bandung 2752,Bandung,Coblong,2500000,Putra,Ya,Tidak,Ya,Ya,Ya,Ya,Ya,Ya,Tidak,Tidak,Tidak,Ya,Ya
2753,Kos Permata Bandung 2753,Bandung,Buahbatu,1600000,Putri,Ya,Tidak,Tidak,Ya,Ya,Ya,Ya,Ya,Tidak,Tidak,Tidak,Ya,Ya
2754,Kos Sakura Bandung 2754,Bandung,Cicendo,1000000,Campur,Ya,Tidak,Ya,Ya,Ya,Ya,Tidak,Ya,Tidak,Tidak,Tidak,Ya,Ya
2755,Kos Sakura Bandung 2755,Bandung,Coblong,1500000,Putri,Ya,Tidak,Ya,Ya,Ya,Ya,Tidak,Ya,Ya,Ya,Tidak,Tidak,Ya
2756,Kos Mawar Bandung 2756,Bandung,Sukajadi,1650000,Putri,Ya,Tidak,Tidak,Ya,Tidak,Ya,Ya,Ya,Tidak,Tidak,Tidak,Ya,Ya
2757,Kos Mawar Bandung 2757,Bandung,Sukajadi,1950000,Putri,Ya,Tidak,Ya,Ya,Ya,Ya,Ya,Ya,Tidak,Tidak,Tidak,Ya,Ya
2758,Kos Wijaya Bandung 2758,Bandung,Lengkong,2200000,Putra,Ya,Tidak,Tidak,Ya,Ya,Ya,Tidak,Tidak,Tidak,Ya,Tidak,Tidak,Ya
2759,Kos Harmoni Bandung 2759,Bandung,Coblong,700000,Putra,Ya,Tidak,Ya,Ya,Ya,Ya,Ya,Tidak,Tidak,Tidak,Ya,Ya,Tidak
2760,Kos Wijaya Bandung 2760,Bandung,Lengkong,1350000,Campur,Ya,Tidak,Tidak,Ya,Ya,Ya,Tidak,Tidak,Ya,Tidak,Ya,Tidak,Ya
2761,Kos Kenanga Bandung 2761,Bandung,Cicendo,1050000,Putra,Ya,Ya,Ya,Ya,Ya,Ya,Ya,Ya,Ya,Tidak,Ya,Tidak,Ya
2762,Kos Amanah Bandung 2762,Bandung,Sukajadi,750000,Putri,Ya,Ya,Ya,Ya,Tidak,Ya,Tidak,Ya,Tidak,Ya,Ya,Ya,Ya
2763,Kos Wijaya Bandung 2763,Bandung,Lengkong,2400000,Putri,Ya,Tidak,Tidak,Ya,Ya,Ya,Ya,Ya,Ya,Ya,Ya,Ya,Tidak
2764,Kos Amanah Bandung 2764,Bandung,Buahbatu,950000,Campur,Ya,Ya,Tidak,Ya,Ya,Tidak,Ya,Ya,Tidak,Ya,Tidak,Tidak,Ya
2765,Kos Mawar Bandung 2765,Bandung,Buahbatu,700000,Putra,Ya,Tidak,Tidak,Ya,Ya,Tidak,Ya,Ya,Tidak,Ya,Tidak,Ya,Ya
2766,Kos Anggrek Bandung 2766,Bandung,Lengkong,1500000,Putri,Ya,Ya,Tidak,Ya,Ya,Ya,Ya,Ya,Tidak,Ya,Ya,Ya,Tidak
2767,Kos Permata Bandung 2767,Bandung,Sukajadi,850000,Putra,Ya,Tidak,Tidak,Ya,Ya,Tidak,Ya,Ya,Tidak,Ya,Ya,Tidak,Ya
2768,Kos Kenanga Bandung 2768,Bandung,Buahbatu,700000,Putri,Ya,Tidak,Ya,Ya,Ya,Ya,Ya,Ya,Tidak,Ya,Tidak,Ya,Tidak
2769,Kos Amanah Bandung 2769,Bandung,Cicendo,1100000,Putra,Ya,Tidak,Tidak,Ya,Ya,Ya,Ya,Ya,Tidak,Tidak,Ya,Tidak,Tidak
2770,Kos Anggrek Bandung 2770,Bandung,Sukajadi,950000,Putra,Ya,Ya,Ya,Ya,Ya,Ya,Tidak,Tidak,Tidak,Tidak,Tidak,Tidak,Tidak
2771,Kos Kenanga Bandung 2771,Bandung,Coblong,1600000,Putri,Tidak,Tidak,Tidak,Ya,Ya,Ya,Ya,Ya,Tidak,Ya,Tidak,Ya,Tidak
2772,Kos Puspa Bandung 2772,Bandung,Buahbatu,2250000,Putri,Ya,Tidak,Tidak,Ya,Ya,Ya,Ya,Ya,Tidak,Ya,Ya,Ya,Ya
2773,Kos Mawar Bandung 2773,Bandung,Coblong,1500000,Putri,Ya,Ya,Tidak,Ya,Ya,Ya,Tidak,Ya,Tidak,Tidak,Tidak,Ya,Tidak
2774,Kos Permata Bandung 2774,Bandung,Sukajadi,1150000,Putra,Ya,Tidak,Tidak,Ya,Tidak,Ya,Tidak,Ya,Tidak,Tidak,Ya,Ya,Ya
2775,Kos Harmoni Bandung 2775,Bandung,Sukajadi,2300000,Campur,Ya,Tidak,Tidak,Ya,Ya,Ya,Ya,Ya,Tidak,Tidak,Tidak,Ya,Tidak
2776,Kos Nusantara Bandung 2776,Bandung,Cicendo,1950000,Putra,Ya,Ya,Tidak,Ya,Ya,Ya,Tidak,Ya,Ya,Ya,Tidak,Ya,Ya
2777,Kos Harmoni Bandung 2777,Bandung,Lengkong,2050000,Putri,Ya,Tidak,Ya,Ya,Ya,Ya,Ya,Ya,Tidak,Ya,Ya,Tidak,Ya
2778,Kos Wijaya Bandung 2778,Bandung,Sukajadi,1000000,Campur,Ya,Tidak,Tidak,Ya,Ya,Tidak,Tidak,Ya,Tidak,Ya,Tidak,Ya,Ya
2779,Kos Nusantara Bandung 2779,Bandung,Sukajadi,1750000,Putra,Ya,Ya,Ya,Ya,Ya,Ya,Ya,Ya,Ya,Tidak,Tidak,Ya,Ya
2780,Kos Anggrek Bandung 2780,Bandung,Buahbatu,1000000,Putra,Ya,Tidak,Tidak,Ya,Ya,Ya,Ya,Ya,Ya,Ya,Ya,Ya,Tidak
2781,Kos Amanah Bandung 2781,Bandung,Cicendo,1750000,Putri,Ya,Tidak,Tidak,Ya,Ya,Ya,Ya,Ya,Ya,Ya,Tidak,Ya,Tidak
2782,Kos Anggrek Bandung 2782,Bandung,Sukajadi,2450000,Putra,Ya,Ya,Ya,Ya,Ya,Ya,Ya,Ya,Tidak,Ya,Tidak,Ya,Ya
2783,Kos Wijaya Bandung 2783,Bandung,Lengkong,2400000,Putri,Ya,Ya,Tidak,Ya,Ya,Ya,Ya,Ya,Tidak,Tidak,Tidak,Tidak,Ya
2784,Kos Sakura Bandung 2784,Bandung,Lengkong,1850000,Putra,Ya,Ya,Tidak,Ya,Ya,Ya,Ya,Ya,Ya,Ya,Ya,Ya,Tidak
2785,Kos Wijaya Bandung 2785,Bandung,Coblong,1500000,Putra,Ya,Tidak,Tidak,Ya,Ya,Tidak,Tidak,Ya,Tidak,Ya,Tidak,Ya,Ya
2786,Kos Cendana Bandung 2786,Bandung,Sukajadi,1700000,Putri,Ya,Tidak,Ya,Ya,Ya,Ya,Tidak,Ya,Tidak,Tidak,Tidak,Ya,Tidak
2787,Kos Anggrek Bandung 2787,Bandung,Sukajadi,700000,Campur,Ya,Tidak,Tidak,Ya,Ya,Ya,Ya,Ya,Tidak,Ya,Ya,Ya,Ya
2788,Kos Nusantara Bandung 2788,Bandung,Sukajadi,1200000,Putri,Ya,Ya,Ya,Ya,Ya,Tidak,Ya,Ya,Tidak,Ya,Tidak,Tidak,Ya
2789,Kos Wijaya Bandung 2789,Bandung,Lengkong,2450000,Putri,Ya,Ya,Tidak,Ya,Ya,Tidak,Ya,Ya,Ya,Tidak,Ya,Ya,Ya
2790,Kos Melati Bandung 2790,Bandung,Buahbatu,2450000,Putri,Ya,Ya,Ya,Ya,Ya,Ya,Ya,Tidak,Ya,Ya,Ya,Ya,Ya
2791,Kos Permata Bandung 2791,Bandung,Sukajadi,850000,Campur,Ya,Ya,Ya,Ya,Ya,Ya,Ya,Tidak,Tidak,Tidak,Tidak,Tidak,Ya
2792,Kos Permata Bandung 2792,Bandung,Cicendo,1200000,Putra,Tidak,Ya,Ya,Ya,Tidak,Ya,Tidak,Ya,Tidak,Tidak,Ya,Ya,Ya
2793,Kos Sakura Bandung 2793,Bandung,Buahbatu,1650000,Campur,Ya,Ya,Tidak,Ya,Ya,Ya,Ya,Ya,Tidak,Tidak,Ya,Tidak,Ya
2794,Kos Cendana Bandung 2794,Bandung,Cicendo,1550000,Putri,Tidak,Tidak,Ya,Ya,Ya,Tidak,Ya,Ya,Tidak,Ya,Tidak,Tidak,Ya
2795,Kos Permata Bandung 2795,Bandung,Sukajadi,1500000,Putri,Ya,Ya,Tidak,Ya,Ya,Tidak,Tidak,Ya,Tidak,Tidak,Ya,Tidak,Tidak
2796,Kos Puspa Bandung 2796,Bandung,Cicendo,950000,Putra,Ya,Tidak,Tidak,Ya,Ya,Ya,Ya,Ya,Tidak,Tidak,Ya,Ya,Ya
2797,Kos Sakura Bandung 2797,Bandung,Cicendo,2300000,Putri,Ya,Tidak,Ya,Ya,Ya,Ya,Tidak,Ya,Ya,Ya,Ya,Ya,Ya
2798,Kos Cendana Bandung 2798,Bandung,Lengkong,2400000,Putri,Ya,Ya,Ya,Ya,Ya,Ya,Tidak,Ya,Tidak,Ya,Tidak,Ya,Ya
2799,Kos Amanah Bandung 2799,Bandung,Sukajadi,750000,Campur,Ya,Ya,Tidak,Ya,Ya,Ya,Ya,Ya,Tidak,Ya,Tidak,Tidak,Tidak
2800,Kos Sakura Bandung 2800,Bandung,Buahbatu,1100000,Putra,Ya,Tidak,Ya,Ya,Ya,Ya,Tidak,Ya,Ya,Tidak,Tidak,Ya,Ya
2801,Kos Permata Bandung 2801,Bandung,Buahbatu,1050000,Putra,Tidak,Tidak,Tidak,Ya,Ya,Ya,Ya,Ya,Tidak,Tidak,Tidak,Ya,Ya
2802,Kos Nusantara Bandung 2802,Bandung,Coblong,1950000,Campur,Ya,Tidak,Ya,Ya,Ya,Ya,Tidak,Ya,Tidak,Ya,Ya,Tidak,Ya
2803,Kos Kenanga Bandung 2803,Bandung,Cicendo,1900000,Putra,Ya,Ya,Tidak,Ya,Ya,Ya,Tidak,Ya,Tidak,Ya,Ya,Ya,Ya
2804,Kos Wijaya Bandung 2804,Bandung,Sukajadi,1550000,Putri,Ya,Ya,Tidak,Ya,Ya,Ya,Tidak,Ya,Tidak,Ya,Tidak,Ya,Tidak
2805,Kos Anggrek Bandung 2805,Bandung,Cicendo,1450000,Putra,Ya,Tidak,Ya,Ya,Ya,Ya,Tidak,Ya,Ya,Ya,Ya,Tidak,Ya
2806,Kos Wijaya Bandung 2806,Bandung,Buahbatu,1700000,Campur,Ya,Ya,Tidak,Ya,Ya,Ya,Ya,Ya,Tidak,Ya,Tidak,Ya,Ya
2807,Kos Harmoni Bandung 2807,Bandung,Coblong,850000,Putra,Ya,Ya,Tidak,Ya,Ya,Ya,Tidak,Ya,Tidak,Tidak,Ya,Tidak,Ya
2808,Kos Amanah Bandung 2808,Bandung,Coblong,1600000,Campur,Ya,Ya,Tidak,Ya,Ya,Ya,Ya,Ya,Tidak,Tidak,Tidak,Tidak,Ya
2809,Kos Puspa Bandung 2809,Bandung,Cicendo,1050000,Putra,Ya,Ya,Ya,Ya,Ya,Ya,Tidak,Ya,Tidak,Tidak,Tidak,Tidak,Ya
2810,Kos Kenanga Bandung 2810,Bandung,Coblong,2150000,Campur,Ya,Tidak,Ya,Ya,Ya,Ya,Ya,Ya,Tidak,Ya,Ya,Tidak,Ya
2811,Kos Cendana Bandung 2811,Bandung,Buahbatu,700000,Campur,Ya,Tidak,Ya,Ya,Ya,Ya,Tidak,Ya,Tidak,Ya,Tidak,Ya,Tidak
2812,Kos Wijaya Bandung 2812,Bandung,Buahbatu,2400000,Putri,Ya,Tidak,Ya,Ya,Tidak,Ya,Ya,Ya,Tidak,Tidak,Ya,Ya,Tidak
2813,Kos Kenanga Bandung 2813,Bandung,Sukajadi,950000,Campur,Ya,Ya,Ya,Ya,Ya,Ya,Ya,Ya,Tidak,Ya,Tidak,Ya,Ya
2814,Kos Mawar Bandung 2814,Bandung,Lengkong,1700000,Putri,Ya,Ya,Tidak,Ya,Ya,Ya,Ya,Ya,Tidak,Tidak,Ya,Ya,Tidak
2815,Kos Anggrek Bandung 2815,Bandung,Buahbatu,1000000,Putri,Ya,Ya,Tidak,Ya,Tidak,Ya,Tidak,Tidak,Tidak,Tidak,Tidak,Ya,Ya
2816,Kos Harmoni Bandung 2816,Bandung,Lengkong,1700000,Putri,Ya,Ya,Ya,Ya,Ya,Ya,Ya,Ya,Tidak,Ya,Tidak,Ya,Ya
2817,Kos Nusantara Bandung 2817,Bandung,Cicendo,1550000,Campur,Ya,Ya,Ya,Ya,Ya,Tidak,Ya,Ya,Tidak,Ya,Ya,Ya,Ya
2818,Kos Sakura Bandung 2818,Bandung,Buahbatu,900000,Putra,Ya,Tidak,Ya,Ya,Ya,Tidak,Ya,Ya,Ya,Ya,Tidak,Ya,Tidak
2819,Kos Harmoni Bandung 2819,Bandung,Sukajadi,1850000,Putri,Ya,Tidak,Tidak,Ya,Ya,Tidak,Ya,Ya,Tidak,Ya,Tidak,Tidak,Tidak
2820,Kos Permata Bandung 2820,Bandung,Sukajadi,1800000,Campur,Ya,Ya,Ya,Ya,Ya,Ya,Ya,Ya,Tidak,Ya,Tidak,Tidak,Ya
2821,Kos Sakura Yogyakarta 2821,Yogyakarta,Mlati,1000000,Putra,Ya,Ya,Ya,Ya,Ya,Ya,Ya,Ya,Tidak,Ya,Ya,Ya,Tidak
2822,Kos Harmoni Yogyakarta 2822,Yogyakarta,Kasihan,500000,Putra,Ya,Tidak,Ya,Ya,Ya,Tidak,Tidak,Ya,Tidak,Ya,Ya,Ya,Ya
2823,Kos Permata Yogyakarta 2823,Yogyakarta,Mlati,850000,Putra,Ya,Tidak,Tidak,Ya,Ya,Tidak,Ya,Ya,Tidak,Ya,Ya,Ya,Tidak
2824,Kos Puspa Yogyakarta 2824,Yogyakarta,Kasihan,550000,Putra,Tidak,Ya,Tidak,Ya,Ya,Ya,Tidak,Ya,Tidak,Tidak,Tidak,Ya,Tidak
2825,Kos Puspa Yogyakarta 2825,Yogyakarta,Gondokusuman,500000,Putra,Ya,Ya,Tidak,Ya,Ya,Tidak,Ya,Ya,Tidak,Tidak,Tidak,Ya,Ya
2826,Kos Nusantara Yogyakarta 2826,Yogyakarta,Depok,1500000,Putri,Ya,Tidak,Ya,Ya,Ya,Ya,Ya,Ya,Tidak,Tidak,Tidak,Tidak,Tidak
2827,Kos Nusantara Yogyakarta 2827,Yogyakarta,Depok,1400000,Putra,Ya,Ya,Tidak,Ya,Ya,Tidak,Tidak,Ya,Ya,Ya,Ya,Ya,Ya
2828,Kos Kenanga Yogyakarta 2828,Yogyakarta,Mlati,1800000,Putra,Ya,Tidak,Tidak,Ya,Ya,Ya,Tidak,Ya,Tidak,Tidak,Tidak,Tidak,Ya
2829,Kos Kenanga Yogyakarta 2829,Yogyakarta,Gondokusuman,950000,Putra,Ya,Tidak,Ya,Ya,Ya,Ya,Ya,Ya,Tidak,Tidak,Ya,Ya,Ya
2830,Kos Sakura Yogyakarta 2830,Yogyakarta,Kasihan,1550000,Putri,Ya,Tidak,Ya,Ya,Ya,Ya,Tidak,Ya,Ya,Ya,Ya,Ya,Tidak
2831,Kos Amanah Yogyakarta 2831,Yogyakarta,Umbulharjo,750000,Putri,Ya,Ya,Ya,Ya,Ya,Ya,Ya,Tidak,Tidak,Tidak,Tidak,Tidak,Ya
2832,Kos Anggrek Yogyakarta 2832,Yogyakarta,Mlati,1100000,Putra,Ya,Tidak,Ya,Ya,Ya,Tidak,Ya,Ya,Tidak,Tidak,Tidak,Tidak,Ya
2833,Kos Anggrek Yogyakarta 2833,Yogyakarta,Umbulharjo,1250000,Campur,Ya,Tidak,Ya,Ya,Ya,Ya,Ya,Ya,Ya,Ya,Tidak,Ya,Ya
2834,Kos Amanah Yogyakarta 2834,Yogyakarta,Mlati,1350000,Putri,Ya,Ya,Tidak,Ya,Ya,Ya,Ya,Ya,Tidak,Tidak,Tidak,Ya,Ya
2835,Kos Melati Yogyakarta 2835,Yogyakarta,Mlati,1300000,Campur,Ya,Ya,Tidak,Ya,Ya,Ya,Ya,Ya,Ya,Ya,Tidak,Ya,Ya
2836,Kos Nusantara Yogyakarta 2836,Yogyakarta,Depok,900000,Putra,Ya,Tidak,Ya,Ya,Ya,Ya,Ya,Ya,Tidak,Tidak,Ya,Tidak,Tidak
2837,Kos Harmoni Yogyakarta 2837,Yogyakarta,Gondokusuman,550000,Putra,Ya,Ya,Ya,Ya,Ya,Ya,Tidak,Ya,Tidak,Tidak,Tidak,Ya,Ya
2838,Kos Harmoni Yogyakarta 2838,Yogyakarta,Mlati,1600000,Putri,Ya,Tidak,Tidak,Ya,Ya,Ya,Ya,Ya,Tidak,Tidak,Tidak,Tidak,Tidak
2839,Kos Amanah Yogyakarta 2839,Yogyakarta,Gondokusuman,1400000,Putra,Ya,Tidak,Ya,Ya,Ya,Tidak,Tidak,Ya,Tidak,Tidak,Tidak,Tidak,Ya
2840,Kos Cendana Yogyakarta 2840,Yogyakarta,Umbulharjo,1450000,Campur,Ya,Tidak,Ya,Ya,Ya,Ya,Ya,Ya,Ya,Ya,Ya,Ya,Tidak
2841,Kos Anggrek Yogyakarta 2841,Yogyakarta,Depok,1350000,Putri,Ya,Ya,Tidak,Ya,Ya,Ya,Tidak,Ya,Tidak,Ya,Ya,Ya,Tidak
2842,Kos Permata Yogyakarta 2842,Yogyakarta,Gondokusuman,1500000,Putra,Ya,Ya,Tidak,Ya,Ya,Tidak,Tidak,Ya,Ya,Tidak,Tidak,Ya,Tidak
2843,Kos Cendana Yogyakarta 2843,Yogyakarta,Depok,1750000,Putri,Ya,Tidak,Tidak,Ya,Ya,Ya,Ya,Ya,Tidak,Ya,Tidak,Ya,Tidak
2844,Kos Harmoni Yogyakarta 2844,Yogyakarta,Mlati,500000,Putri,Ya,Ya,Ya,Ya,Ya,Ya,Ya,Ya,Tidak,Ya,Tidak,Tidak,Ya
2845,Kos Harmoni Yogyakarta 2845,Yogyakarta,Umbulharjo,600000,Putra,Ya,Tidak,Ya,Ya,Tidak,Ya,Ya,Ya,Tidak,Tidak,Tidak,Tidak,Tidak
2846,Kos Anggrek Yogyakarta 2846,Yogyakarta,Mlati,1650000,Campur,Ya,Tidak,Ya,Ya,Ya,Ya,Ya,Ya,Tidak,Ya,Tidak,Ya,Tidak
2847,Kos Permata Yogyakarta 2847,Yogyakarta,Umbulharjo,950000,Putra,Ya,Tidak,Ya,Ya,Ya,Tidak,Tidak,Ya,Tidak,Ya,Tidak,Ya,Tidak
2848,Kos Kenanga Yogyakarta 2848,Yogyakarta,Kasihan,1700000,Putra,Ya,Tidak,Tidak,Ya,Ya,Tidak,Tidak,Ya,Ya,Ya,Ya,Ya,Ya
2849,Kos Nusantara Yogyakarta 2849,Yogyakarta,Depok,1200000,Putra,Ya,Tidak,Tidak,Ya,Ya,Tidak,Ya,Ya,Tidak,Ya,Ya,Ya,Ya
2850,Kos Melati Yogyakarta 2850,Yogyakarta,Mlati,600000,Putra,Ya,Ya,Tidak,Ya,Ya,Ya,Tidak,Ya,Tidak,Ya,Tidak,Ya,Tidak
2851,Kos Wijaya Yogyakarta 2851,Yogyakarta,Umbulharjo,500000,Campur,Ya,Tidak,Tidak,Ya,Ya,Ya,Ya,Ya,Ya,Ya,Tidak,Ya,Ya
2852,Kos Amanah Yogyakarta 2852,Yogyakarta,Umbulharjo,550000,Putri,Ya,Tidak,Tidak,Ya,Ya,Ya,Ya,Tidak,Tidak,Ya,Ya,Ya,Ya
2853,Kos Anggrek Yogyakarta 2853,Yogyakarta,Kasihan,800000,Putra,Ya,Tidak,Tidak,Ya,Ya,Tidak,Ya,Ya,Tidak,Ya,Tidak,Tidak,Ya
2854,Kos Amanah Yogyakarta 2854,Yogyakarta,Mlati,1250000,Campur,Ya,Ya,Tidak,Ya,Tidak,Ya,Ya,Ya,Tidak,Tidak,Ya,Ya,Tidak
2855,Kos Mawar Yogyakarta 2855,Yogyakarta,Kasihan,1150000,Putri,Ya,Ya,Ya,Ya,Ya,Ya,Tidak,Ya,Tidak,Ya,Tidak,Ya,Ya
2856,Kos Puspa Yogyakarta 2856,Yogyakarta,Depok,1700000,Putri,Ya,Tidak,Ya,Ya,Ya,Ya,Tidak,Tidak,Tidak,Tidak,Tidak,Tidak,Tidak
2857,Kos Nusantara Yogyakarta 2857,Yogyakarta,Mlati,1300000,Putri,Ya,Ya,Tidak,Ya,Ya,Ya,Ya,Ya,Tidak,Tidak,Ya,Tidak,Ya
2858,Kos Wijaya Yogyakarta 2858,Yogyakarta,Umbulharjo,900000,Putri,Ya,Ya,Ya,Ya,Ya,Tidak,Ya,Ya,Tidak,Tidak,Ya,Ya,Ya
2859,Kos Puspa Yogyakarta 2859,Yogyakarta,Mlati,1600000,Campur,Ya,Tidak,Tidak,Ya,Ya,Tidak,Tidak,Ya,Tidak,Tidak,Ya,Ya,Tidak
2860,Kos Sakura Yogyakarta 2860,Yogyakarta,Gondokusuman,550000,Putri,Ya,Ya,Ya,Ya,Ya,Ya,Ya,Ya,Tidak,Ya,Ya,Ya,Ya
2861,Kos Wijaya Yogyakarta 2861,Yogyakarta,Umbulharjo,600000,Campur,Ya,Tidak,Ya,Ya,Ya,Tidak,Ya,Ya,Tidak,Ya,Ya,Ya,Tidak
2862,Kos Permata Yogyakarta 2862,Yogyakarta,Kasihan,1150000,Campur,Ya,Ya,Ya,Ya,Ya,Tidak,Ya,Tidak,Tidak,Tidak,Ya,Tidak,Ya
2863,Kos Wijaya Yogyakarta 2863,Yogyakarta,Umbulharjo,800000,Campur,Ya,Ya,Ya,Ya,Tidak,Ya,Ya,Ya,Ya,Tidak,Tidak,Ya,Tidak
2864,Kos Mawar Yogyakarta 2864,Yogyakarta,Gondokusuman,1050000,Putra,Ya,Tidak,Ya,Ya,Ya,Ya,Ya,Ya,Tidak,Ya,Tidak,Ya,Ya
2865,Kos Cendana Yogyakarta 2865,Yogyakarta,Depok,1050000,Campur,Ya,Tidak,Ya,Ya,Ya,Ya,Ya,Ya,Tidak,Tidak,Ya,Ya,Tidak
2866,Kos Mawar Yogyakarta 2866,Yogyakarta,Mlati,1450000,Putri,Tidak,Tidak,Tidak,Ya,Ya,Ya,Ya,Ya,Ya,Ya,Ya,Ya,Ya
2867,Kos Cendana Yogyakarta 2867,Yogyakarta,Gondokusuman,1450000,Putra,Tidak,Tidak,Ya,Ya,Ya,Ya,Tidak,Ya,Tidak,Tidak,Tidak,Ya,Ya
2868,Kos Permata Yogyakarta 2868,Yogyakarta,Depok,900000,Putra,Ya,Tidak,Ya,Ya,Ya,Tidak,Tidak,Tidak,Tidak,Ya,Ya,Ya,Tidak
2869,Kos Harmoni Yogyakarta 2869,Yogyakarta,Kasihan,1100000,Putra,Ya,Tidak,Ya,Ya,Ya,Ya,Ya,Ya,Tidak,Ya,Ya,Ya,Tidak
2870,Kos Melati Yogyakarta 2870,Yogyakarta,Gondokusuman,850000,Putra,Ya,Tidak,Ya,Ya,Ya,Ya,Ya,Ya,Tidak,Tidak,Tidak,Tidak,Ya
2871,Kos Cendana Yogyakarta 2871,Yogyakarta,Depok,500000,Putra,Ya,Tidak,Ya,Ya,Ya,Ya,Ya,Ya,Ya,Tidak,Tidak,Ya,Ya
2872,Kos Amanah Yogyakarta 2872,Yogyakarta,Kasihan,1350000,Campur,Ya,Ya,Tidak,Ya,Ya,Tidak,Ya,Ya,Tidak,Ya,Tidak,Ya,Ya
2873,Kos Nusantara Yogyakarta 2873,Yogyakarta,Umbulharjo,1600000,Putra,Ya,Tidak,Ya,Ya,Ya,Ya,Ya,Ya,Tidak,Ya,Ya,Ya,Tidak
2874,Kos Sakura Yogyakarta 2874,Yogyakarta,Umbulharjo,500000,Putri,Tidak,Ya,Tidak,Ya,Tidak,Ya,Tidak,Ya,Ya,Ya,Tidak,Tidak,Tidak
2875,Kos Kenanga Yogyakarta 2875,Yogyakarta,Kasihan,1400000,Campur,Ya,Tidak,Tidak,Ya,Ya,Tidak,Ya,Ya,Tidak,Tidak,Ya,Ya,Ya
2876,Kos Permata Yogyakarta 2876,Yogyakarta,Gondokusuman,950000,Putra,Ya,Tidak,Ya,Ya,Ya,Ya,Ya,Ya,Ya,Ya,Ya,Ya,Ya
2877,Kos Nusantara Yogyakarta 2877,Yogyakarta,Umbulharjo,1450000,Putra,Ya,Tidak,Tidak,Ya,Ya,Tidak,Ya,Ya,Ya,Tidak,Ya,Ya,Ya
2878,Kos Anggrek Yogyakarta 2878,Yogyakarta,Mlati,800000,Putra,Ya,Ya,Tidak,Ya,Ya,Ya,Tidak,Ya,Ya,Tidak,Ya,Ya,Tidak
2879,Kos Mawar Yogyakarta 2879,Yogyakarta,Depok,500000,Putri,Ya,Tidak,Ya,Ya,Ya,Tidak,Ya,Ya,Tidak,Ya,Ya,Ya,Tidak
2880,Kos Cendana Yogyakarta 2880,Yogyakarta,Gondokusuman,900000,Putri,Ya,Tidak,Tidak,Ya,Ya,Ya,Ya,Ya,Tidak,Tidak,Ya,Ya,Ya
2881,Kos Wijaya Yogyakarta 2881,Yogyakarta,Kasihan,1700000,Putra,Tidak,Tidak,Ya,Ya,Ya,Ya,Tidak,Ya,Tidak,Ya,Tidak,Ya,Ya
2882,Kos Melati Yogyakarta 2882,Yogyakarta,Gondokusuman,1550000,Campur,Ya,Ya,Tidak,Ya,Ya,Ya,Ya,Ya,Tidak,Ya,Tidak,Ya,Ya
2883,Kos Cendana Yogyakarta 2883,Yogyakarta,Mlati,850000,Campur,Ya,Ya,Tidak,Ya,Ya,Ya,Ya,Ya,Tidak,Ya,Ya,Ya,Ya
2884,Kos Melati Yogyakarta 2884,Yogyakarta,Gondokusuman,1500000,Putri,Ya,Ya,Ya,Ya,Ya,Ya,Tidak,Ya,Tidak,Ya,Ya,Tidak,Ya
2885,Kos Nusantara Yogyakarta 2885,Yogyakarta,Depok,1200000,Putri,Ya,Ya,Tidak,Ya,Ya,Tidak,Ya,Ya,Ya,Tidak,Tidak,Tidak,Ya
2886,Kos Permata Yogyakarta 2886,Yogyakarta,Mlati,1100000,Campur,Ya,Tidak,Ya,Ya,Ya,Ya,Tidak,Ya,Tidak,Tidak,Tidak,Tidak,Tidak
2887,Kos Wijaya Yogyakarta 2887,Yogyakarta,Umbulharjo,1600000,Putra,Ya,Tidak,Ya,Ya,Ya,Ya,Ya,Tidak,Tidak,Ya,Ya,Ya,Tidak
2888,Kos Anggrek Yogyakarta 2888,Yogyakarta,Umbulharjo,1250000,Putra,Ya,Tidak,Tidak,Ya,Ya,Tidak,Ya,Ya,Tidak,Ya,Ya,Ya,Ya
2889,Kos Puspa Yogyakarta 2889,Yogyakarta,Mlati,1000000,Putri,Ya,Ya,Tidak,Ya,Ya,Ya,Tidak,Ya,Tidak,Ya,Tidak,Ya,Tidak
2890,Kos Wijaya Yogyakarta 2890,Yogyakarta,Gondokusuman,900000,Putra,Ya,Ya,Tidak,Ya,Ya,Ya,Tidak,Ya,Tidak,Ya,Tidak,Ya,Ya
2891,Kos Anggrek Yogyakarta 2891,Yogyakarta,Umbulharjo,1000000,Putra,Ya,Tidak,Ya,Ya,Ya,Ya,Tidak,Ya,Tidak,Ya,Ya,Ya,Ya
2892,Kos Puspa Yogyakarta 2892,Yogyakarta,Mlati,1450000,Putri,Ya,Tidak,Ya,Ya,Ya,Ya,Tidak,Ya,Tidak,Ya,Tidak,Ya,Tidak
2893,Kos Wijaya Yogyakarta 2893,Yogyakarta,Gondokusuman,1300000,Campur,Ya,Ya,Ya,Ya,Ya,Tidak,Ya,Ya,Tidak,Ya,Ya,Tidak,Ya
2894,Kos Mawar Yogyakarta 2894,Yogyakarta,Gondokusuman,850000,Putri,Ya,Tidak,Tidak,Ya,Ya,Tidak,Ya,Ya,Tidak,Ya,Tidak,Ya,Tidak
2895,Kos Sakura Yogyakarta 2895,Yogyakarta,Kasihan,1450000,Putri,Ya,Tidak,Tidak,Ya,Ya,Ya,Tidak,Ya,Tidak,Ya,Tidak,Tidak,Ya
2896,Kos Mawar Yogyakarta 2896,Yogyakarta,Gondokusuman,1600000,Putri,Ya,Tidak,Tidak,Ya,Ya,Tidak,Ya,Ya,Ya,Tidak,Tidak,Tidak,Ya
2897,Kos Sakura Yogyakarta 2897,Yogyakarta,Umbulharjo,750000,Putra,Ya,Tidak,Tidak,Ya,Ya,Tidak,Tidak,Ya,Tidak,Ya,Tidak,Tidak,Tidak
2898,Kos Amanah Yogyakarta 2898,Yogyakarta,Mlati,1100000,Campur,Ya,Ya,Ya,Ya,Ya,Ya,Tidak,Ya,Tidak,Ya,Tidak,Ya,Ya
2899,Kos Nusantara Yogyakarta 2899,Yogyakarta,Depok,1150000,Putra,Ya,Ya,Tidak,Ya,Ya,Ya,Ya,Ya,Ya,Ya,Tidak,Ya,Ya
2900,Kos Kenanga Yogyakarta 2900,Yogyakarta,Umbulharjo,1400000,Campur,Ya,Tidak,Tidak,Ya,Ya,Tidak,Tidak,Ya,Tidak,Ya,Tidak,Ya,Ya
2901,Kos Cendana Yogyakarta 2901,Yogyakarta,Kasihan,1050000,Putri,Ya,Ya,Tidak,Ya,Ya,Tidak,Ya,Ya,Tidak,Ya,Ya,Ya,Tidak
2902,Kos Harmoni Yogyakarta 2902,Yogyakarta,Umbulharjo,850000,Putra,Ya,Tidak,Ya,Ya,Ya,Tidak,Tidak,Ya,Ya,Tidak,Tidak,Ya,Tidak
2903,Kos Puspa Yogyakarta 2903,Yogyakarta,Gondokusuman,600000,Putri,Ya,Tidak,Ya,Ya,Ya,Tidak,Tidak,Ya,Tidak,Tidak,Tidak,Tidak,Ya
2904,Kos Kenanga Yogyakarta 2904,Yogyakarta,Gondokusuman,850000,Putri,Ya,Tidak,Ya,Ya,Ya,Ya,Tidak,Tidak,Tidak,Tidak,Ya,Ya,Tidak
2905,Kos Melati Yogyakarta 2905,Yogyakarta,Depok,650000,Putra,Ya,Tidak,Ya,Ya,Ya,Ya,Ya,Ya,Tidak,Tidak,Tidak,Tidak,Tidak
2906,Kos Harmoni Yogyakarta 2906,Yogyakarta,Depok,1600000,Campur,Tidak,Tidak,Ya,Ya,Ya,Ya,Ya,Ya,Tidak,Tidak,Tidak,Tidak,Ya
2907,Kos Harmoni Yogyakarta 2907,Yogyakarta,Umbulharjo,1250000,Putri,Ya,Tidak,Tidak,Ya,Ya,Ya,Ya,Ya,Tidak,Tidak,Ya,Ya,Tidak
2908,Kos Melati Yogyakarta 2908,Yogyakarta,Depok,1550000,Putri,Ya,Tidak,Tidak,Ya,Ya,Ya,Ya,Ya,Tidak,Tidak,Tidak,Tidak,Ya
2909,Kos Kenanga Yogyakarta 2909,Yogyakarta,Mlati,1450000,Putri,Tidak,Tidak,Tidak,Ya,Ya,Tidak,Ya,Ya,Tidak,Tidak,Ya,Ya,Tidak
2910,Kos Sakura Yogyakarta 2910,Yogyakarta,Depok,1400000,Putri,Ya,Ya,Tidak,Ya,Ya,Ya,Tidak,Ya,Tidak,Ya,Ya,Ya,Ya
2911,Kos Mawar Yogyakarta 2911,Yogyakarta,Depok,1050000,Campur,Ya,Tidak,Tidak,Ya,Ya,Tidak,Ya,Ya,Tidak,Tidak,Tidak,Tidak,Tidak
2912,Kos Cendana Yogyakarta 2912,Yogyakarta,Depok,850000,Putra,Ya,Tidak,Tidak,Ya,Ya,Ya,Ya,Tidak,Ya,Tidak,Tidak,Tidak,Tidak
2913,Kos Kenanga Yogyakarta 2913,Yogyakarta,Mlati,850000,Putri,Ya,Tidak,Ya,Ya,Tidak,Ya,Tidak,Ya,Tidak,Ya,Tidak,Ya,Tidak
2914,Kos Puspa Yogyakarta 2914,Yogyakarta,Depok,1700000,Putri,Tidak,Tidak,Ya,Ya,Ya,Tidak,Ya,Tidak,Tidak,Ya,Tidak,Ya,Tidak
2915,Kos Anggrek Yogyakarta 2915,Yogyakarta,Kasihan,700000,Putra,Ya,Tidak,Tidak,Ya,Ya,Tidak,Ya,Ya,Tidak,Ya,Ya,Ya,Tidak
2916,Kos Melati Yogyakarta 2916,Yogyakarta,Depok,1000000,Campur,Ya,Ya,Tidak,Ya,Ya,Ya,Ya,Ya,Tidak,Tidak,Tidak,Ya,Ya
2917,Kos Sakura Yogyakarta 2917,Yogyakarta,Depok,500000,Campur,Ya,Ya,Tidak,Ya,Ya,Ya,Ya,Ya,Tidak,Tidak,Tidak,Tidak,Ya
2918,Kos Kenanga Yogyakarta 2918,Yogyakarta,Kasihan,1350000,Putri,Ya,Tidak,Ya,Ya,Ya,Tidak,Tidak,Ya,Tidak,Ya,Tidak,Tidak,Tidak
2919,Kos Melati Yogyakarta 2919,Yogyakarta,Umbulharjo,1400000,Putri,Ya,Tidak,Tidak,Ya,Ya,Tidak,Ya,Ya,Ya,Ya,Tidak,Ya,Ya
2920,Kos Harmoni Yogyakarta 2920,Yogyakarta,Kasihan,650000,Putri,Ya,Ya,Tidak,Ya,Ya,Ya,Ya,Ya,Tidak,Ya,Ya,Ya,Ya
2921,Kos Anggrek Yogyakarta 2921,Yogyakarta,Kasihan,1100000,Putri,Ya,Tidak,Tidak,Ya,Ya,Tidak,Ya,Ya,Ya,Tidak,Tidak,Ya,Tidak
2922,Kos Cendana Yogyakarta 2922,Yogyakarta,Gondokusuman,1250000,Putri,Ya,Ya,Tidak,Ya,Ya,Ya,Ya,Tidak,Tidak,Tidak,Tidak,Ya,Tidak
2923,Kos Puspa Yogyakarta 2923,Yogyakarta,Gondokusuman,1300000,Putri,Ya,Tidak,Tidak,Ya,Ya,Ya,Ya,Ya,Tidak,Ya,Ya,Ya,Ya
2924,Kos Mawar Yogyakarta 2924,Yogyakarta,Depok,1350000,Putra,Ya,Tidak,Tidak,Ya,Tidak,Ya,Ya,Tidak,Tidak,Ya,Tidak,Tidak,Ya
2925,Kos Sakura Yogyakarta 2925,Yogyakarta,Mlati,1550000,Putra,Ya,Tidak,Ya,Ya,Ya,Ya,Tidak,Ya,Tidak,Tidak,Ya,Tidak,Tidak
2926,Kos Kenanga Yogyakarta 2926,Yogyakarta,Depok,700000,Putri,Tidak,Ya,Tidak,Ya,Ya,Ya,Ya,Ya,Tidak,Ya,Ya,Ya,Ya
2927,Kos Amanah Yogyakarta 2927,Yogyakarta,Umbulharjo,650000,Putra,Ya,Tidak,Tidak,Ya,Ya,Ya,Ya,Ya,Tidak,Tidak,Ya,Ya,Ya
2928,Kos Melati Yogyakarta 2928,Yogyakarta,Umbulharjo,1800000,Campur,Ya,Ya,Tidak,Ya,Ya,Tidak,Ya,Ya,Tidak,Tidak,Tidak,Ya,Ya
2929,Kos Puspa Yogyakarta 2929,Yogyakarta,Umbulharjo,1000000,Campur,Tidak,Tidak,Tidak,Ya,Ya,Tidak,Ya,Ya,Ya,Ya,Tidak,Ya,Ya
2930,Kos Wijaya Yogyakarta 2930,Yogyakarta,Mlati,750000,Campur,Ya,Ya,Ya,Ya,Ya,Ya,Tidak,Ya,Tidak,Ya,Ya,Ya,Ya
2931,Kos Mawar Yogyakarta 2931,Yogyakarta,Kasihan,1700000,Campur,Ya,Tidak,Tidak,Ya,Ya,Ya,Ya,Ya,Tidak,Tidak,Tidak,Ya,Tidak
2932,Kos Kenanga Yogyakarta 2932,Yogyakarta,Depok,550000,Campur,Ya,Ya,Tidak,Ya,Ya,Ya,Ya,Ya,Tidak,Ya,Ya,Ya,Ya
2933,Kos Puspa Yogyakarta 2933,Yogyakarta,Gondokusuman,1600000,Campur,Ya,Ya,Tidak,Ya,Ya,Ya,Tidak,Ya,Tidak,Tidak,Ya,Ya,Ya
2934,Kos Sakura Yogyakarta 2934,Yogyakarta,Kasihan,1350000,Putra,Ya,Tidak,Ya,Ya,Ya,Ya,Ya,Ya,Tidak,Ya,Tidak,Ya,Tidak
2935,Kos Anggrek Yogyakarta 2935,Yogyakarta,Umbulharjo,1300000,Campur,Ya,Tidak,Tidak,Ya,Ya,Ya,Ya,Ya,Ya,Tidak,Tidak,Ya,Ya
2936,Kos Mawar Yogyakarta 2936,Yogyakarta,Depok,650000,Putra,Tidak,Ya,Ya,Ya,Tidak,Tidak,Ya,Ya,Ya,Ya,Ya,Tidak,Ya
2937,Kos Sakura Yogyakarta 2937,Yogyakarta,Mlati,1250000,Campur,Ya,Ya,Ya,Ya,Ya,Ya,Tidak,Ya,Tidak,Ya,Tidak,Ya,Tidak
2938,Kos Anggrek Yogyakarta 2938,Yogyakarta,Umbulharjo,1550000,Putri,Ya,Tidak,Ya,Ya,Ya,Ya,Ya,Tidak,Tidak,Tidak,Tidak,Tidak,Tidak
2939,Kos Harmoni Yogyakarta 2939,Yogyakarta,Kasihan,1150000,Putri,Ya,Ya,Ya,Ya,Ya,Tidak,Tidak,Ya,Tidak,Ya,Ya,Ya,Ya
2940,Kos Amanah Yogyakarta 2940,Yogyakarta,Depok,1650000,Putra,Tidak,Tidak,Tidak,Ya,Ya,Ya,Ya,Ya,Tidak,Tidak,Ya,Ya,Ya
2941,Kos Melati Yogyakarta 2941,Yogyakarta,Umbulharjo,1100000,Putri,Ya,Tidak,Tidak,Ya,Ya,Ya,Tidak,Ya,Tidak,Ya,Ya,Ya,Ya
2942,Kos Melati Yogyakarta 2942,Yogyakarta,Depok,650000,Putri,Ya,Tidak,Ya,Ya,Ya,Tidak,Ya,Ya,Ya,Tidak,Tidak,Ya,Ya
2943,Kos Wijaya Yogyakarta 2943,Yogyakarta,Mlati,1650000,Campur,Ya,Tidak,Ya,Ya,Ya,Ya,Ya,Ya,Tidak,Tidak,Ya,Ya,Ya
2944,Kos Cendana Yogyakarta 2944,Yogyakarta,Depok,1050000,Putri,Ya,Tidak,Tidak,Ya,Ya,Ya,Ya,Ya,Ya,Ya,Tidak,Ya,Tidak
2945,Kos Kenanga Yogyakarta 2945,Yogyakarta,Mlati,900000,Putra,Ya,Ya,Tidak,Ya,Ya,Ya,Ya,Ya,Ya,Ya,Tidak,Ya,Ya
2946,Kos Wijaya Yogyakarta 2946,Yogyakarta,Depok,1300000,Putra,Ya,Tidak,Ya,Ya,Ya,Tidak,Ya,Ya,Tidak,Tidak,Ya,Ya,Ya
2947,Kos Harmoni Yogyakarta 2947,Yogyakarta,Depok,1500000,Putri,Ya,Tidak,Ya,Ya,Ya,Ya,Ya,Ya,Tidak,Ya,Tidak,Ya,Ya
2948,Kos Puspa Yogyakarta 2948,Yogyakarta,Umbulharjo,1500000,Campur,Ya,Tidak,Ya,Ya,Ya,Tidak,Ya,Ya,Tidak,Tidak,Tidak,Ya,Tidak
2949,Kos Harmoni Yogyakarta 2949,Yogyakarta,Depok,1700000,Campur,Ya,Tidak,Tidak,Ya,Ya,Ya,Ya,Ya,Tidak,Ya,Ya,Tidak,Ya
2950,Kos Permata Yogyakarta 2950,Yogyakarta,Mlati,1000000,Campur,Ya,Tidak,Tidak,Ya,Ya,Ya,Ya,Ya,Tidak,Ya,Ya,Ya,Ya
2951,Kos Cendana Yogyakarta 2951,Yogyakarta,Mlati,1750000,Putra,Ya,Tidak,Tidak,Ya,Ya,Ya,Tidak,Ya,Tidak,Tidak,Tidak,Ya,Ya
2952,Kos Nusantara Yogyakarta 2952,Yogyakarta,Gondokusuman,1300000,Putri,Ya,Ya,Ya,Ya,Ya,Tidak,Ya,Ya,Tidak,Ya,Ya,Tidak,Tidak
2953,Kos Puspa Yogyakarta 2953,Yogyakarta,Mlati,1750000,Putra,Ya,Ya,Tidak,Ya,Ya,Ya,Ya,Ya,Ya,Ya,Tidak,Ya,Tidak
2954,Kos Permata Yogyakarta 2954,Yogyakarta,Gondokusuman,700000,Putra,Ya,Ya,Tidak,Ya,Ya,Tidak,Ya,Ya,Tidak,Tidak,Ya,Ya,Ya
2955,Kos Mawar Yogyakarta 2955,Yogyakarta,Umbulharjo,700000,Putra,Ya,Tidak,Ya,Ya,Ya,Ya,Ya,Ya,Ya,Tidak,Ya,Ya,Ya
2956,Kos Anggrek Yogyakarta 2956,Yogyakarta,Mlati,600000,Campur,Ya,Tidak,Ya,Ya,Tidak,Ya,Ya,Ya,Tidak,Ya,Tidak,Ya,Ya
2957,Kos Cendana Yogyakarta 2957,Yogyakarta,Umbulharjo,900000,Putri,Ya,Ya,Tidak,Ya,Ya,Ya,Ya,Ya,Ya,Tidak,Tidak,Ya,Ya
2958,Kos Nusantara Yogyakarta 2958,Yogyakarta,Umbulharjo,1550000,Campur,Tidak,Tidak,Tidak,Ya,Ya,Tidak,Ya,Ya,Tidak,Ya,Ya,Tidak,Tidak
2959,Kos Cendana Yogyakarta 2959,Yogyakarta,Mlati,1050000,Campur,Ya,Ya,Tidak,Ya,Ya,Ya,Ya,Ya,Ya,Ya,Tidak,Ya,Tidak
2960,Kos Cendana Yogyakarta 2960,Yogyakarta,Gondokusuman,1150000,Putra,Ya,Ya,Tidak,Ya,Ya,Ya,Ya,Ya,Tidak,Tidak,Ya,Ya,Tidak
2961,Kos Mawar Yogyakarta 2961,Yogyakarta,Mlati,650000,Campur,Ya,Tidak,Tidak,Ya,Ya,Ya,Tidak,Ya,Tidak,Ya,Ya,Ya,Ya
2962,Kos Permata Yogyakarta 2962,Yogyakarta,Gondokusuman,900000,Putra,Ya,Ya,Tidak,Ya,Ya,Tidak,Ya,Ya,Tidak,Ya,Tidak,Tidak,Tidak
2963,Kos Sakura Yogyakarta 2963,Yogyakarta,Mlati,1200000,Campur,Ya,Ya,Tidak,Ya,Ya,Ya,Ya,Ya,Tidak,Tidak,Ya,Ya,Ya
2964,Kos Mawar Yogyakarta 2964,Yogyakarta,Umbulharjo,1000000,Campur,Tidak,Ya,Tidak,Ya,Ya,Tidak,Tidak,Ya,Tidak,Tidak,Ya,Ya,Tidak
2965,Kos Amanah Yogyakarta 2965,Yogyakarta,Mlati,1750000,Campur,Ya,Ya,Ya,Ya,Ya,Ya,Tidak,Ya,Tidak,Ya,Ya,Ya,Ya
2966,Kos Amanah Yogyakarta 2966,Yogyakarta,Umbulharjo,600000,Putri,Ya,Tidak,Tidak,Ya,Ya,Ya,Tidak,Ya,Tidak,Tidak,Ya,Ya,Tidak
2967,Kos Puspa Yogyakarta 2967,Yogyakarta,Kasihan,800000,Putra,Ya,Tidak,Ya,Ya,Ya,Tidak,Ya,Ya,Tidak,Tidak,Tidak,Ya,Ya
2968,Kos Cendana Yogyakarta 2968,Yogyakarta,Umbulharjo,1100000,Putri,Ya,Ya,Ya,Ya,Ya,Ya,Ya,Ya,Tidak,Ya,Tidak,Ya,Ya
2969,Kos Permata Yogyakarta 2969,Yogyakarta,Depok,900000,Putri,Ya,Tidak,Tidak,Ya,Ya,Ya,Ya,Ya,Tidak,Ya,Ya,Ya,Tidak
2970,Kos Puspa Yogyakarta 2970,Yogyakarta,Mlati,1400000,Putra,Ya,Ya,Ya,Ya,Ya,Ya,Ya,Ya,Ya,Tidak,Ya,Tidak,Ya
2971,Kos Harmoni Yogyakarta 2971,Yogyakarta,Umbulharjo,1650000,Putri,Ya,Ya,Tidak,Ya,Ya,Ya,Ya,Ya,Tidak,Ya,Tidak,Ya,Tidak
2972,Kos Permata Yogyakarta 2972,Yogyakarta,Umbulharjo,600000,Putri,Tidak,Ya,Tidak,Ya,Ya,Ya,Tidak,Ya,Tidak,Tidak,Ya,Ya,Tidak
2973,Kos Kenanga Yogyakarta 2973,Yogyakarta,Gondokusuman,1800000,Putra,Ya,Tidak,Tidak,Ya,Ya,Ya,Tidak,Ya,Tidak,Ya,Tidak,Ya,Tidak
2974,Kos Harmoni Yogyakarta 2974,Yogyakarta,Mlati,1000000,Putra,Ya,Tidak,Ya,Ya,Ya,Tidak,Tidak,Ya,Tidak,Ya,Ya,Tidak,Tidak
2975,Kos Melati Yogyakarta 2975,Yogyakarta,Umbulharjo,500000,Putri,Ya,Tidak,Tidak,Ya,Ya,Ya,Tidak,Ya,Tidak,Ya,Tidak,Ya,Tidak
2976,Kos Anggrek Yogyakarta 2976,Yogyakarta,Mlati,1500000,Putri,Ya,Tidak,Tidak,Ya,Ya,Tidak,Ya,Ya,Tidak,Tidak,Tidak,Tidak,Tidak
2977,Kos Puspa Yogyakarta 2977,Yogyakarta,Depok,1350000,Putra,Ya,Ya,Tidak,Ya,Ya,Ya,Ya,Ya,Tidak,Tidak,Ya,Ya,Ya
2978,Kos Nusantara Yogyakarta 2978,Yogyakarta,Umbulharjo,1500000,Campur,Ya,Tidak,Tidak,Ya,Ya,Tidak,Ya,Ya,Tidak,Ya,Tidak,Ya,Ya
2979,Kos Kenanga Yogyakarta 2979,Yogyakarta,Kasihan,1600000,Putri,Ya,Tidak,Tidak,Ya,Ya,Tidak,Ya,Ya,Tidak,Ya,Tidak,Ya,Ya
2980,Kos Wijaya Yogyakarta 2980,Yogyakarta,Mlati,650000,Putri,Ya,Tidak,Tidak,Ya,Ya,Ya,Tidak,Ya,Tidak,Tidak,Ya,Ya,Ya
2981,Kos Harmoni Yogyakarta 2981,Yogyakarta,Kasihan,600000,Putri,Ya,Ya,Tidak,Ya,Ya,Ya,Tidak,Ya,Ya,Tidak,Tidak,Tidak,Tidak
2982,Kos Anggrek Yogyakarta 2982,Yogyakarta,Depok,1300000,Putri,Ya,Tidak,Ya,Ya,Ya,Ya,Ya,Ya,Ya,Ya,Tidak,Ya,Tidak
2983,Kos Harmoni Yogyakarta 2983,Yogyakarta,Depok,1600000,Putri,Ya,Tidak,Ya,Ya,Ya,Tidak,Ya,Tidak,Tidak,Ya,Ya,Ya,Ya
2984,Kos Harmoni Yogyakarta 2984,Yogyakarta,Mlati,1500000,Putri,Ya,Tidak,Tidak,Ya,Ya,Tidak,Ya,Ya,Tidak,Ya,Tidak,Ya,Tidak
2985,Kos Puspa Yogyakarta 2985,Yogyakarta,Gondokusuman,1000000,Campur,Tidak,Ya,Ya,Ya,Ya,Ya,Ya,Ya,Tidak,Ya,Tidak,Ya,Tidak
2986,Kos Melati Yogyakarta 2986,Yogyakarta,Umbulharjo,1650000,Putra,Ya,Ya,Tidak,Ya,Ya,Ya,Tidak,Ya,Tidak,Tidak,Tidak,Ya,Ya
2987,Kos Amanah Yogyakarta 2987,Yogyakarta,Gondokusuman,1100000,Putra,Tidak,Tidak,Ya,Ya,Ya,Ya,Tidak,Ya,Ya,Tidak,Tidak,Ya,Ya
2988,Kos Kenanga Yogyakarta 2988,Yogyakarta,Umbulharjo,500000,Putri,Ya,Tidak,Ya,Ya,Ya,Ya,Ya,Ya,Tidak,Tidak,Ya,Ya,Ya
2989,Kos Amanah Yogyakarta 2989,Yogyakarta,Mlati,1450000,Putri,Ya,Tidak,Tidak,Ya,Ya,Ya,Ya,Ya,Tidak,Ya,Ya,Ya,Tidak
2990,Kos Amanah Yogyakarta 2990,Yogyakarta,Gondokusuman,1650000,Putri,Tidak,Tidak,Ya,Ya,Ya,Ya,Ya,Ya,Tidak,Tidak,Tidak,Ya,Tidak
2991,Kos Anggrek Yogyakarta 2991,Yogyakarta,Depok,900000,Putri,Ya,Tidak,Tidak,Ya,Ya,Tidak,Tidak,Ya,Ya,Ya,Ya,Ya,Tidak
2992,Kos Amanah Yogyakarta 2992,Yogyakarta,Umbulharjo,1800000,Putri,Ya,Ya,Tidak,Ya,Ya,Tidak,Tidak,Ya,Tidak,Ya,Tidak,Ya,Ya
2993,Kos Sakura Yogyakarta 2993,Yogyakarta,Kasihan,1700000,Putri,Ya,Ya,Ya,Ya,Ya,Ya,Ya,Ya,Ya,Tidak,Ya,Ya,Tidak
2994,Kos Puspa Yogyakarta 2994,Yogyakarta,Kasihan,650000,Campur,Ya,Tidak,Ya,Ya,Ya,Ya,Ya,Ya,Tidak,Ya,Ya,Ya,Tidak
2995,Kos Amanah Yogyakarta 2995,Yogyakarta,Umbulharjo,800000,Putri,Ya,Tidak,Ya,Ya,Ya,Ya,Ya,Ya,Tidak,Ya,Tidak,Ya,Ya
2996,Kos Kenanga Yogyakarta 2996,Yogyakarta,Gondokusuman,1750000,Putra,Ya,Tidak,Ya,Ya,Ya,Tidak,Ya,Ya,Tidak,Ya,Tidak,Ya,Ya
2997,Kos Anggrek Yogyakarta 2997,Yogyakarta,Gondokusuman,1600000,Putri,Ya,Tidak,Ya,Ya,Ya,Ya,Ya,Ya,Tidak,Ya,Tidak,Ya,Ya
2998,Kos Nusantara Yogyakarta 2998,Yogyakarta,Depok,1400000,Putri,Ya,Tidak,Tidak,Ya,Ya,Ya,Ya,Ya,Tidak,Ya,Ya,Ya,Ya
2999,Kos Nusantara Yogyakarta 2999,Yogyakarta,Umbulharjo,1750000,Putra,Ya,Ya,Tidak,Ya,Ya,Tidak,Ya,Ya,Ya,Tidak,Ya,Ya,Ya
3000,Kos Melati Yogyakarta 3000,Yogyakarta,Depok,1400000,Putra,Ya,Tidak,Ya,Ya,Ya,Tidak,Ya,Tidak,Tidak,Tidak,Ya,Tidak,Ya
3001,Kos Nusantara Yogyakarta 3001,Yogyakarta,Depok,900000,Putra,Ya,Ya,Tidak,Ya,Ya,Ya,Ya,Ya,Tidak,Tidak,Ya,Tidak,Ya
3002,Kos Anggrek Yogyakarta 3002,Yogyakarta,Depok,600000,Campur,Ya,Tidak,Tidak,Ya,Ya,Ya,Ya,Ya,Ya,Tidak,Tidak,Ya,Tidak
3003,Kos Puspa Yogyakarta 3003,Yogyakarta,Depok,900000,Putri,Ya,Tidak,Tidak,Ya,Ya,Ya,Ya,Ya,Tidak,Ya,Ya,Ya,Ya
3004,Kos Permata Yogyakarta 3004,Yogyakarta,Kasihan,1350000,Campur,Tidak,Ya,Tidak,Ya,Ya,Ya,Ya,Ya,Tidak,Ya,Ya,Tidak,Tidak
3005,Kos Mawar Yogyakarta 3005,Yogyakarta,Umbulharjo,1550000,Campur,Ya,Tidak,Ya,Ya,Ya,Ya,Tidak,Ya,Tidak,Tidak,Ya,Ya,Ya
3006,Kos Nusantara Yogyakarta 3006,Yogyakarta,Mlati,800000,Putra,Ya,Tidak,Ya,Ya,Ya,Ya,Tidak,Ya,Tidak,Ya,Tidak,Tidak,Tidak
3007,Kos Cendana Yogyakarta 3007,Yogyakarta,Mlati,600000,Campur,Ya,Ya,Tidak,Ya,Ya,Tidak,Tidak,Ya,Tidak,Tidak,Tidak,Tidak,Ya
3008,Kos Mawar Yogyakarta 3008,Yogyakarta,Kasihan,1750000,Campur,Ya,Tidak,Tidak,Ya,Ya,Tidak,Ya,Tidak,Tidak,Tidak,Tidak,Ya,Tidak
3009,Kos Anggrek Yogyakarta 3009,Yogyakarta,Umbulharjo,1450000,Campur,Ya,Tidak,Ya,Ya,Ya,Ya,Ya,Ya,Tidak,Ya,Tidak,Tidak,Tidak
3010,Kos Puspa Yogyakarta 3010,Yogyakarta,Kasihan,1600000,Putri,Ya,Ya,Ya,Ya,Ya,Tidak,Ya,Ya,Tidak,Tidak,Ya,Ya,Ya
3011,Kos Mawar Yogyakarta 3011,Yogyakarta,Kasihan,1500000,Putra,Ya,Ya,Ya,Ya,Ya,Ya,Ya,Ya,Ya,Tidak,Tidak,Ya,Ya
3012,Kos Wijaya Yogyakarta 3012,Yogyakarta,Umbulharjo,850000,Putra,Ya,Tidak,Tidak,Ya,Ya,Tidak,Ya,Ya,Ya,Tidak,Tidak,Tidak,Ya
3013,Kos Puspa Yogyakarta 3013,Yogyakarta,Kasihan,1600000,Putra,Tidak,Ya,Ya,Ya,Tidak,Tidak,Tidak,Ya,Tidak,Tidak,Tidak,Ya,Ya
3014,Kos Anggrek Yogyakarta 3014,Yogyakarta,Gondokusuman,950000,Campur,Tidak,Ya,Ya,Ya,Ya,Ya,Ya,Ya,Ya,Tidak,Tidak,Ya,Tidak
3015,Kos Sakura Yogyakarta 3015,Yogyakarta,Mlati,650000,Putri,Ya,Ya,Tidak,Ya,Ya,Ya,Ya,Ya,Tidak,Tidak,Tidak,Ya,Ya
3016,Kos Sakura Yogyakarta 3016,Yogyakarta,Depok,1600000,Putra,Ya,Ya,Tidak,Ya,Ya,Tidak,Tidak,Ya,Tidak,Tidak,Tidak,Ya,Tidak
3017,Kos Anggrek Yogyakarta 3017,Yogyakarta,Depok,700000,Putri,Ya,Ya,Tidak,Ya,Ya,Ya,Tidak,Ya,Tidak,Ya,Tidak,Tidak,Ya
3018,Kos Wijaya Yogyakarta 3018,Yogyakarta,Umbulharjo,1800000,Putri,Ya,Tidak,Tidak,Ya,Ya,Tidak,Tidak,Ya,Ya,Ya,Ya,Ya,Ya
3019,Kos Anggrek Yogyakarta 3019,Yogyakarta,Umbulharjo,1050000,Putri,Ya,Ya,Ya,Ya,Ya,Ya,Tidak,Ya,Tidak,Tidak,Ya,Ya,Tidak
3020,Kos Harmoni Yogyakarta 3020,Yogyakarta,Umbulharjo,1150000,Campur,Ya,Tidak,Tidak,Ya,Ya,Tidak,Ya,Ya,Tidak,Tidak,Ya,Ya,Ya
3021,Kos Wijaya Yogyakarta 3021,Yogyakarta,Kasihan,1050000,Campur,Ya,Tidak,Tidak,Ya,Tidak,Ya,Tidak,Tidak,Tidak,Ya,Ya,Ya,Ya
3022,Kos Anggrek Yogyakarta 3022,Yogyakarta,Depok,650000,Putri,Ya,Tidak,Tidak,Ya,Ya,Ya,Tidak,Tidak,Ya,Ya,Tidak,Ya,Tidak
3023,Kos Mawar Yogyakarta 3023,Yogyakarta,Kasihan,550000,Campur,Ya,Ya,Ya,Ya,Tidak,Ya,Ya,Ya,Tidak,Ya,Ya,Ya,Tidak
3024,Kos Sakura Yogyakarta 3024,Yogyakarta,Umbulharjo,1000000,Putra,Ya,Ya,Tidak,Ya,Ya,Ya,Ya,Ya,Tidak,Ya,Ya,Ya,Ya
3025,Kos Kenanga Yogyakarta 3025,Yogyakarta,Gondokusuman,1600000,Campur,Ya,Tidak,Ya,Ya,Ya,Ya,Ya,Ya,Tidak,Ya,Ya,Ya,Tidak
3026,Kos Anggrek Yogyakarta 3026,Yogyakarta,Depok,700000,Putri,Tidak,Tidak,Ya,Ya,Ya,Ya,Tidak,Ya,Tidak,Tidak,Ya,Tidak,Tidak
3027,Kos Puspa Yogyakarta 3027,Yogyakarta,Kasihan,1500000,Campur,Tidak,Ya,Tidak,Ya,Ya,Ya,Tidak,Ya,Tidak,Tidak,Ya,Ya,Tidak
3028,Kos Permata Yogyakarta 3028,Yogyakarta,Gondokusuman,600000,Putra,Ya,Tidak,Ya,Ya,Ya,Ya,Ya,Ya,Tidak,Tidak,Ya,Ya,Ya
3029,Kos Wijaya Yogyakarta 3029,Yogyakarta,Depok,1400000,Putri,Ya,Tidak,Ya,Ya,Ya,Ya,Tidak,Ya,Tidak,Ya,Ya,Ya,Ya
3030,Kos Kenanga Yogyakarta 3030,Yogyakarta,Depok,500000,Campur,Ya,Tidak,Ya,Ya,Ya,Ya,Tidak,Ya,Tidak,Tidak,Ya,Ya,Tidak
3031,Kos Cendana Yogyakarta 3031,Yogyakarta,Gondokusuman,1800000,Putra,Ya,Tidak,Tidak,Ya,Ya,Tidak,Tidak,Ya,Tidak,Ya,Ya,Ya,Ya
3032,Kos Melati Yogyakarta 3032,Yogyakarta,Kasihan,550000,Putri,Ya,Tidak,Tidak,Ya,Ya,Ya,Ya,Ya,Tidak,Ya,Ya,Ya,Ya
3033,Kos Melati Yogyakarta 3033,Yogyakarta,Umbulharjo,1400000,Putra,Ya,Tidak,Tidak,Ya,Tidak,Tidak,Tidak,Ya,Tidak,Ya,Tidak,Tidak,Tidak
3034,Kos Cendana Yogyakarta 3034,Yogyakarta,Mlati,1250000,Putri,Ya,Ya,Ya,Ya,Ya,Ya,Tidak,Ya,Tidak,Ya,Tidak,Ya,Tidak
3035,Kos Wijaya Yogyakarta 3035,Yogyakarta,Depok,1300000,Putri,Ya,Ya,Tidak,Ya,Ya,Ya,Ya,Ya,Tidak,Ya,Tidak,Tidak,Tidak
3036,Kos Wijaya Yogyakarta 3036,Yogyakarta,Kasihan,650000,Putra,Ya,Ya,Ya,Ya,Ya,Ya,Ya,Ya,Tidak,Tidak,Ya,Tidak,Tidak
3037,Kos Kenanga Yogyakarta 3037,Yogyakarta,Kasihan,1600000,Putra,Ya,Ya,Ya,Ya,Ya,Ya,Ya,Ya,Tidak,Ya,Ya,Tidak,Tidak
3038,Kos Harmoni Yogyakarta 3038,Yogyakarta,Mlati,1750000,Putri,Ya,Tidak,Tidak,Ya,Ya,Tidak,Ya,Ya,Tidak,Tidak,Tidak,Ya,Ya
3039,Kos Amanah Yogyakarta 3039,Yogyakarta,Kasihan,1250000,Campur,Ya,Tidak,Ya,Ya,Ya,Ya,Ya,Ya,Tidak,Ya,Tidak,Tidak,Ya
3040,Kos Sakura Yogyakarta 3040,Yogyakarta,Mlati,550000,Putra,Ya,Ya,Tidak,Ya,Ya,Ya,Ya,Ya,Ya,Tidak,Ya,Tidak,Tidak
3041,Kos Mawar Yogyakarta 3041,Yogyakarta,Gondokusuman,700000,Putri,Ya,Tidak,Tidak,Ya,Ya,Ya,Ya,Ya,Tidak,Ya,Tidak,Ya,Ya
3042,Kos Permata Yogyakarta 3042,Yogyakarta,Mlati,1500000,Campur,Ya,Tidak,Ya,Ya,Ya,Tidak,Ya,Ya,Ya,Tidak,Tidak,Ya,Ya
3043,Kos Melati Yogyakarta 3043,Yogyakarta,Umbulharjo,850000,Putra,Ya,Tidak,Ya,Ya,Ya,Ya,Tidak,Ya,Tidak,Tidak,Tidak,Ya,Tidak
3044,Kos Cendana Yogyakarta 3044,Yogyakarta,Gondokusuman,950000,Putri,Tidak,Tidak,Ya,Ya,Ya,Tidak,Ya,Ya,Tidak,Ya,Tidak,Ya,Tidak
3045,Kos Wijaya Yogyakarta 3045,Yogyakarta,Gondokusuman,1650000,Putri,Ya,Ya,Ya,Ya,Ya,Ya,Ya,Ya,Ya,Ya,Ya,Tidak,Tidak
3046,Kos Puspa Yogyakarta 3046,Yogyakarta,Umbulharjo,1350000,Campur,Ya,Tidak,Ya,Ya,Ya,Ya,Tidak,Ya,Tidak,Ya,Tidak,Ya,Ya
3047,Kos Permata Yogyakarta 3047,Yogyakarta,Kasihan,900000,Putri,Tidak,Tidak,Tidak,Ya,Ya,Ya,Ya,Ya,Tidak,Tidak,Tidak,Ya,Ya
3048,Kos Wijaya Yogyakarta 3048,Yogyakarta,Mlati,1400000,Putra,Ya,Ya,Ya,Ya,Ya,Tidak,Ya,Ya,Tidak,Ya,Ya,Ya,Tidak
3049,Kos Sakura Yogyakarta 3049,Yogyakarta,Gondokusuman,700000,Putri,Ya,Ya,Ya,Ya,Ya,Ya,Ya,Ya,Tidak,Ya,Tidak,Tidak,Tidak
3050,Kos Cendana Yogyakarta 3050,Yogyakarta,Gondokusuman,700000,Putra,Ya,Tidak,Tidak,Ya,Ya,Ya,Tidak,Ya,Tidak,Tidak,Ya,Tidak,Ya
3051,Kos Amanah Yogyakarta 3051,Yogyakarta,Depok,1050000,Putra,Tidak,Ya,Tidak,Ya,Ya,Ya,Ya,Ya,Ya,Ya,Tidak,Tidak,Ya
3052,Kos Sakura Yogyakarta 3052,Yogyakarta,Mlati,850000,Campur,Ya,Ya,Ya,Ya,Ya,Tidak,Tidak,Ya,Tidak,Tidak,Ya,Ya,Ya
3053,Kos Puspa Yogyakarta 3053,Yogyakarta,Kasihan,1350000,Putri,Ya,Tidak,Ya,Ya,Ya,Ya,Ya,Ya,Tidak,Tidak,Ya,Ya,Ya
3054,Kos Cendana Yogyakarta 3054,Yogyakarta,Mlati,1150000,Campur,Ya,Tidak,Ya,Ya,Ya,Ya,Ya,Ya,Tidak,Tidak,Tidak,Ya,Ya
3055,Kos Cendana Yogyakarta 3055,Yogyakarta,Depok,1300000,Putra,Ya,Ya,Tidak,Ya,Ya,Tidak,Ya,Ya,Ya,Tidak,Tidak,Ya,Tidak
3056,Kos Permata Yogyakarta 3056,Yogyakarta,Kasihan,1650000,Putri,Ya,Tidak,Tidak,Ya,Ya,Ya,Tidak,Ya,Ya,Ya,Tidak,Ya,Ya
3057,Kos Puspa Yogyakarta 3057,Yogyakarta,Mlati,750000,Putra,Tidak,Ya,Tidak,Ya,Ya,Ya,Tidak,Ya,Tidak,Ya,Tidak,Ya,Tidak
3058,Kos Harmoni Yogyakarta 3058,Yogyakarta,Mlati,950000,Putri,Ya,Ya,Tidak,Ya,Ya,Tidak,Tidak,Ya,Ya,Tidak,Tidak,Ya,Ya
3059,Kos Melati Yogyakarta 3059,Yogyakarta,Mlati,1050000,Putri,Ya,Tidak,Tidak,Ya,Ya,Tidak,Ya,Ya,Ya,Tidak,Ya,Ya,Tidak
3060,Kos Kenanga Yogyakarta 3060,Yogyakarta,Gondokusuman,1500000,Putri,Ya,Tidak,Ya,Ya,Ya,Ya,Ya,Ya,Tidak,Tidak,Tidak,Ya,Tidak
3061,Kos Puspa Yogyakarta 3061,Yogyakarta,Gondokusuman,650000,Putri,Ya,Ya,Ya,Ya,Ya,Tidak,Ya,Ya,Tidak,Ya,Tidak,Ya,Ya
3062,Kos Sakura Yogyakarta 3062,Yogyakarta,Mlati,650000,Putri,Ya,Tidak,Tidak,Ya,Ya,Ya,Ya,Ya,Ya,Ya,Ya,Ya,Tidak
3063,Kos Amanah Yogyakarta 3063,Yogyakarta,Mlati,1350000,Putra,Ya,Tidak,Ya,Ya,Tidak,Ya,Ya,Ya,Tidak,Ya,Ya,Ya,Tidak
3064,Kos Sakura Yogyakarta 3064,Yogyakarta,Kasihan,1750000,Putra,Ya,Tidak,Tidak,Ya,Ya,Ya,Ya,Ya,Tidak,Tidak,Ya,Ya,Ya
3065,Kos Nusantara Yogyakarta 3065,Yogyakarta,Depok,550000,Putra,Ya,Ya,Tidak,Ya,Ya,Ya,Tidak,Ya,Tidak,Tidak,Ya,Tidak,Tidak
3066,Kos Kenanga Yogyakarta 3066,Yogyakarta,Umbulharjo,1000000,Campur,Ya,Tidak,Ya,Ya,Ya,Ya,Ya,Ya,Ya,Ya,Tidak,Ya,Ya
3067,Kos Anggrek Yogyakarta 3067,Yogyakarta,Gondokusuman,750000,Campur,Ya,Tidak,Tidak,Ya,Ya,Ya,Ya,Ya,Tidak,Tidak,Tidak,Ya,Ya
3068,Kos Amanah Yogyakarta 3068,Yogyakarta,Kasihan,500000,Putra,Ya,Ya,Tidak,Ya,Ya,Ya,Ya,Ya,Ya,Tidak,Tidak,Ya,Ya
3069,Kos Puspa Yogyakarta 3069,Yogyakarta,Umbulharjo,1350000,Putra,Ya,Tidak,Tidak,Ya,Ya,Ya,Tidak,Ya,Tidak,Tidak,Ya,Tidak,Ya
3070,Kos Harmoni Yogyakarta 3070,Yogyakarta,Depok,650000,Putri,Ya,Tidak,Tidak,Ya,Tidak,Ya,Ya,Ya,Ya,Tidak,Tidak,Ya,Tidak
3071,Kos Sakura Yogyakarta 3071,Yogyakarta,Gondokusuman,500000,Putra,Ya,Ya,Ya,Ya,Ya,Ya,Ya,Tidak,Ya,Tidak,Tidak,Ya,Ya
3072,Kos Nusantara Yogyakarta 3072,Yogyakarta,Gondokusuman,1050000,Campur,Ya,Tidak,Ya,Ya,Ya,Ya,Tidak,Ya,Tidak,Tidak,Tidak,Ya,Ya
3073,Kos Nusantara Yogyakarta 3073,Yogyakarta,Gondokusuman,750000,Putri,Ya,Tidak,Ya,Ya,Ya,Ya,Ya,Ya,Tidak,Tidak,Tidak,Ya,Ya
3074,Kos Mawar Yogyakarta 3074,Yogyakarta,Umbulharjo,1300000,Campur,Ya,Ya,Tidak,Ya,Ya,Ya,Ya,Ya,Tidak,Ya,Tidak,Tidak,Ya
3075,Kos Puspa Yogyakarta 3075,Yogyakarta,Gondokusuman,1050000,Putra,Ya,Tidak,Tidak,Ya,Ya,Ya,Ya,Ya,Tidak,Ya,Tidak,Tidak,Ya
3076,Kos Sakura Yogyakarta 3076,Yogyakarta,Mlati,1200000,Campur,Ya,Tidak,Tidak,Ya,Ya,Tidak,Tidak,Ya,Ya,Tidak,Tidak,Ya,Ya
3077,Kos Amanah Yogyakarta 3077,Yogyakarta,Depok,1050000,Putra,Ya,Ya,Ya,Ya,Ya,Tidak,Ya,Ya,Tidak,Ya,Tidak,Ya,Ya
3078,Kos Nusantara Yogyakarta 3078,Yogyakarta,Kasihan,1800000,Campur,Ya,Tidak,Ya,Ya,Ya,Ya,Ya,Ya,Tidak,Ya,Tidak,Ya,Ya
3079,Kos Puspa Yogyakarta 3079,Yogyakarta,Gondokusuman,550000,Putra,Ya,Tidak,Ya,Ya,Ya,Ya,Ya,Ya,Tidak,Ya,Tidak,Tidak,Ya
3080,Kos Amanah Yogyakarta 3080,Yogyakarta,Umbulharjo,1750000,Putri,Ya,Ya,Ya,Ya,Ya,Ya,Tidak,Ya,Tidak,Tidak,Ya,Ya,Ya
3081,Kos Wijaya Yogyakarta 3081,Yogyakarta,Kasihan,1500000,Campur,Ya,Tidak,Ya,Ya,Ya,Ya,Ya,Ya,Ya,Ya,Tidak,Ya,Ya
3082,Kos Wijaya Yogyakarta 3082,Yogyakarta,Depok,500000,Putri,Ya,Ya,Tidak,Ya,Ya,Ya,Ya,Ya,Tidak,Tidak,Ya,Tidak,Ya
3083,Kos Harmoni Yogyakarta 3083,Yogyakarta,Kasihan,550000,Putra,Ya,Ya,Ya,Ya,Ya,Ya,Ya,Ya,Ya,Ya,Tidak,Ya,Ya
3084,Kos Wijaya Yogyakarta 3084,Yogyakarta,Umbulharjo,1150000,Putri,Ya,Ya,Tidak,Ya,Ya,Tidak,Tidak,Ya,Tidak,Tidak,Tidak,Tidak,Ya
3085,Kos Nusantara Yogyakarta 3085,Yogyakarta,Mlati,1050000,Putra,Ya,Tidak,Ya,Ya,Tidak,Ya,Ya,Ya,Tidak,Tidak,Ya,Tidak,Ya
3086,Kos Sakura Yogyakarta 3086,Yogyakarta,Gondokusuman,900000,Campur,Ya,Tidak,Tidak,Ya,Ya,Tidak,Ya,Ya,Tidak,Ya,Ya,Tidak,Ya
3087,Kos Anggrek Yogyakarta 3087,Yogyakarta,Gondokusuman,1500000,Putri,Ya,Tidak,Ya,Ya,Ya,Ya,Ya,Ya,Tidak,Ya,Tidak,Tidak,Ya
3088,Kos Anggrek Yogyakarta 3088,Yogyakarta,Mlati,850000,Putra,Ya,Tidak,Ya,Ya,Ya,Ya,Tidak,Ya,Ya,Ya,Tidak,Ya,Ya
3089,Kos Sakura Yogyakarta 3089,Yogyakarta,Depok,850000,Putra,Ya,Ya,Tidak,Ya,Ya,Ya,Tidak,Ya,Ya,Ya,Ya,Ya,Tidak
3090,Kos Mawar Yogyakarta 3090,Yogyakarta,Depok,1800000,Campur,Ya,Tidak,Tidak,Ya,Ya,Ya,Ya,Ya,Ya,Tidak,Tidak,Ya,Ya
3091,Kos Puspa Yogyakarta 3091,Yogyakarta,Umbulharjo,1500000,Putra,Ya,Ya,Tidak,Ya,Ya,Ya,Tidak,Ya,Tidak,Tidak,Ya,Ya,Tidak
3092,Kos Anggrek Yogyakarta 3092,Yogyakarta,Kasihan,900000,Putri,Ya,Ya,Tidak,Ya,Ya,Tidak,Ya,Tidak,Tidak,Tidak,Ya,Ya,Tidak
3093,Kos Permata Yogyakarta 3093,Yogyakarta,Mlati,1300000,Campur,Ya,Ya,Ya,Ya,Tidak,Ya,Tidak,Ya,Ya,Ya,Ya,Ya,Tidak
3094,Kos Kenanga Yogyakarta 3094,Yogyakarta,Kasihan,1700000,Campur,Ya,Ya,Tidak,Ya,Ya,Tidak,Tidak,Ya,Tidak,Tidak,Tidak,Ya,Ya
3095,Kos Puspa Yogyakarta 3095,Yogyakarta,Gondokusuman,1050000,Campur,Tidak,Tidak,Ya,Ya,Ya,Ya,Tidak,Ya,Ya,Tidak,Tidak,Ya,Ya
3096,Kos Sakura Yogyakarta 3096,Yogyakarta,Kasihan,1450000,Campur,Ya,Tidak,Ya,Ya,Tidak,Ya,Ya,Ya,Tidak,Ya,Ya,Ya,Tidak
3097,Kos Melati Yogyakarta 3097,Yogyakarta,Mlati,850000,Campur,Ya,Tidak,Tidak,Ya,Ya,Ya,Tidak,Ya,Ya,Tidak,Ya,Ya,Ya
3098,Kos Cendana Yogyakarta 3098,Yogyakarta,Depok,1500000,Putri,Ya,Ya,Tidak,Ya,Ya,Ya,Ya,Tidak,Ya,Ya,Ya,Tidak,Ya
3099,Kos Harmoni Yogyakarta 3099,Yogyakarta,Kasihan,1200000,Campur,Ya,Ya,Ya,Ya,Ya,Ya,Ya,Ya,Tidak,Tidak,Ya,Ya,Ya
3100,Kos Mawar Yogyakarta 3100,Yogyakarta,Depok,1500000,Putri,Ya,Ya,Ya,Ya,Ya,Tidak,Tidak,Ya,Tidak,Ya,Tidak,Ya,Tidak
3101,Kos Cendana Yogyakarta 3101,Yogyakarta,Depok,1800000,Putri,Ya,Ya,Ya,Ya,Ya,Ya,Tidak,Ya,Tidak,Tidak,Ya,Ya,Tidak
3102,Kos Harmoni Yogyakarta 3102,Yogyakarta,Kasihan,1300000,Campur,Ya,Tidak,Tidak,Ya,Ya,Tidak,Ya,Ya,Tidak,Ya,Ya,Tidak,Ya
3103,Kos Kenanga Yogyakarta 3103,Yogyakarta,Umbulharjo,650000,Putra,Ya,Tidak,Ya,Ya,Ya,Tidak,Tidak,Ya,Tidak,Ya,Ya,Tidak,Tidak
3104,Kos Kenanga Yogyakarta 3104,Yogyakarta,Depok,1050000,Putri,Ya,Tidak,Tidak,Ya,Ya,Tidak,Ya,Ya,Tidak,Ya,Tidak,Ya,Ya
3105,Kos Puspa Yogyakarta 3105,Yogyakarta,Umbulharjo,1400000,Putri,Ya,Ya,Tidak,Ya,Ya,Ya,Ya,Ya,Tidak,Ya,Tidak,Ya,Ya
3106,Kos Puspa Yogyakarta 3106,Yogyakarta,Umbulharjo,650000,Putra,Ya,Ya,Tidak,Ya,Ya,Ya,Ya,Ya,Tidak,Ya,Ya,Ya,Tidak
3107,Kos Sakura Yogyakarta 3107,Yogyakarta,Umbulharjo,1450000,Putra,Ya,Tidak,Tidak,Ya,Ya,Ya,Ya,Ya,Ya,Ya,Tidak,Ya,Ya
3108,Kos Puspa Yogyakarta 3108,Yogyakarta,Gondokusuman,1550000,Putra,Ya,Ya,Ya,Ya,Ya,Tidak,Tidak,Ya,Tidak,Tidak,Tidak,Tidak,Tidak
3109,Kos Mawar Yogyakarta 3109,Yogyakarta,Depok,850000,Campur,Ya,Ya,Ya,Ya,Ya,Ya,Tidak,Ya,Tidak,Ya,Ya,Ya,Ya
3110,Kos Melati Yogyakarta 3110,Yogyakarta,Gondokusuman,1150000,Putri,Ya,Ya,Ya,Ya,Ya,Ya,Ya,Ya,Tidak,Tidak,Tidak,Ya,Ya
3111,Kos Puspa Yogyakarta 3111,Yogyakarta,Depok,550000,Campur,Ya,Tidak,Tidak,Ya,Ya,Ya,Ya,Ya,Tidak,Tidak,Ya,Ya,Ya
3112,Kos Melati Yogyakarta 3112,Yogyakarta,Umbulharjo,600000,Campur,Ya,Ya,Tidak,Ya,Ya,Ya,Ya,Ya,Tidak,Tidak,Tidak,Ya,Tidak
3113,Kos Harmoni Yogyakarta 3113,Yogyakarta,Umbulharjo,1550000,Putri,Ya,Tidak,Ya,Ya,Ya,Ya,Tidak,Ya,Tidak,Ya,Tidak,Ya,Ya
3114,Kos Anggrek Yogyakarta 3114,Yogyakarta,Umbulharjo,1300000,Putra,Ya,Tidak,Ya,Ya,Tidak,Tidak,Ya,Ya,Tidak,Ya,Tidak,Ya,Tidak
3115,Kos Mawar Yogyakarta 3115,Yogyakarta,Mlati,1100000,Putri,Ya,Ya,Ya,Ya,Ya,Ya,Ya,Ya,Ya,Ya,Tidak,Ya,Ya
3116,Kos Sakura Yogyakarta 3116,Yogyakarta,Mlati,1450000,Putri,Ya,Tidak,Ya,Ya,Ya,Tidak,Tidak,Ya,Tidak,Ya,Tidak,Tidak,Ya
3117,Kos Kenanga Yogyakarta 3117,Yogyakarta,Gondokusuman,900000,Putra,Ya,Ya,Ya,Ya,Ya,Ya,Ya,Ya,Tidak,Tidak,Ya,Ya,Ya
3118,Kos Wijaya Yogyakarta 3118,Yogyakarta,Gondokusuman,650000,Putri,Ya,Ya,Ya,Ya,Ya,Ya,Tidak,Ya,Tidak,Ya,Tidak,Ya,Tidak
3119,Kos Cendana Yogyakarta 3119,Yogyakarta,Umbulharjo,1100000,Campur,Ya,Ya,Tidak,Ya,Ya,Ya,Tidak,Ya,Tidak,Ya,Ya,Tidak,Ya
3120,Kos Anggrek Yogyakarta 3120,Yogyakarta,Mlati,1150000,Putra,Ya,Ya,Tidak,Ya,Ya,Ya,Tidak,Ya,Tidak,Tidak,Tidak,Ya,Ya
3121,Kos Sakura Yogyakarta 3121,Yogyakarta,Gondokusuman,500000,Putri,Ya,Tidak,Ya,Ya,Ya,Tidak,Ya,Ya,Tidak,Ya,Tidak,Ya,Ya
3122,Kos Mawar Yogyakarta 3122,Yogyakarta,Kasihan,1250000,Putra,Ya,Ya,Ya,Ya,Ya,Tidak,Ya,Ya,Tidak,Ya,Tidak,Ya,Tidak
3123,Kos Melati Yogyakarta 3123,Yogyakarta,Kasihan,1350000,Putri,Ya,Tidak,Tidak,Ya,Ya,Ya,Ya,Ya,Tidak,Tidak,Tidak,Ya,Ya
3124,Kos Nusantara Yogyakarta 3124,Yogyakarta,Umbulharjo,1550000,Campur,Ya,Ya,Ya,Ya,Ya,Ya,Ya,Ya,Tidak,Tidak,Ya,Ya,Ya
3125,Kos Wijaya Yogyakarta 3125,Yogyakarta,Gondokusuman,1750000,Putri,Ya,Ya,Ya,Ya,Ya,Ya,Ya,Ya,Ya,Tidak,Tidak,Tidak,Ya
3126,Kos Amanah Yogyakarta 3126,Yogyakarta,Umbulharjo,1750000,Putra,Ya,Tidak,Ya,Ya,Ya,Ya,Tidak,Ya,Tidak,Ya,Ya,Ya,Tidak
3127,Kos Melati Yogyakarta 3127,Yogyakarta,Umbulharjo,800000,Putri,Ya,Ya,Ya,Ya,Ya,Ya,Ya,Ya,Tidak,Ya,Tidak,Ya,Tidak
3128,Kos Mawar Yogyakarta 3128,Yogyakarta,Mlati,800000,Putra,Ya,Tidak,Tidak,Ya,Ya,Ya,Ya,Ya,Tidak,Tidak,Ya,Ya,Tidak
3129,Kos Cendana Yogyakarta 3129,Yogyakarta,Mlati,650000,Putri,Ya,Tidak,Tidak,Ya,Ya,Ya,Ya,Ya,Tidak,Tidak,Ya,Ya,Tidak
3130,Kos Mawar Yogyakarta 3130,Yogyakarta,Gondokusuman,550000,Putra,Ya,Tidak,Ya,Ya,Tidak,Ya,Ya,Ya,Tidak,Ya,Tidak,Ya,Ya
3131,Kos Cendana Yogyakarta 3131,Yogyakarta,Umbulharjo,1750000,Putra,Ya,Ya,Ya,Ya,Ya,Ya,Ya,Ya,Tidak,Ya,Tidak,Ya,Tidak
3132,Kos Melati Yogyakarta 3132,Yogyakarta,Depok,1150000,Putri,Ya,Tidak,Ya,Ya,Ya,Ya,Ya,Ya,Tidak,Tidak,Tidak,Ya,Tidak
3133,Kos Wijaya Yogyakarta 3133,Yogyakarta,Umbulharjo,1500000,Putra,Ya,Tidak,Tidak,Ya,Ya,Tidak,Tidak,Ya,Tidak,Ya,Ya,Ya,Ya
3134,Kos Harmoni Yogyakarta 3134,Yogyakarta,Kasihan,1250000,Campur,Ya,Tidak,Ya,Ya,Ya,Tidak,Ya,Ya,Tidak,Ya,Tidak,Tidak,Ya
3135,Kos Sakura Yogyakarta 3135,Yogyakarta,Umbulharjo,1650000,Putri,Ya,Tidak,Tidak,Ya,Tidak,Ya,Ya,Ya,Tidak,Ya,Tidak,Ya,Tidak
3136,Kos Melati Yogyakarta 3136,Yogyakarta,Kasihan,900000,Putri,Tidak,Tidak,Tidak,Ya,Ya,Tidak,Tidak,Ya,Tidak,Ya,Ya,Tidak,Tidak
3137,Kos Amanah Yogyakarta 3137,Yogyakarta,Kasihan,1250000,Putra,Ya,Tidak,Tidak,Ya,Ya,Ya,Ya,Ya,Tidak,Tidak,Tidak,Ya,Tidak
3138,Kos Harmoni Yogyakarta 3138,Yogyakarta,Kasihan,1750000,Putri,Ya,Tidak,Ya,Ya,Tidak,Tidak,Ya,Ya,Tidak,Tidak,Tidak,Tidak,Ya
3139,Kos Permata Yogyakarta 3139,Yogyakarta,Kasihan,1400000,Putri,Ya,Tidak,Tidak,Ya,Ya,Tidak,Ya,Ya,Tidak,Tidak,Ya,Ya,Ya
3140,Kos Sakura Yogyakarta 3140,Yogyakarta,Depok,1650000,Putri,Ya,Ya,Ya,Ya,Ya,Tidak,Ya,Ya,Ya,Ya,Ya,Ya,Ya
3141,Kos Wijaya Yogyakarta 3141,Yogyakarta,Depok,500000,Putri,Ya,Tidak,Tidak,Ya,Ya,Ya,Tidak,Ya,Tidak,Ya,Ya,Tidak,Tidak
3142,Kos Nusantara Yogyakarta 3142,Yogyakarta,Kasihan,1200000,Putri,Ya,Tidak,Tidak,Ya,Ya,Ya,Ya,Ya,Tidak,Tidak,Ya,Ya,Ya
3143,Kos Harmoni Yogyakarta 3143,Yogyakarta,Kasihan,1500000,Putra,Ya,Ya,Tidak,Ya,Ya,Ya,Tidak,Ya,Ya,Ya,Ya,Tidak,Ya
3144,Kos Anggrek Yogyakarta 3144,Yogyakarta,Kasihan,550000,Putra,Ya,Tidak,Tidak,Ya,Ya,Ya,Tidak,Ya,Tidak,Ya,Tidak,Ya,Ya
3145,Kos Harmoni Yogyakarta 3145,Yogyakarta,Gondokusuman,1800000,Putri,Tidak,Ya,Ya,Ya,Ya,Ya,Ya,Ya,Tidak,Tidak,Tidak,Tidak,Ya
3146,Kos Permata Yogyakarta 3146,Yogyakarta,Gondokusuman,1650000,Putra,Ya,Ya,Tidak,Ya,Ya,Ya,Tidak,Ya,Tidak,Tidak,Tidak,Tidak,Ya
3147,Kos Anggrek Yogyakarta 3147,Yogyakarta,Depok,1650000,Campur,Tidak,Tidak,Ya,Ya,Ya,Ya,Ya,Ya,Tidak,Ya,Ya,Ya,Ya
3148,Kos Permata Yogyakarta 3148,Yogyakarta,Gondokusuman,600000,Putri,Ya,Tidak,Ya,Ya,Ya,Ya,Tidak,Ya,Tidak,Ya,Ya,Tidak,Tidak
3149,Kos Harmoni Yogyakarta 3149,Yogyakarta,Umbulharjo,1300000,Putri,Ya,Tidak,Ya,Ya,Ya,Tidak,Ya,Ya,Tidak,Ya,Tidak,Ya,Tidak
3150,Kos Wijaya Yogyakarta 3150,Yogyakarta,Umbulharjo,500000,Putri,Ya,Tidak,Tidak,Ya,Tidak,Ya,Ya,Ya,Tidak,Tidak,Tidak,Ya,Ya
3151,Kos Kenanga Yogyakarta 3151,Yogyakarta,Mlati,500000,Putri,Ya,Tidak,Ya,Ya,Ya,Ya,Ya,Ya,Ya,Ya,Ya,Ya,Tidak
3152,Kos Permata Yogyakarta 3152,Yogyakarta,Kasihan,1150000,Putri,Ya,Tidak,Tidak,Ya,Ya,Ya,Tidak,Tidak,Tidak,Tidak,Tidak,Ya,Tidak
3153,Kos Wijaya Yogyakarta 3153,Yogyakarta,Kasihan,1250000,Putra,Ya,Tidak,Tidak,Ya,Ya,Ya,Ya,Ya,Ya,Ya,Tidak,Ya,Ya
3154,Kos Mawar Yogyakarta 3154,Yogyakarta,Kasihan,700000,Putra,Ya,Tidak,Ya,Ya,Tidak,Tidak,Ya,Ya,Tidak,Ya,Tidak,Ya,Ya
3155,Kos Harmoni Yogyakarta 3155,Yogyakarta,Gondokusuman,1650000,Campur,Tidak,Ya,Ya,Ya,Ya,Ya,Ya,Ya,Tidak,Ya,Ya,Ya,Ya
3156,Kos Permata Yogyakarta 3156,Yogyakarta,Gondokusuman,1250000,Putri,Ya,Tidak,Ya,Ya,Tidak,Ya,Ya,Ya,Tidak,Ya,Tidak,Ya,Ya
3157,Kos Wijaya Yogyakarta 3157,Yogyakarta,Gondokusuman,650000,Putri,Ya,Tidak,Ya,Ya,Ya,Ya,Ya,Ya,Ya,Ya,Tidak,Tidak,Ya
3158,Kos Cendana Yogyakarta 3158,Yogyakarta,Mlati,1650000,Putra,Ya,Ya,Tidak,Ya,Ya,Ya,Ya,Ya,Tidak,Tidak,Tidak,Ya,Ya
3159,Kos Wijaya Yogyakarta 3159,Yogyakarta,Kasihan,650000,Campur,Ya,Tidak,Tidak,Ya,Ya,Tidak,Ya,Ya,Ya,Tidak,Tidak,Ya,Tidak
3160,Kos Permata Yogyakarta 3160,Yogyakarta,Gondokusuman,700000,Putra,Ya,Ya,Ya,Ya,Ya,Ya,Tidak,Ya,Tidak,Tidak,Tidak,Tidak,Ya
3161,Kos Nusantara Yogyakarta 3161,Yogyakarta,Gondokusuman,550000,Putri,Ya,Ya,Tidak,Ya,Ya,Tidak,Ya,Ya,Tidak,Tidak,Ya,Tidak,Tidak
3162,Kos Wijaya Yogyakarta 3162,Yogyakarta,Umbulharjo,1550000,Putri,Ya,Tidak,Ya,Ya,Ya,Ya,Ya,Ya,Tidak,Ya,Tidak,Ya,Tidak
3163,Kos Harmoni Yogyakarta 3163,Yogyakarta,Depok,1050000,Putra,Ya,Tidak,Tidak,Ya,Ya,Ya,Ya,Ya,Tidak,Ya,Tidak,Ya,Ya
3164,Kos Anggrek Yogyakarta 3164,Yogyakarta,Depok,1300000,Putri,Ya,Ya,Ya,Ya,Tidak,Ya,Ya,Ya,Tidak,Ya,Tidak,Ya,Ya
3165,Kos Wijaya Yogyakarta 3165,Yogyakarta,Mlati,1450000,Putri,Ya,Ya,Tidak,Ya,Ya,Ya,Ya,Ya,Ya,Ya,Ya,Ya,Ya
3166,Kos Anggrek Yogyakarta 3166,Yogyakarta,Kasihan,1700000,Campur,Ya,Ya,Ya,Ya,Ya,Ya,Ya,Ya,Tidak,Tidak,Tidak,Ya,Tidak
3167,Kos Anggrek Yogyakarta 3167,Yogyakarta,Depok,1000000,Putra,Ya,Tidak,Tidak,Ya,Ya,Ya,Tidak,Tidak,Tidak,Tidak,Tidak,Ya,Tidak
3168,Kos Kenanga Yogyakarta 3168,Yogyakarta,Kasihan,1400000,Putri,Ya,Ya,Tidak,Ya,Ya,Ya,Tidak,Ya,Tidak,Tidak,Tidak,Ya,Tidak
3169,Kos Anggrek Yogyakarta 3169,Yogyakarta,Mlati,850000,Campur,Ya,Tidak,Tidak,Ya,Ya,Ya,Ya,Ya,Ya,Ya,Tidak,Ya,Tidak
3170,Kos Wijaya Yogyakarta 3170,Yogyakarta,Kasihan,850000,Campur,Ya,Tidak,Ya,Ya,Ya,Tidak,Tidak,Ya,Tidak,Tidak,Tidak,Ya,Tidak
3171,Kos Mawar Yogyakarta 3171,Yogyakarta,Umbulharjo,1000000,Campur,Ya,Tidak,Ya,Ya,Ya,Tidak,Ya,Ya,Ya,Tidak,Tidak,Tidak,Ya
3172,Kos Sakura Yogyakarta 3172,Yogyakarta,Mlati,900000,Putra,Ya,Ya,Tidak,Ya,Ya,Ya,Tidak,Ya,Tidak,Ya,Tidak,Tidak,Tidak
3173,Kos Puspa Yogyakarta 3173,Yogyakarta,Gondokusuman,1500000,Putra,Ya,Tidak,Ya,Ya,Ya,Ya,Tidak,Ya,Tidak,Ya,Ya,Ya,Tidak
3174,Kos Wijaya Yogyakarta 3174,Yogyakarta,Kasihan,1050000,Putri,Ya,Tidak,Ya,Ya,Ya,Ya,Ya,Ya,Tidak,Tidak,Tidak,Ya,Tidak
3175,Kos Melati Yogyakarta 3175,Yogyakarta,Umbulharjo,1800000,Putra,Ya,Tidak,Tidak,Ya,Ya,Ya,Tidak,Ya,Tidak,Ya,Ya,Tidak,Tidak
3176,Kos Puspa Yogyakarta 3176,Yogyakarta,Umbulharjo,700000,Putri,Ya,Ya,Tidak,Ya,Ya,Ya,Ya,Ya,Tidak,Tidak,Tidak,Ya,Tidak
3177,Kos Melati Yogyakarta 3177,Yogyakarta,Kasihan,650000,Putra,Tidak,Ya,Tidak,Ya,Ya,Ya,Ya,Ya,Tidak,Ya,Tidak,Ya,Ya
3178,Kos Puspa Yogyakarta 3178,Yogyakarta,Mlati,1350000,Campur,Ya,Ya,Tidak,Ya,Ya,Tidak,Ya,Ya,Tidak,Tidak,Tidak,Ya,Tidak
3179,Kos Amanah Yogyakarta 3179,Yogyakarta,Depok,1000000,Putri,Ya,Ya,Ya,Ya,Ya,Tidak,Tidak,Ya,Tidak,Tidak,Ya,Ya,Ya
3180,Kos Melati Yogyakarta 3180,Yogyakarta,Mlati,1800000,Campur,Ya,Ya,Tidak,Ya,Ya,Tidak,Ya,Ya,Tidak,Ya,Tidak,Tidak,Ya
3181,Kos Puspa Yogyakarta 3181,Yogyakarta,Depok,1800000,Putri,Ya,Tidak,Ya,Ya,Ya,Ya,Ya,Ya,Tidak,Ya,Tidak,Ya,Tidak
3182,Kos Amanah Yogyakarta 3182,Yogyakarta,Gondokusuman,850000,Putri,Ya,Ya,Ya,Ya,Ya,Ya,Ya,Ya,Tidak,Tidak,Ya,Ya,Tidak
3183,Kos Melati Yogyakarta 3183,Yogyakarta,Depok,700000,Putri,Ya,Tidak,Ya,Ya,Ya,Tidak,Ya,Ya,Tidak,Tidak,Tidak,Tidak,Ya
3184,Kos Wijaya Yogyakarta 3184,Yogyakarta,Umbulharjo,1700000,Putri,Ya,Ya,Ya,Ya,Ya,Tidak,Ya,Ya,Ya,Ya,Ya,Ya,Ya
3185,Kos Anggrek Yogyakarta 3185,Yogyakarta,Mlati,850000,Putri,Ya,Tidak,Tidak,Ya,Ya,Ya,Ya,Ya,Tidak,Tidak,Tidak,Ya,Tidak
3186,Kos Cendana Yogyakarta 3186,Yogyakarta,Umbulharjo,1150000,Campur,Tidak,Tidak,Ya,Ya,Ya,Tidak,Tidak,Ya,Tidak,Tidak,Tidak,Ya,Ya
3187,Kos Anggrek Yogyakarta 3187,Yogyakarta,Umbulharjo,1800000,Putri,Ya,Tidak,Ya,Ya,Ya,Ya,Tidak,Ya,Tidak,Ya,Tidak,Tidak,Ya
3188,Kos Amanah Yogyakarta 3188,Yogyakarta,Kasihan,1600000,Campur,Ya,Tidak,Tidak,Ya,Ya,Ya,Tidak,Ya,Tidak,Ya,Ya,Ya,Tidak
3189,Kos Kenanga Yogyakarta 3189,Yogyakarta,Gondokusuman,1150000,Putri,Ya,Tidak,Ya,Ya,Ya,Ya,Ya,Ya,Tidak,Tidak,Tidak,Tidak,Ya
3190,Kos Cendana Yogyakarta 3190,Yogyakarta,Gondokusuman,950000,Campur,Ya,Tidak,Ya,Ya,Ya,Ya,Ya,Ya,Tidak,Ya,Ya,Ya,Ya
3191,Kos Sakura Yogyakarta 3191,Yogyakarta,Mlati,900000,Putra,Ya,Ya,Tidak,Ya,Ya,Ya,Ya,Ya,Tidak,Ya,Tidak,Ya,Tidak
3192,Kos Wijaya Yogyakarta 3192,Yogyakarta,Depok,950000,Putri,Ya,Ya,Tidak,Ya,Ya,Tidak,Ya,Ya,Tidak,Tidak,Ya,Ya,Ya
3193,Kos Harmoni Yogyakarta 3193,Yogyakarta,Gondokusuman,1150000,Putra,Ya,Tidak,Ya,Ya,Ya,Ya,Ya,Ya,Ya,Ya,Ya,Ya,Ya
3194,Kos Puspa Yogyakarta 3194,Yogyakarta,Depok,1250000,Campur,Ya,Tidak,Ya,Ya,Ya,Ya,Ya,Ya,Tidak,Tidak,Ya,Ya,Ya
3195,Kos Melati Yogyakarta 3195,Yogyakarta,Mlati,1500000,Putri,Ya,Tidak,Tidak,Ya,Ya,Tidak,Ya,Ya,Tidak,Tidak,Tidak,Tidak,Tidak
3196,Kos Amanah Yogyakarta 3196,Yogyakarta,Gondokusuman,1150000,Putra,Ya,Tidak,Tidak,Ya,Ya,Ya,Ya,Ya,Tidak,Tidak,Ya,Ya,Ya
3197,Kos Anggrek Yogyakarta 3197,Yogyakarta,Depok,1400000,Campur,Ya,Tidak,Tidak,Ya,Ya,Ya,Ya,Ya,Ya,Ya,Tidak,Ya,Ya
3198,Kos Permata Yogyakarta 3198,Yogyakarta,Umbulharjo,900000,Putri,Ya,Ya,Ya,Ya,Ya,Tidak,Ya,Ya,Ya,Tidak,Tidak,Ya,Ya
3199,Kos Melati Yogyakarta 3199,Yogyakarta,Umbulharjo,1550000,Campur,Ya,Ya,Ya,Ya,Ya,Ya,Ya,Ya,Ya,Ya,Tidak,Ya,Tidak
3200,Kos Mawar Yogyakarta 3200,Yogyakarta,Kasihan,500000,Putri,Tidak,Ya,Ya,Ya,Ya,Ya,Tidak,Ya,Tidak,Ya,Ya,Ya,Ya
3201,Kos Harmoni Yogyakarta 3201,Yogyakarta,Kasihan,1250000,Campur,Ya,Tidak,Ya,Ya,Tidak,Tidak,Ya,Ya,Ya,Tidak,Tidak,Ya,Ya
3202,Kos Wijaya Yogyakarta 3202,Yogyakarta,Kasihan,950000,Putri,Ya,Ya,Tidak,Ya,Ya,Ya,Tidak,Ya,Tidak,Tidak,Ya,Ya,Tidak
3203,Kos Mawar Yogyakarta 3203,Yogyakarta,Mlati,500000,Putri,Ya,Tidak,Tidak,Ya,Ya,Ya,Ya,Ya,Tidak,Tidak,Tidak,Ya,Ya
3204,Kos Wijaya Yogyakarta 3204,Yogyakarta,Mlati,1600000,Campur,Ya,Ya,Ya,Ya,Ya,Ya,Ya,Ya,Tidak,Ya,Ya,Ya,Ya
3205,Kos Anggrek Yogyakarta 3205,Yogyakarta,Kasihan,550000,Putra,Ya,Tidak,Ya,Ya,Ya,Ya,Ya,Ya,Ya,Tidak,Ya,Ya,Tidak
3206,Kos Puspa Yogyakarta 3206,Yogyakarta,Umbulharjo,800000,Campur,Ya,Ya,Tidak,Ya,Ya,Tidak,Tidak,Ya,Tidak,Ya,Tidak,Tidak,Tidak
3207,Kos Nusantara Yogyakarta 3207,Yogyakarta,Umbulharjo,750000,Putri,Ya,Ya,Tidak,Ya,Ya,Ya,Ya,Ya,Ya,Ya,Ya,Ya,Ya
3208,Kos Anggrek Yogyakarta 3208,Yogyakarta,Umbulharjo,950000,Putri,Ya,Tidak,Ya,Ya,Ya,Ya,Tidak,Ya,Ya,Ya,Tidak,Ya,Ya
3209,Kos Harmoni Yogyakarta 3209,Yogyakarta,Kasihan,900000,Putra,Tidak,Tidak,Ya,Ya,Ya,Ya,Tidak,Ya,Ya,Ya,Tidak,Ya,Ya
3210,Kos Kenanga Yogyakarta 3210,Yogyakarta,Umbulharjo,1000000,Putra,Ya,Tidak,Tidak,Ya,Ya,Ya,Tidak,Ya,Tidak,Tidak,Ya,Ya,Tidak
3211,Kos Harmoni Yogyakarta 3211,Yogyakarta,Umbulharjo,1250000,Putri,Ya,Tidak,Ya,Ya,Ya,Ya,Ya,Ya,Tidak,Tidak,Tidak,Tidak,Ya
3212,Kos Harmoni Yogyakarta 3212,Yogyakarta,Gondokusuman,750000,Putra,Ya,Tidak,Ya,Ya,Ya,Ya,Ya,Ya,Ya,Tidak,Tidak,Ya,Ya
3213,Kos Cendana Yogyakarta 3213,Yogyakarta,Mlati,1350000,Putri,Ya,Tidak,Tidak,Ya,Ya,Ya,Tidak,Ya,Tidak,Tidak,Tidak,Ya,Tidak
3214,Kos Permata Yogyakarta 3214,Yogyakarta,Gondokusuman,1750000,Putri,Ya,Ya,Ya,Ya,Ya,Tidak,Tidak,Ya,Tidak,Ya,Tidak,Ya,Ya
3215,Kos Amanah Yogyakarta 3215,Yogyakarta,Gondokusuman,1150000,Campur,Tidak,Ya,Tidak,Ya,Tidak,Tidak,Tidak,Ya,Tidak,Ya,Tidak,Ya,Tidak
3216,Kos Melati Yogyakarta 3216,Yogyakarta,Umbulharjo,1450000,Putri,Ya,Ya,Tidak,Ya,Ya,Ya,Ya,Ya,Ya,Ya,Tidak,Tidak,Ya
3217,Kos Kenanga Yogyakarta 3217,Yogyakarta,Gondokusuman,1000000,Putra,Ya,Ya,Ya,Ya,Ya,Ya,Ya,Ya,Tidak,Tidak,Ya,Tidak,Ya
3218,Kos Permata Yogyakarta 3218,Yogyakarta,Depok,1500000,Putri,Ya,Ya,Ya,Ya,Ya,Tidak,Ya,Ya,Tidak,Tidak,Tidak,Tidak,Tidak
3219,Kos Harmoni Yogyakarta 3219,Yogyakarta,Umbulharjo,1800000,Putri,Ya,Ya,Ya,Ya,Ya,Ya,Ya,Ya,Ya,Ya,Ya,Ya,Ya
3220,Kos Cendana Yogyakarta 3220,Yogyakarta,Umbulharjo,1150000,Putri,Ya,Ya,Tidak,Ya,Ya,Ya,Ya,Ya,Ya,Tidak,Ya,Ya,Ya
3221,Kos Puspa Yogyakarta 3221,Yogyakarta,Depok,1450000,Putri,Ya,Ya,Tidak,Ya,Ya,Ya,Ya,Tidak,Tidak,Ya,Tidak,Ya,Ya
3222,Kos Permata Yogyakarta 3222,Yogyakarta,Kasihan,950000,Putri,Ya,Tidak,Ya,Ya,Ya,Tidak,Ya,Ya,Ya,Tidak,Ya,Ya,Tidak
3223,Kos Anggrek Yogyakarta 3223,Yogyakarta,Kasihan,1700000,Putri,Ya,Tidak,Ya,Ya,Ya,Ya,Tidak,Ya,Tidak,Ya,Ya,Ya,Ya
3224,Kos Wijaya Yogyakarta 3224,Yogyakarta,Kasihan,1050000,Campur,Ya,Tidak,Ya,Ya,Ya,Ya,Tidak,Ya,Tidak,Tidak,Tidak,Ya,Ya
3225,Kos Amanah Yogyakarta 3225,Yogyakarta,Mlati,1750000,Putri,Ya,Ya,Ya,Ya,Ya,Tidak,Ya,Ya,Tidak,Tidak,Tidak,Ya,Tidak
3226,Kos Sakura Yogyakarta 3226,Yogyakarta,Umbulharjo,1000000,Putri,Ya,Ya,Tidak,Ya,Ya,Ya,Ya,Ya,Ya,Ya,Ya,Ya,Tidak
3227,Kos Harmoni Yogyakarta 3227,Yogyakarta,Depok,900000,Putri,Ya,Tidak,Tidak,Ya,Ya,Ya,Ya,Ya,Ya,Ya,Tidak,Ya,Tidak
3228,Kos Melati Yogyakarta 3228,Yogyakarta,Kasihan,550000,Putri,Ya,Ya,Ya,Ya,Ya,Tidak,Tidak,Ya,Tidak,Tidak,Tidak,Tidak,Tidak
3229,Kos Cendana Yogyakarta 3229,Yogyakarta,Gondokusuman,500000,Putri,Ya,Tidak,Tidak,Ya,Ya,Tidak,Ya,Ya,Tidak,Ya,Ya,Ya,Tidak
3230,Kos Kenanga Yogyakarta 3230,Yogyakarta,Umbulharjo,700000,Putra,Ya,Tidak,Ya,Ya,Ya,Ya,Ya,Ya,Ya,Ya,Ya,Ya,Tidak
3231,Kos Amanah Yogyakarta 3231,Yogyakarta,Gondokusuman,1600000,Putri,Ya,Ya,Tidak,Ya,Ya,Ya,Ya,Tidak,Tidak,Tidak,Ya,Ya,Tidak
3232,Kos Wijaya Yogyakarta 3232,Yogyakarta,Kasihan,750000,Putra,Ya,Tidak,Tidak,Ya,Ya,Tidak,Tidak,Ya,Tidak,Tidak,Ya,Tidak,Tidak
3233,Kos Amanah Yogyakarta 3233,Yogyakarta,Depok,750000,Putra,Ya,Tidak,Ya,Ya,Ya,Tidak,Tidak,Ya,Tidak,Tidak,Tidak,Ya,Tidak
3234,Kos Harmoni Yogyakarta 3234,Yogyakarta,Mlati,650000,Putri,Ya,Tidak,Tidak,Ya,Ya,Ya,Ya,Ya,Tidak,Tidak,Tidak,Ya,Ya
3235,Kos Amanah Yogyakarta 3235,Yogyakarta,Mlati,1700000,Putri,Ya,Tidak,Tidak,Ya,Ya,Ya,Ya,Ya,Tidak,Tidak,Tidak,Ya,Ya
3236,Kos Kenanga Yogyakarta 3236,Yogyakarta,Umbulharjo,1700000,Putra,Ya,Tidak,Ya,Ya,Ya,Ya,Ya,Ya,Tidak,Ya,Tidak,Ya,Tidak
3237,Kos Sakura Yogyakarta 3237,Yogyakarta,Umbulharjo,1500000,Putri,Ya,Ya,Tidak,Ya,Ya,Ya,Ya,Ya,Ya,Ya,Tidak,Tidak,Ya
3238,Kos Wijaya Yogyakarta 3238,Yogyakarta,Gondokusuman,800000,Campur,Ya,Ya,Ya,Ya,Ya,Tidak,Ya,Ya,Tidak,Tidak,Tidak,Ya,Ya
3239,Kos Sakura Yogyakarta 3239,Yogyakarta,Mlati,700000,Campur,Ya,Tidak,Ya,Ya,Ya,Ya,Tidak,Ya,Ya,Tidak,Ya,Ya,Tidak
3240,Kos Amanah Yogyakarta 3240,Yogyakarta,Umbulharjo,1000000,Putri,Ya,Tidak,Tidak,Ya,Ya,Ya,Tidak,Ya,Tidak,Ya,Ya,Tidak,Ya
3241,Kos Nusantara Yogyakarta 3241,Yogyakarta,Depok,1000000,Putra,Tidak,Ya,Ya,Ya,Ya,Ya,Tidak,Ya,Ya,Ya,Ya,Ya,Tidak
3242,Kos Kenanga Yogyakarta 3242,Yogyakarta,Kasihan,650000,Putra,Ya,Ya,Ya,Ya,Ya,Tidak,Ya,Ya,Ya,Ya,Tidak,Ya,Ya
3243,Kos Wijaya Yogyakarta 3243,Yogyakarta,Gondokusuman,1550000,Putra,Ya,Tidak,Ya,Ya,Tidak,Ya,Ya,Tidak,Tidak,Ya,Tidak,Tidak,Ya
3244,Kos Cendana Yogyakarta 3244,Yogyakarta,Umbulharjo,1600000,Putra,Ya,Ya,Ya,Ya,Ya,Tidak,Ya,Ya,Tidak,Ya,Tidak,Tidak,Ya
3245,Kos Sakura Yogyakarta 3245,Yogyakarta,Umbulharjo,1550000,Campur,Ya,Ya,Ya,Ya,Ya,Ya,Tidak,Ya,Tidak,Tidak,Ya,Ya,Ya
3246,Kos Nusantara Yogyakarta 3246,Yogyakarta,Depok,1750000,Putra,Ya,Tidak,Ya,Ya,Ya,Ya,Ya,Ya,Ya,Tidak,Ya,Tidak,Tidak
3247,Kos Kenanga Yogyakarta 3247,Yogyakarta,Depok,1700000,Putra,Ya,Tidak,Tidak,Ya,Ya,Ya,Ya,Ya,Tidak,Tidak,Ya,Ya,Ya
3248,Kos Anggrek Yogyakarta 3248,Yogyakarta,Depok,1150000,Putri,Tidak,Ya,Tidak,Ya,Ya,Ya,Tidak,Ya,Tidak,Tidak,Tidak,Ya,Ya
3249,Kos Amanah Yogyakarta 3249,Yogyakarta,Mlati,500000,Campur,Ya,Tidak,Tidak,Ya,Ya,Tidak,Tidak,Ya,Tidak,Tidak,Tidak,Ya,Ya
3250,Kos Mawar Yogyakarta 3250,Yogyakarta,Umbulharjo,700000,Putra,Ya,Tidak,Tidak,Ya,Ya,Tidak,Tidak,Ya,Tidak,Tidak,Tidak,Ya,Tidak
3251,Kos Puspa Yogyakarta 3251,Yogyakarta,Kasihan,1250000,Campur,Ya,Ya,Ya,Ya,Ya,Ya,Ya,Ya,Tidak,Ya,Ya,Ya,Tidak
3252,Kos Permata Yogyakarta 3252,Yogyakarta,Kasihan,1600000,Putra,Ya,Tidak,Tidak,Ya,Ya,Ya,Ya,Tidak,Tidak,Ya,Tidak,Ya,Ya
3253,Kos Wijaya Yogyakarta 3253,Yogyakarta,Mlati,1800000,Putra,Ya,Tidak,Tidak,Ya,Ya,Tidak,Ya,Ya,Tidak,Tidak,Ya,Ya,Ya
3254,Kos Cendana Yogyakarta 3254,Yogyakarta,Depok,600000,Putra,Ya,Ya,Tidak,Ya,Ya,Ya,Tidak,Ya,Ya,Tidak,Ya,Ya,Tidak
3255,Kos Amanah Yogyakarta 3255,Yogyakarta,Kasihan,1150000,Putra,Ya,Tidak,Ya,Ya,Ya,Ya,Tidak,Ya,Tidak,Tidak,Tidak,Ya,Tidak
3256,Kos Puspa Yogyakarta 3256,Yogyakarta,Mlati,1400000,Putri,Ya,Tidak,Tidak,Ya,Tidak,Tidak,Ya,Tidak,Ya,Ya,Ya,Tidak,Ya
3257,Kos Wijaya Yogyakarta 3257,Yogyakarta,Mlati,900000,Campur,Ya,Ya,Tidak,Ya,Ya,Tidak,Ya,Tidak,Tidak,Ya,Tidak,Ya,Tidak
3258,Kos Anggrek Yogyakarta 3258,Yogyakarta,Umbulharjo,1600000,Putri,Ya,Tidak,Ya,Ya,Ya,Tidak,Tidak,Ya,Ya,Tidak,Ya,Ya,Tidak
3259,Kos Cendana Yogyakarta 3259,Yogyakarta,Gondokusuman,600000,Campur,Ya,Ya,Ya,Ya,Ya,Ya,Tidak,Ya,Ya,Ya,Ya,Tidak,Ya
3260,Kos Sakura Yogyakarta 3260,Yogyakarta,Kasihan,550000,Campur,Ya,Tidak,Ya,Ya,Ya,Ya,Tidak,Ya,Tidak,Tidak,Ya,Ya,Tidak
3261,Kos Anggrek Yogyakarta 3261,Yogyakarta,Kasihan,600000,Campur,Ya,Ya,Ya,Ya,Ya,Ya,Ya,Ya,Tidak,Tidak,Ya,Ya,Ya
3262,Kos Mawar Yogyakarta 3262,Yogyakarta,Depok,1750000,Putra,Ya,Ya,Ya,Ya,Ya,Ya,Tidak,Ya,Tidak,Tidak,Tidak,Ya,Ya
3263,Kos Sakura Yogyakarta 3263,Yogyakarta,Umbulharjo,1300000,Campur,Ya,Ya,Ya,Ya,Ya,Ya,Tidak,Ya,Tidak,Ya,Ya,Ya,Ya
3264,Kos Amanah Yogyakarta 3264,Yogyakarta,Depok,1050000,Campur,Ya,Ya,Ya,Ya,Ya,Tidak,Tidak,Ya,Tidak,Ya,Tidak,Ya,Ya
3265,Kos Melati Yogyakarta 3265,Yogyakarta,Gondokusuman,1800000,Putri,Ya,Tidak,Tidak,Ya,Ya,Ya,Ya,Ya,Ya,Tidak,Ya,Ya,Ya
3266,Kos Anggrek Yogyakarta 3266,Yogyakarta,Kasihan,1150000,Putra,Ya,Tidak,Ya,Ya,Ya,Tidak,Ya,Ya,Tidak,Tidak,Tidak,Ya,Ya
3267,Kos Puspa Yogyakarta 3267,Yogyakarta,Gondokusuman,600000,Putri,Ya,Tidak,Ya,Ya,Ya,Ya,Ya,Ya,Tidak,Ya,Ya,Ya,Ya
3268,Kos Wijaya Yogyakarta 3268,Yogyakarta,Gondokusuman,1750000,Putri,Ya,Ya,Ya,Ya,Ya,Tidak,Ya,Ya,Tidak,Ya,Tidak,Ya,Tidak
3269,Kos Puspa Yogyakarta 3269,Yogyakarta,Umbulharjo,1450000,Putra,Ya,Ya,Tidak,Ya,Ya,Ya,Ya,Ya,Tidak,Tidak,Tidak,Ya,Ya
3270,Kos Harmoni Yogyakarta 3270,Yogyakarta,Umbulharjo,700000,Putra,Ya,Ya,Ya,Ya,Ya,Ya,Tidak,Ya,Tidak,Ya,Tidak,Tidak,Ya
3271,Kos Mawar Yogyakarta 3271,Yogyakarta,Depok,1200000,Putra,Tidak,Ya,Ya,Ya,Ya,Ya,Tidak,Ya,Ya,Tidak,Ya,Ya,Tidak
3272,Kos Kenanga Yogyakarta 3272,Yogyakarta,Depok,1750000,Campur,Ya,Tidak,Tidak,Ya,Ya,Ya,Ya,Ya,Tidak,Ya,Tidak,Ya,Ya
3273,Kos Melati Yogyakarta 3273,Yogyakarta,Umbulharjo,1000000,Putri,Ya,Tidak,Tidak,Ya,Ya,Ya,Tidak,Ya,Tidak,Ya,Ya,Tidak,Tidak
3274,Kos Anggrek Yogyakarta 3274,Yogyakarta,Kasihan,1700000,Putri,Ya,Ya,Ya,Ya,Ya,Ya,Ya,Ya,Ya,Ya,Ya,Ya,Ya
3275,Kos Mawar Yogyakarta 3275,Yogyakarta,Mlati,800000,Putra,Ya,Tidak,Tidak,Ya,Ya,Ya,Tidak,Ya,Tidak,Tidak,Ya,Ya,Ya
3276,Kos Mawar Yogyakarta 3276,Yogyakarta,Gondokusuman,800000,Putra,Ya,Tidak,Tidak,Ya,Ya,Ya,Ya,Ya,Tidak,Tidak,Tidak,Ya,Tidak
3277,Kos Cendana Yogyakarta 3277,Yogyakarta,Kasihan,1800000,Putra,Ya,Tidak,Tidak,Ya,Ya,Ya,Ya,Ya,Ya,Tidak,Ya,Ya,Tidak
3278,Kos Kenanga Yogyakarta 3278,Yogyakarta,Depok,1000000,Putri,Ya,Ya,Ya,Ya,Ya,Tidak,Ya,Ya,Tidak,Tidak,Tidak,Ya,Ya
3279,Kos Puspa Yogyakarta 3279,Yogyakarta,Kasihan,500000,Putra,Ya,Ya,Ya,Ya,Ya,Ya,Tidak,Ya,Ya,Ya,Ya,Ya,Ya
3280,Kos Sakura Yogyakarta 3280,Yogyakarta,Umbulharjo,1400000,Campur,Ya,Tidak,Ya,Ya,Ya,Ya,Ya,Ya,Tidak,Ya,Ya,Tidak,Ya
3281,Kos Puspa Yogyakarta 3281,Yogyakarta,Gondokusuman,1550000,Campur,Ya,Ya,Ya,Ya,Tidak,Ya,Ya,Ya,Tidak,Ya,Ya,Ya,Tidak
3282,Kos Anggrek Yogyakarta 3282,Yogyakarta,Mlati,1750000,Putri,Ya,Tidak,Ya,Ya,Ya,Ya,Ya,Tidak,Tidak,Ya,Tidak,Ya,Ya
3283,Kos Nusantara Yogyakarta 3283,Yogyakarta,Kasihan,1350000,Putri,Ya,Ya,Ya,Ya,Ya,Tidak,Ya,Ya,Tidak,Ya,Ya,Tidak,Ya
3284,Kos Nusantara Yogyakarta 3284,Yogyakarta,Depok,950000,Campur,Tidak,Tidak,Tidak,Ya,Ya,Tidak,Ya,Ya,Ya,Tidak,Tidak,Ya,Tidak
3285,Kos Kenanga Yogyakarta 3285,Yogyakarta,Depok,950000,Putri,Ya,Ya,Tidak,Ya,Ya,Tidak,Tidak,Ya,Tidak,Tidak,Tidak,Tidak,Ya
3286,Kos Permata Yogyakarta 3286,Yogyakarta,Kasihan,500000,Putra,Ya,Tidak,Tidak,Ya,Ya,Ya,Ya,Ya,Ya,Tidak,Tidak,Ya,Ya
3287,Kos Anggrek Yogyakarta 3287,Yogyakarta,Gondokusuman,1450000,Putri,Ya,Ya,Ya,Ya,Ya,Tidak,Ya,Ya,Tidak,Tidak,Tidak,Ya,Tidak
3288,Kos Permata Yogyakarta 3288,Yogyakarta,Kasihan,1750000,Campur,Ya,Tidak,Tidak,Ya,Ya,Ya,Tidak,Ya,Ya,Tidak,Tidak,Tidak,Tidak
3289,Kos Amanah Yogyakarta 3289,Yogyakarta,Umbulharjo,700000,Putra,Ya,Ya,Ya,Ya,Ya,Ya,Ya,Ya,Ya,Tidak,Ya,Tidak,Ya
3290,Kos Kenanga Yogyakarta 3290,Yogyakarta,Gondokusuman,900000,Putra,Tidak,Tidak,Tidak,Ya,Ya,Ya,Ya,Ya,Tidak,Tidak,Ya,Ya,Ya
3291,Kos Sakura Yogyakarta 3291,Yogyakarta,Depok,750000,Putra,Ya,Tidak,Tidak,Ya,Ya,Ya,Tidak,Ya,Tidak,Ya,Ya,Tidak,Tidak
3292,Kos Mawar Yogyakarta 3292,Yogyakarta,Umbulharjo,750000,Putra,Ya,Tidak,Tidak,Ya,Ya,Ya,Ya,Ya,Ya,Tidak,Tidak,Ya,Tidak
3293,Kos Puspa Yogyakarta 3293,Yogyakarta,Gondokusuman,1100000,Putri,Ya,Ya,Tidak,Ya,Ya,Ya,Tidak,Ya,Tidak,Tidak,Tidak,Ya,Ya
3294,Kos Amanah Yogyakarta 3294,Yogyakarta,Umbulharjo,1050000,Putri,Ya,Ya,Ya,Ya,Ya,Tidak,Ya,Ya,Tidak,Tidak,Tidak,Ya,Ya
3295,Kos Amanah Yogyakarta 3295,Yogyakarta,Kasihan,850000,Putra,Ya,Ya,Tidak,Ya,Ya,Ya,Ya,Ya,Tidak,Ya,Tidak,Ya,Ya
3296,Kos Cendana Yogyakarta 3296,Yogyakarta,Umbulharjo,1250000,Putri,Ya,Ya,Tidak,Ya,Ya,Tidak,Ya,Ya,Ya,Tidak,Tidak,Ya,Ya
3297,Kos Mawar Yogyakarta 3297,Yogyakarta,Mlati,600000,Putri,Ya,Tidak,Ya,Ya,Ya,Tidak,Tidak,Ya,Tidak,Ya,Ya,Ya,Tidak
3298,Kos Wijaya Yogyakarta 3298,Yogyakarta,Umbulharjo,1550000,Putri,Ya,Tidak,Tidak,Ya,Ya,Ya,Tidak,Tidak,Tidak,Tidak,Tidak,Ya,Ya
3299,Kos Harmoni Yogyakarta 3299,Yogyakarta,Gondokusuman,1700000,Putri,Ya,Tidak,Tidak,Ya,Ya,Ya,Tidak,Ya,Tidak,Tidak,Ya,Ya,Ya
3300,Kos Cendana Yogyakarta 3300,Yogyakarta,Umbulharjo,1450000,Putra,Ya,Tidak,Tidak,Ya,Ya,Ya,Ya,Ya,Tidak,Tidak,Ya,Ya,Tidak
3301,Kos Nusantara Yogyakarta 3301,Yogyakarta,Gondokusuman,1400000,Putra,Ya,Tidak,Tidak,Ya,Ya,Tidak,Tidak,Ya,Tidak,Tidak,Tidak,Ya,Ya
3302,Kos Anggrek Yogyakarta 3302,Yogyakarta,Gondokusuman,700000,Putri,Ya,Ya,Tidak,Ya,Ya,Ya,Tidak,Ya,Tidak,Ya,Ya,Tidak,Tidak
3303,Kos Sakura Yogyakarta 3303,Yogyakarta,Umbulharjo,1600000,Putra,Tidak,Tidak,Tidak,Ya,Ya,Tidak,Tidak,Ya,Tidak,Ya,Ya,Ya,Tidak
3304,Kos Anggrek Yogyakarta 3304,Yogyakarta,Gondokusuman,1200000,Putri,Ya,Ya,Ya,Ya,Ya,Tidak,Ya,Ya,Tidak,Tidak,Ya,Tidak,Ya
3305,Kos Wijaya Yogyakarta 3305,Yogyakarta,Umbulharjo,1400000,Campur,Ya,Tidak,Ya,Ya,Ya,Ya,Ya,Ya,Tidak,Tidak,Ya,Tidak,Tidak
3306,Kos Anggrek Yogyakarta 3306,Yogyakarta,Kasihan,900000,Campur,Tidak,Tidak,Ya,Ya,Ya,Ya,Ya,Ya,Tidak,Tidak,Ya,Ya,Tidak
3307,Kos Nusantara Yogyakarta 3307,Yogyakarta,Depok,1450000,Putra,Ya,Tidak,Tidak,Ya,Ya,Ya,Ya,Ya,Tidak,Tidak,Ya,Ya,Tidak
3308,Kos Cendana Yogyakarta 3308,Yogyakarta,Kasihan,1400000,Putri,Ya,Tidak,Tidak,Ya,Ya,Ya,Ya,Ya,Tidak,Ya,Ya,Tidak,Ya
3309,Kos Sakura Yogyakarta 3309,Yogyakarta,Umbulharjo,950000,Putri,Ya,Ya,Tidak,Ya,Ya,Tidak,Ya,Ya,Tidak,Ya,Ya,Tidak,Ya
3310,Kos Anggrek Yogyakarta 3310,Yogyakarta,Depok,800000,Putri,Ya,Tidak,Tidak,Ya,Ya,Ya,Ya,Ya,Tidak,Ya,Ya,Ya,Tidak
3311,Kos Melati Yogyakarta 3311,Yogyakarta,Kasihan,550000,Campur,Ya,Ya,Tidak,Ya,Ya,Ya,Ya,Ya,Ya,Tidak,Tidak,Ya,Ya
3312,Kos Kenanga Yogyakarta 3312,Yogyakarta,Umbulharjo,900000,Campur,Ya,Ya,Tidak,Ya,Ya,Ya,Tidak,Ya,Tidak,Ya,Ya,Tidak,Tidak
3313,Kos Amanah Yogyakarta 3313,Yogyakarta,Mlati,550000,Putri,Ya,Tidak,Tidak,Ya,Tidak,Ya,Tidak,Ya,Tidak,Ya,Ya,Ya,Ya
3314,Kos Permata Yogyakarta 3314,Yogyakarta,Depok,700000,Putri,Ya,Tidak,Ya,Ya,Ya,Tidak,Tidak,Ya,Tidak,Tidak,Ya,Ya,Tidak
3315,Kos Amanah Yogyakarta 3315,Yogyakarta,Depok,1550000,Putri,Tidak,Tidak,Tidak,Ya,Ya,Tidak,Ya,Ya,Tidak,Ya,Ya,Tidak,Tidak
3316,Kos Nusantara Yogyakarta 3316,Yogyakarta,Umbulharjo,1000000,Putri,Ya,Tidak,Tidak,Ya,Ya,Tidak,Tidak,Ya,Ya,Tidak,Ya,Ya,Ya
3317,Kos Wijaya Yogyakarta 3317,Yogyakarta,Gondokusuman,1000000,Putri,Tidak,Ya,Ya,Ya,Ya,Tidak,Tidak,Ya,Tidak,Ya,Ya,Ya,Ya
3318,Kos Cendana Yogyakarta 3318,Yogyakarta,Gondokusuman,1300000,Putri,Ya,Tidak,Tidak,Ya,Ya,Ya,Ya,Ya,Tidak,Tidak,Tidak,Ya,Tidak
3319,Kos Harmoni Yogyakarta 3319,Yogyakarta,Kasihan,1700000,Putri,Ya,Ya,Ya,Ya,Ya,Ya,Tidak,Ya,Ya,Ya,Ya,Ya,Ya
3320,Kos Wijaya Yogyakarta 3320,Yogyakarta,Kasihan,1800000,Putra,Ya,Tidak,Tidak,Ya,Ya,Ya,Ya,Ya,Tidak,Tidak,Tidak,Ya,Ya
3321,Kos Harmoni Yogyakarta 3321,Yogyakarta,Kasihan,1000000,Campur,Ya,Ya,Tidak,Ya,Ya,Ya,Ya,Ya,Tidak,Tidak,Tidak,Ya,Ya
3322,Kos Anggrek Yogyakarta 3322,Yogyakarta,Mlati,700000,Putri,Ya,Tidak,Tidak,Ya,Ya,Tidak,Ya,Ya,Tidak,Ya,Tidak,Ya,Tidak
3323,Kos Mawar Yogyakarta 3323,Yogyakarta,Depok,950000,Putri,Ya,Tidak,Tidak,Ya,Ya,Tidak,Ya,Ya,Ya,Ya,Ya,Ya,Tidak
3324,Kos Nusantara Yogyakarta 3324,Yogyakarta,Umbulharjo,1300000,Putri,Ya,Ya,Ya,Ya,Ya,Ya,Tidak,Ya,Tidak,Ya,Ya,Ya,Ya
3325,Kos Anggrek Yogyakarta 3325,Yogyakarta,Depok,1100000,Campur,Ya,Ya,Tidak,Ya,Ya,Ya,Tidak,Ya,Tidak,Ya,Tidak,Ya,Tidak
3326,Kos Puspa Yogyakarta 3326,Yogyakarta,Gondokusuman,1700000,Campur,Tidak,Ya,Ya,Ya,Ya,Ya,Tidak,Ya,Ya,Tidak,Tidak,Ya,Tidak
3327,Kos Sakura Yogyakarta 3327,Yogyakarta,Kasihan,950000,Putra,Ya,Tidak,Ya,Ya,Ya,Ya,Ya,Ya,Tidak,Tidak,Ya,Tidak,Ya
3328,Kos Harmoni Yogyakarta 3328,Yogyakarta,Kasihan,1750000,Putra,Ya,Tidak,Ya,Ya,Ya,Ya,Tidak,Ya,Ya,Tidak,Tidak,Ya,Tidak
3329,Kos Harmoni Yogyakarta 3329,Yogyakarta,Mlati,900000,Putra,Tidak,Ya,Tidak,Ya,Tidak,Ya,Tidak,Ya,Tidak,Tidak,Ya,Tidak,Tidak
3330,Kos Puspa Yogyakarta 3330,Yogyakarta,Depok,650000,Putri,Ya,Ya,Ya,Ya,Ya,Ya,Tidak,Tidak,Tidak,Ya,Tidak,Ya,Tidak
3331,Kos Puspa Yogyakarta 3331,Yogyakarta,Umbulharjo,850000,Putra,Ya,Tidak,Ya,Ya,Ya,Ya,Ya,Tidak,Tidak,Tidak,Tidak,Ya,Ya
3332,Kos Cendana Yogyakarta 3332,Yogyakarta,Mlati,1650000,Putri,Ya,Tidak,Tidak,Ya,Ya,Ya,Ya,Ya,Tidak,Ya,Ya,Tidak,Ya
3333,Kos Cendana Yogyakarta 3333,Yogyakarta,Gondokusuman,1600000,Campur,Ya,Ya,Ya,Ya,Ya,Ya,Ya,Ya,Tidak,Ya,Tidak,Ya,Ya
3334,Kos Amanah Yogyakarta 3334,Yogyakarta,Mlati,850000,Campur,Ya,Tidak,Tidak,Ya,Ya,Ya,Ya,Ya,Tidak,Ya,Ya,Ya,Tidak
3335,Kos Mawar Yogyakarta 3335,Yogyakarta,Kasihan,700000,Campur,Ya,Ya,Ya,Ya,Ya,Ya,Ya,Ya,Tidak,Ya,Ya,Ya,Ya
3336,Kos Puspa Yogyakarta 3336,Yogyakarta,Umbulharjo,500000,Putri,Ya,Tidak,Ya,Ya,Ya,Tidak,Tidak,Ya,Tidak,Ya,Tidak,Ya,Ya
3337,Kos Kenanga Yogyakarta 3337,Yogyakarta,Mlati,1050000,Putri,Ya,Ya,Tidak,Ya,Ya,Tidak,Ya,Ya,Ya,Ya,Ya,Ya,Ya
3338,Kos Puspa Yogyakarta 3338,Yogyakarta,Depok,1300000,Putri,Ya,Tidak,Ya,Ya,Tidak,Ya,Ya,Tidak,Tidak,Tidak,Ya,Ya,Ya
3339,Kos Mawar Yogyakarta 3339,Yogyakarta,Umbulharjo,1750000,Campur,Ya,Tidak,Tidak,Ya,Ya,Ya,Tidak,Ya,Tidak,Tidak,Tidak,Ya,Ya
3340,Kos Amanah Yogyakarta 3340,Yogyakarta,Gondokusuman,1100000,Putri,Ya,Tidak,Tidak,Ya,Ya,Ya,Tidak,Ya,Ya,Tidak,Tidak,Ya,Tidak
3341,Kos Puspa Yogyakarta 3341,Yogyakarta,Mlati,1200000,Putri,Tidak,Ya,Ya,Ya,Ya,Tidak,Ya,Ya,Tidak,Ya,Tidak,Ya,Tidak
3342,Kos Melati Yogyakarta 3342,Yogyakarta,Kasihan,600000,Putri,Ya,Tidak,Tidak,Ya,Ya,Ya,Ya,Ya,Tidak,Tidak,Tidak,Ya,Tidak
3343,Kos Anggrek Yogyakarta 3343,Yogyakarta,Umbulharjo,1700000,Campur,Ya,Tidak,Tidak,Ya,Ya,Ya,Ya,Ya,Ya,Tidak,Tidak,Ya,Ya
3344,Kos Permata Yogyakarta 3344,Yogyakarta,Mlati,1650000,Putra,Ya,Tidak,Ya,Ya,Ya,Ya,Ya,Ya,Tidak,Tidak,Ya,Ya,Tidak
3345,Kos Nusantara Yogyakarta 3345,Yogyakarta,Depok,1400000,Putra,Ya,Tidak,Ya,Ya,Ya,Ya,Tidak,Ya,Tidak,Tidak,Ya,Ya,Tidak
3346,Kos Cendana Yogyakarta 3346,Yogyakarta,Kasihan,650000,Putri,Ya,Tidak,Ya,Ya,Ya,Ya,Ya,Ya,Tidak,Tidak,Tidak,Tidak,Ya
3347,Kos Kenanga Yogyakarta 3347,Yogyakarta,Kasihan,1200000,Putri,Ya,Tidak,Tidak,Ya,Ya,Ya,Ya,Ya,Tidak,Tidak,Tidak,Ya,Tidak
3348,Kos Puspa Yogyakarta 3348,Yogyakarta,Umbulharjo,1350000,Putri,Ya,Tidak,Tidak,Ya,Ya,Ya,Ya,Ya,Tidak,Tidak,Tidak,Ya,Ya
3349,Kos Amanah Yogyakarta 3349,Yogyakarta,Umbulharjo,1550000,Putra,Ya,Ya,Tidak,Ya,Ya,Ya,Tidak,Ya,Tidak,Tidak,Tidak,Tidak,Tidak
3350,Kos Anggrek Yogyakarta 3350,Yogyakarta,Kasihan,1200000,Putri,Ya,Tidak,Ya,Ya,Ya,Ya,Tidak,Ya,Tidak,Tidak,Ya,Ya,Ya
3351,Kos Amanah Yogyakarta 3351,Yogyakarta,Mlati,1800000,Campur,Ya,Tidak,Tidak,Ya,Ya,Ya,Tidak,Ya,Tidak,Ya,Ya,Ya,Ya
3352,Kos Cendana Yogyakarta 3352,Yogyakarta,Gondokusuman,900000,Campur,Ya,Ya,Tidak,Ya,Ya,Tidak,Tidak,Ya,Tidak,Ya,Ya,Ya,Ya
3353,Kos Cendana Yogyakarta 3353,Yogyakarta,Kasihan,750000,Campur,Ya,Tidak,Ya,Ya,Ya,Ya,Tidak,Ya,Ya,Ya,Tidak,Ya,Ya
3354,Kos Harmoni Yogyakarta 3354,Yogyakarta,Depok,1300000,Putri,Ya,Tidak,Tidak,Ya,Tidak,Tidak,Tidak,Ya,Tidak,Ya,Tidak,Tidak,Ya
3355,Kos Melati Yogyakarta 3355,Yogyakarta,Gondokusuman,1650000,Putra,Ya,Tidak,Ya,Ya,Ya,Ya,Ya,Ya,Tidak,Tidak,Ya,Ya,Tidak
3356,Kos Nusantara Yogyakarta 3356,Yogyakarta,Umbulharjo,1700000,Campur,Ya,Ya,Ya,Ya,Ya,Ya,Tidak,Ya,Tidak,Tidak,Tidak,Ya,Ya
3357,Kos Sakura Yogyakarta 3357,Yogyakarta,Umbulharjo,1200000,Putra,Ya,Tidak,Ya,Ya,Ya,Ya,Ya,Ya,Tidak,Tidak,Ya,Ya,Ya
3358,Kos Permata Yogyakarta 3358,Yogyakarta,Kasihan,600000,Putri,Ya,Tidak,Ya,Ya,Ya,Ya,Tidak,Ya,Tidak,Ya,Tidak,Ya,Ya
3359,Kos Permata Yogyakarta 3359,Yogyakarta,Depok,700000,Putra,Ya,Ya,Ya,Ya,Ya,Ya,Tidak,Ya,Tidak,Ya,Ya,Ya,Tidak
3360,Kos Amanah Yogyakarta 3360,Yogyakarta,Gondokusuman,600000,Putra,Ya,Tidak,Tidak,Ya,Ya,Ya,Ya,Ya,Ya,Tidak,Ya,Ya,Ya
3361,Kos Kenanga Yogyakarta 3361,Yogyakarta,Kasihan,600000,Putra,Ya,Ya,Ya,Ya,Ya,Tidak,Tidak,Ya,Tidak,Ya,Tidak,Ya,Tidak
3362,Kos Sakura Yogyakarta 3362,Yogyakarta,Gondokusuman,1500000,Putra,Ya,Ya,Tidak,Ya,Ya,Ya,Ya,Ya,Tidak,Ya,Ya,Ya,Ya
3363,Kos Permata Yogyakarta 3363,Yogyakarta,Depok,1800000,Campur,Tidak,Ya,Ya,Ya,Ya,Ya,Tidak,Ya,Tidak,Tidak,Tidak,Ya,Ya
3364,Kos Puspa Yogyakarta 3364,Yogyakarta,Depok,1550000,Putra,Ya,Ya,Ya,Ya,Ya,Tidak,Ya,Ya,Tidak,Ya,Tidak,Ya,Tidak
3365,Kos Harmoni Yogyakarta 3365,Yogyakarta,Mlati,1200000,Putra,Tidak,Tidak,Ya,Ya,Ya,Ya,Tidak,Tidak,Tidak,Tidak,Ya,Tidak,Ya
3366,Kos Mawar Yogyakarta 3366,Yogyakarta,Kasihan,1350000,Putra,Ya,Tidak,Tidak,Ya,Ya,Ya,Tidak,Ya,Tidak,Tidak,Tidak,Ya,Ya
3367,Kos Wijaya Yogyakarta 3367,Yogyakarta,Mlati,1000000,Putri,Ya,Tidak,Ya,Ya,Ya,Ya,Ya,Ya,Tidak,Tidak,Ya,Ya,Tidak
3368,Kos Cendana Yogyakarta 3368,Yogyakarta,Mlati,500000,Campur,Ya,Tidak,Ya,Ya,Ya,Tidak,Ya,Ya,Tidak,Ya,Ya,Ya,Ya
3369,Kos Wijaya Yogyakarta 3369,Yogyakarta,Depok,1550000,Putri,Ya,Tidak,Tidak,Ya,Ya,Ya,Tidak,Ya,Ya,Ya,Ya,Ya,Ya
3370,Kos Harmoni Yogyakarta 3370,Yogyakarta,Gondokusuman,800000,Putra,Ya,Tidak,Tidak,Ya,Ya,Ya,Tidak,Ya,Ya,Tidak,Tidak,Ya,Ya
3371,Kos Nusantara Yogyakarta 3371,Yogyakarta,Depok,1400000,Putra,Ya,Ya,Ya,Ya,Ya,Tidak,Tidak,Ya,Tidak,Tidak,Tidak,Tidak,Tidak
3372,Kos Sakura Yogyakarta 3372,Yogyakarta,Depok,1100000,Putra,Ya,Tidak,Tidak,Ya,Ya,Ya,Ya,Ya,Tidak,Ya,Tidak,Ya,Ya
3373,Kos Nusantara Yogyakarta 3373,Yogyakarta,Mlati,800000,Campur,Ya,Tidak,Ya,Ya,Ya,Ya,Tidak,Ya,Tidak,Tidak,Tidak,Tidak,Ya
3374,Kos Sakura Yogyakarta 3374,Yogyakarta,Kasihan,1700000,Putri,Tidak,Ya,Tidak,Ya,Ya,Tidak,Ya,Ya,Tidak,Ya,Ya,Ya,Ya
3375,Kos Kenanga Yogyakarta 3375,Yogyakarta,Depok,1100000,Putri,Ya,Ya,Ya,Ya,Ya,Ya,Ya,Ya,Tidak,Ya,Ya,Ya,Ya
3376,Kos Anggrek Yogyakarta 3376,Yogyakarta,Gondokusuman,500000,Campur,Ya,Ya,Ya,Ya,Ya,Ya,Ya,Ya,Tidak,Ya,Tidak,Ya,Tidak
3377,Kos Anggrek Yogyakarta 3377,Yogyakarta,Depok,650000,Putri,Ya,Tidak,Tidak,Ya,Ya,Ya,Ya,Ya,Ya,Ya,Ya,Tidak,Ya
3378,Kos Sakura Yogyakarta 3378,Yogyakarta,Umbulharjo,650000,Putra,Tidak,Ya,Ya,Ya,Ya,Ya,Tidak,Ya,Tidak,Tidak,Tidak,Ya,Ya
3379,Kos Nusantara Yogyakarta 3379,Yogyakarta,Umbulharjo,1500000,Putri,Tidak,Tidak,Tidak,Ya,Ya,Ya,Tidak,Ya,Tidak,Tidak,Tidak,Ya,Ya
3380,Kos Harmoni Yogyakarta 3380,Yogyakarta,Gondokusuman,1550000,Putra,Ya,Tidak,Tidak,Ya,Ya,Ya,Tidak,Ya,Tidak,Ya,Tidak,Ya,Tidak
3381,Kos Sakura Yogyakarta 3381,Yogyakarta,Mlati,1250000,Putri,Ya,Ya,Tidak,Ya,Ya,Tidak,Ya,Ya,Tidak,Ya,Ya,Ya,Tidak
3382,Kos Harmoni Yogyakarta 3382,Yogyakarta,Mlati,1150000,Campur,Tidak,Ya,Ya,Ya,Ya,Tidak,Ya,Ya,Tidak,Ya,Tidak,Tidak,Tidak
3383,Kos Mawar Yogyakarta 3383,Yogyakarta,Umbulharjo,1350000,Putra,Ya,Tidak,Ya,Ya,Ya,Tidak,Ya,Ya,Ya,Ya,Tidak,Ya,Tidak
3384,Kos Sakura Yogyakarta 3384,Yogyakarta,Mlati,1500000,Campur,Ya,Ya,Tidak,Ya,Tidak,Tidak,Ya,Ya,Tidak,Ya,Ya,Tidak,Ya
3385,Kos Puspa Yogyakarta 3385,Yogyakarta,Depok,850000,Putri,Ya,Ya,Ya,Ya,Tidak,Ya,Tidak,Tidak,Tidak,Ya,Ya,Tidak,Ya
3386,Kos Kenanga Yogyakarta 3386,Yogyakarta,Kasihan,1600000,Putra,Ya,Tidak,Tidak,Ya,Ya,Ya,Ya,Ya,Tidak,Tidak,Ya,Ya,Ya
3387,Kos Sakura Yogyakarta 3387,Yogyakarta,Kasihan,1600000,Campur,Ya,Tidak,Tidak,Ya,Ya,Ya,Ya,Ya,Tidak,Ya,Ya,Tidak,Tidak
3388,Kos Melati Yogyakarta 3388,Yogyakarta,Kasihan,1750000,Putra,Ya,Tidak,Tidak,Ya,Ya,Ya,Ya,Ya,Tidak,Tidak,Tidak,Ya,Ya
3389,Kos Anggrek Yogyakarta 3389,Yogyakarta,Depok,1050000,Putra,Ya,Tidak,Ya,Ya,Ya,Ya,Tidak,Ya,Tidak,Ya,Tidak,Ya,Ya
3390,Kos Anggrek Yogyakarta 3390,Yogyakarta,Gondokusuman,700000,Campur,Tidak,Tidak,Tidak,Ya,Ya,Ya,Tidak,Tidak,Tidak,Tidak,Tidak,Ya,Ya
3391,Kos Permata Yogyakarta 3391,Yogyakarta,Kasihan,1000000,Putra,Tidak,Ya,Tidak,Ya,Ya,Ya,Tidak,Ya,Tidak,Tidak,Tidak,Tidak,Ya
3392,Kos Puspa Yogyakarta 3392,Yogyakarta,Kasihan,550000,Campur,Ya,Ya,Ya,Ya,Ya,Ya,Ya,Ya,Tidak,Ya,Tidak,Tidak,Tidak
3393,Kos Melati Yogyakarta 3393,Yogyakarta,Kasihan,1450000,Putri,Ya,Ya,Ya,Ya,Ya,Ya,Tidak,Ya,Tidak,Tidak,Tidak,Ya,Tidak
3394,Kos Mawar Yogyakarta 3394,Yogyakarta,Mlati,900000,Putri,Ya,Tidak,Tidak,Ya,Ya,Ya,Ya,Tidak,Tidak,Ya,Tidak,Ya,Ya
3395,Kos Wijaya Yogyakarta 3395,Yogyakarta,Kasihan,1350000,Putra,Ya,Tidak,Tidak,Ya,Ya,Tidak,Ya,Ya,Ya,Tidak,Ya,Ya,Tidak
3396,Kos Nusantara Yogyakarta 3396,Yogyakarta,Mlati,1600000,Putra,Ya,Ya,Tidak,Ya,Tidak,Ya,Ya,Ya,Tidak,Ya,Ya,Ya,Tidak
3397,Kos Wijaya Yogyakarta 3397,Yogyakarta,Gondokusuman,650000,Putra,Ya,Ya,Tidak,Ya,Ya,Ya,Ya,Ya,Ya,Ya,Ya,Ya,Ya
3398,Kos Harmoni Yogyakarta 3398,Yogyakarta,Depok,1300000,Putri,Ya,Ya,Ya,Ya,Ya,Ya,Ya,Ya,Tidak,Ya,Tidak,Ya,Ya
3399,Kos Cendana Yogyakarta 3399,Yogyakarta,Kasihan,1650000,Putra,Ya,Tidak,Tidak,Ya,Ya,Tidak,Tidak,Ya,Tidak,Tidak,Tidak,Tidak,Ya
3400,Kos Mawar Yogyakarta 3400,Yogyakarta,Umbulharjo,1500000,Campur,Ya,Tidak,Tidak,Ya,Ya,Ya,Tidak,Ya,Ya,Ya,Tidak,Ya,Tidak
3401,Kos Nusantara Yogyakarta 3401,Yogyakarta,Umbulharjo,1200000,Putri,Ya,Tidak,Ya,Ya,Tidak,Ya,Ya,Ya,Ya,Tidak,Tidak,Ya,Ya
3402,Kos Permata Yogyakarta 3402,Yogyakarta,Mlati,1750000,Campur,Ya,Tidak,Tidak,Ya,Ya,Ya,Ya,Ya,Tidak,Ya,Tidak,Tidak,Ya
3403,Kos Puspa Yogyakarta 3403,Yogyakarta,Umbulharjo,600000,Putra,Ya,Tidak,Ya,Ya,Ya,Ya,Ya,Ya,Tidak,Tidak,Tidak,Tidak,Ya
3404,Kos Puspa Yogyakarta 3404,Yogyakarta,Umbulharjo,750000,Putri,Ya,Tidak,Tidak,Ya,Ya,Tidak,Tidak,Ya,Tidak,Tidak,Ya,Tidak,Ya
3405,Kos Permata Yogyakarta 3405,Yogyakarta,Depok,1200000,Campur,Tidak,Ya,Ya,Ya,Ya,Ya,Tidak,Ya,Tidak,Tidak,Ya,Ya,Tidak
3406,Kos Amanah Yogyakarta 3406,Yogyakarta,Depok,1100000,Campur,Ya,Ya,Ya,Ya,Ya,Ya,Ya,Ya,Tidak,Ya,Tidak,Ya,Tidak
3407,Kos Nusantara Yogyakarta 3407,Yogyakarta,Kasihan,550000,Campur,Ya,Tidak,Ya,Ya,Ya,Ya,Ya,Ya,Tidak,Ya,Ya,Ya,Tidak
3408,Kos Permata Yogyakarta 3408,Yogyakarta,Umbulharjo,750000,Campur,Ya,Tidak,Ya,Ya,Ya,Ya,Ya,Ya,Tidak,Ya,Ya,Ya,Ya
3409,Kos Mawar Yogyakarta 3409,Yogyakarta,Depok,1550000,Campur,Ya,Tidak,Tidak,Ya,Ya,Tidak,Ya,Ya,Tidak,Ya,Ya,Ya,Tidak
3410,Kos Nusantara Yogyakarta 3410,Yogyakarta,Umbulharjo,1250000,Putri,Tidak,Tidak,Ya,Ya,Ya,Tidak,Tidak,Ya,Ya,Ya,Tidak,Ya,Ya
3411,Kos Wijaya Yogyakarta 3411,Yogyakarta,Mlati,1800000,Campur,Ya,Tidak,Tidak,Ya,Ya,Ya,Ya,Ya,Tidak,Ya,Ya,Ya,Ya
3412,Kos Nusantara Yogyakarta 3412,Yogyakarta,Kasihan,1150000,Putra,Ya,Tidak,Ya,Ya,Ya,Ya,Ya,Tidak,Ya,Ya,Tidak,Ya,Ya
3413,Kos Cendana Yogyakarta 3413,Yogyakarta,Depok,1200000,Putra,Tidak,Tidak,Ya,Ya,Ya,Ya,Ya,Ya,Tidak,Ya,Ya,Tidak,Tidak
3414,Kos Anggrek Yogyakarta 3414,Yogyakarta,Depok,750000,Putra,Ya,Tidak,Ya,Ya,Ya,Tidak,Tidak,Ya,Tidak,Tidak,Tidak,Tidak,Tidak
3415,Kos Anggrek Yogyakarta 3415,Yogyakarta,Umbulharjo,1150000,Putri,Ya,Tidak,Tidak,Ya,Ya,Tidak,Ya,Ya,Ya,Tidak,Ya,Ya,Ya
3416,Kos Amanah Yogyakarta 3416,Yogyakarta,Gondokusuman,650000,Putri,Tidak,Tidak,Ya,Ya,Ya,Ya,Tidak,Ya,Ya,Ya,Ya,Tidak,Tidak
3417,Kos Amanah Yogyakarta 3417,Yogyakarta,Depok,1100000,Campur,Tidak,Ya,Ya,Ya,Ya,Ya,Tidak,Ya,Ya,Tidak,Ya,Tidak,Ya
3418,Kos Melati Yogyakarta 3418,Yogyakarta,Depok,600000,Putra,Ya,Tidak,Tidak,Ya,Ya,Tidak,Tidak,Ya,Ya,Tidak,Tidak,Ya,Ya
3419,Kos Sakura Yogyakarta 3419,Yogyakarta,Depok,1500000,Campur,Tidak,Tidak,Ya,Ya,Ya,Tidak,Tidak,Tidak,Tidak,Tidak,Ya,Ya,Tidak
3420,Kos Kenanga Yogyakarta 3420,Yogyakarta,Umbulharjo,550000,Putra,Ya,Ya,Tidak,Ya,Ya,Tidak,Tidak,Tidak,Ya,Ya,Tidak,Ya,Tidak
3421,Kos Harmoni Yogyakarta 3421,Yogyakarta,Umbulharjo,1550000,Putri,Ya,Tidak,Ya,Ya,Ya,Tidak,Tidak,Ya,Tidak,Ya,Ya,Ya,Tidak
3422,Kos Mawar Yogyakarta 3422,Yogyakarta,Umbulharjo,1700000,Campur,Ya,Tidak,Tidak,Ya,Ya,Ya,Ya,Ya,Ya,Tidak,Ya,Ya,Ya
3423,Kos Harmoni Yogyakarta 3423,Yogyakarta,Depok,750000,Campur,Ya,Tidak,Ya,Ya,Ya,Tidak,Ya,Ya,Tidak,Tidak,Ya,Ya,Ya
3424,Kos Amanah Yogyakarta 3424,Yogyakarta,Kasihan,1550000,Campur,Ya,Ya,Ya,Ya,Ya,Ya,Tidak,Ya,Ya,Ya,Ya,Ya,Tidak
3425,Kos Anggrek Yogyakarta 3425,Yogyakarta,Umbulharjo,1700000,Putri,Ya,Ya,Ya,Ya,Ya,Ya,Tidak,Ya,Tidak,Tidak,Tidak,Ya,Ya
3426,Kos Amanah Yogyakarta 3426,Yogyakarta,Depok,850000,Putra,Ya,Ya,Tidak,Ya,Ya,Ya,Ya,Ya,Ya,Tidak,Ya,Ya,Tidak
3427,Kos Nusantara Yogyakarta 3427,Yogyakarta,Mlati,1000000,Putri,Ya,Ya,Tidak,Ya,Ya,Ya,Ya,Ya,Tidak,Ya,Tidak,Ya,Ya
3428,Kos Cendana Yogyakarta 3428,Yogyakarta,Depok,850000,Campur,Ya,Tidak,Ya,Ya,Ya,Ya,Ya,Ya,Tidak,Tidak,Ya,Ya,Tidak
3429,Kos Permata Yogyakarta 3429,Yogyakarta,Kasihan,800000,Putri,Ya,Ya,Ya,Ya,Ya,Ya,Ya,Tidak,Tidak,Tidak,Tidak,Ya,Tidak
3430,Kos Anggrek Yogyakarta 3430,Yogyakarta,Gondokusuman,500000,Putri,Ya,Tidak,Tidak,Ya,Ya,Tidak,Ya,Ya,Tidak,Ya,Tidak,Ya,Tidak
3431,Kos Nusantara Yogyakarta 3431,Yogyakarta,Umbulharjo,750000,Putri,Ya,Ya,Ya,Ya,Ya,Ya,Ya,Ya,Tidak,Tidak,Ya,Ya,Tidak
3432,Kos Kenanga Yogyakarta 3432,Yogyakarta,Kasihan,1450000,Putri,Ya,Ya,Ya,Ya,Ya,Ya,Tidak,Ya,Tidak,Tidak,Tidak,Ya,Tidak
3433,Kos Puspa Yogyakarta 3433,Yogyakarta,Kasihan,1500000,Campur,Ya,Ya,Ya,Ya,Ya,Ya,Ya,Ya,Tidak,Tidak,Ya,Ya,Ya
3434,Kos Sakura Yogyakarta 3434,Yogyakarta,Mlati,700000,Putri,Ya,Ya,Ya,Ya,Tidak,Tidak,Tidak,Ya,Tidak,Tidak,Tidak,Ya,Ya
3435,Kos Harmoni Yogyakarta 3435,Yogyakarta,Kasihan,750000,Putri,Ya,Tidak,Ya,Ya,Ya,Ya,Ya,Ya,Tidak,Tidak,Tidak,Ya,Tidak
3436,Kos Wijaya Yogyakarta 3436,Yogyakarta,Mlati,1050000,Putri,Ya,Ya,Ya,Ya,Ya,Ya,Ya,Tidak,Tidak,Ya,Ya,Tidak,Tidak
3437,Kos Kenanga Yogyakarta 3437,Yogyakarta,Umbulharjo,1150000,Putri,Ya,Tidak,Tidak,Ya,Ya,Ya,Ya,Ya,Ya,Ya,Ya,Tidak,Ya
3438,Kos Anggrek Yogyakarta 3438,Yogyakarta,Umbulharjo,750000,Putra,Ya,Tidak,Tidak,Ya,Ya,Ya,Ya,Ya,Tidak,Ya,Ya,Ya,Ya
3439,Kos Anggrek Yogyakarta 3439,Yogyakarta,Gondokusuman,500000,Putra,Ya,Ya,Tidak,Ya,Ya,Ya,Tidak,Ya,Tidak,Tidak,Tidak,Tidak,Tidak
3440,Kos Puspa Yogyakarta 3440,Yogyakarta,Mlati,1400000,Putra,Ya,Tidak,Tidak,Ya,Ya,Tidak,Tidak,Ya,Ya,Ya,Tidak,Ya,Tidak
3441,Kos Nusantara Yogyakarta 3441,Yogyakarta,Mlati,1300000,Putra,Ya,Tidak,Tidak,Ya,Ya,Ya,Tidak,Ya,Tidak,Ya,Ya,Ya,Tidak
3442,Kos Harmoni Yogyakarta 3442,Yogyakarta,Umbulharjo,500000,Putri,Tidak,Tidak,Ya,Ya,Ya,Ya,Tidak,Ya,Tidak,Tidak,Ya,Tidak,Tidak
3443,Kos Mawar Yogyakarta 3443,Yogyakarta,Umbulharjo,1400000,Putri,Ya,Tidak,Tidak,Ya,Ya,Ya,Tidak,Ya,Tidak,Ya,Ya,Ya,Tidak
3444,Kos Kenanga Yogyakarta 3444,Yogyakarta,Mlati,1800000,Putra,Ya,Tidak,Ya,Ya,Ya,Tidak,Ya,Ya,Tidak,Ya,Ya,Ya,Tidak
3445,Kos Puspa Yogyakarta 3445,Yogyakarta,Gondokusuman,1750000,Putra,Ya,Tidak,Tidak,Ya,Ya,Tidak,Ya,Ya,Ya,Tidak,Tidak,Tidak,Ya
3446,Kos Permata Yogyakarta 3446,Yogyakarta,Depok,950000,Putri,Ya,Ya,Tidak,Ya,Ya,Ya,Tidak,Ya,Tidak,Tidak,Tidak,Ya,Ya
3447,Kos Puspa Yogyakarta 3447,Yogyakarta,Mlati,1700000,Campur,Ya,Tidak,Ya,Ya,Ya,Ya,Tidak,Ya,Tidak,Tidak,Ya,Tidak,Tidak
3448,Kos Amanah Yogyakarta 3448,Yogyakarta,Kasihan,1000000,Campur,Ya,Ya,Tidak,Ya,Tidak,Ya,Tidak,Ya,Tidak,Ya,Ya,Tidak,Tidak
3449,Kos Sakura Yogyakarta 3449,Yogyakarta,Gondokusuman,600000,Campur,Ya,Tidak,Ya,Ya,Ya,Ya,Tidak,Ya,Tidak,Tidak,Ya,Tidak,Tidak
3450,Kos Sakura Yogyakarta 3450,Yogyakarta,Kasihan,1300000,Putra,Ya,Tidak,Ya,Ya,Ya,Ya,Tidak,Ya,Tidak,Ya,Ya,Ya,Ya
3451,Kos Cendana Yogyakarta 3451,Yogyakarta,Depok,1000000,Putri,Ya,Ya,Tidak,Ya,Ya,Ya,Ya,Ya,Ya,Ya,Ya,Ya,Ya
3452,Kos Kenanga Yogyakarta 3452,Yogyakarta,Umbulharjo,1650000,Putra,Ya,Ya,Tidak,Ya,Ya,Tidak,Ya,Ya,Ya,Ya,Ya,Tidak,Ya
3453,Kos Kenanga Yogyakarta 3453,Yogyakarta,Umbulharjo,550000,Campur,Tidak,Tidak,Ya,Ya,Ya,Ya,Tidak,Ya,Tidak,Ya,Ya,Ya,Ya
3454,Kos Amanah Yogyakarta 3454,Yogyakarta,Mlati,700000,Campur,Ya,Tidak,Tidak,Ya,Ya,Ya,Ya,Ya,Tidak,Tidak,Ya,Tidak,Ya
3455,Kos Anggrek Yogyakarta 3455,Yogyakarta,Mlati,1400000,Putri,Ya,Tidak,Tidak,Ya,Ya,Ya,Ya,Ya,Tidak,Ya,Tidak,Ya,Tidak
3456,Kos Sakura Yogyakarta 3456,Yogyakarta,Kasihan,950000,Putra,Ya,Tidak,Tidak,Ya,Ya,Ya,Tidak,Tidak,Tidak,Ya,Tidak,Ya,Ya
3457,Kos Kenanga Yogyakarta 3457,Yogyakarta,Umbulharjo,1450000,Putra,Tidak,Ya,Tidak,Ya,Ya,Ya,Ya,Tidak,Tidak,Ya,Tidak,Ya,Tidak
3458,Kos Sakura Yogyakarta 3458,Yogyakarta,Mlati,1550000,Putri,Ya,Ya,Ya,Ya,Ya,Ya,Ya,Ya,Ya,Tidak,Ya,Ya,Tidak
3459,Kos Anggrek Yogyakarta 3459,Yogyakarta,Mlati,500000,Putri,Ya,Tidak,Ya,Ya,Ya,Ya,Ya,Ya,Tidak,Tidak,Ya,Ya,Ya
3460,Kos Nusantara Yogyakarta 3460,Yogyakarta,Mlati,850000,Putra,Ya,Tidak,Ya,Ya,Ya,Ya,Ya,Ya,Tidak,Tidak,Tidak,Tidak,Tidak
3461,Kos Puspa Semarang 3461,Semarang,Gajahmungkur,1000000,Putri,Ya,Ya,Ya,Ya,Ya,Tidak,Ya,Ya,Ya,Tidak,Tidak,Ya,Tidak
3462,Kos Amanah Semarang 3462,Semarang,Tembalang,650000,Putri,Ya,Tidak,Ya,Ya,Ya,Ya,Ya,Tidak,Tidak,Tidak,Tidak,Ya,Ya
3463,Kos Kenanga Semarang 3463,Semarang,Candisari,1650000,Putri,Ya,Tidak,Ya,Ya,Ya,Tidak,Ya,Ya,Tidak,Tidak,Tidak,Ya,Ya
3464,Kos Kenanga Semarang 3464,Semarang,Banyumanik,850000,Putri,Ya,Ya,Ya,Ya,Ya,Ya,Ya,Ya,Tidak,Tidak,Tidak,Ya,Ya
3465,Kos Sakura Semarang 3465,Semarang,Tembalang,1800000,Campur,Ya,Tidak,Ya,Ya,Ya,Ya,Tidak,Ya,Ya,Ya,Tidak,Tidak,Tidak
3466,Kos Anggrek Semarang 3466,Semarang,Gajahmungkur,1150000,Putri,Tidak,Ya,Tidak,Ya,Ya,Tidak,Ya,Ya,Tidak,Ya,Ya,Ya,Ya
3467,Kos Mawar Semarang 3467,Semarang,Banyumanik,950000,Putri,Ya,Tidak,Ya,Ya,Ya,Tidak,Ya,Ya,Ya,Tidak,Tidak,Ya,Tidak
3468,Kos Amanah Semarang 3468,Semarang,Gajahmungkur,750000,Putra,Tidak,Tidak,Tidak,Ya,Ya,Ya,Ya,Ya,Tidak,Tidak,Ya,Ya,Ya
3469,Kos Wijaya Semarang 3469,Semarang,Tembalang,1950000,Putri,Ya,Ya,Tidak,Ya,Ya,Ya,Ya,Ya,Tidak,Ya,Ya,Ya,Ya
3470,Kos Amanah Semarang 3470,Semarang,Candisari,1350000,Putra,Ya,Tidak,Ya,Ya,Ya,Tidak,Tidak,Tidak,Ya,Ya,Tidak,Ya,Ya
3471,Kos Nusantara Semarang 3471,Semarang,Pedurungan,1350000,Putri,Ya,Tidak,Ya,Ya,Ya,Ya,Tidak,Ya,Tidak,Tidak,Ya,Ya,Tidak
3472,Kos Mawar Semarang 3472,Semarang,Gajahmungkur,900000,Putra,Ya,Tidak,Tidak,Ya,Ya,Ya,Ya,Ya,Tidak,Tidak,Ya,Ya,Ya
3473,Kos Cendana Semarang 3473,Semarang,Tembalang,900000,Campur,Ya,Tidak,Tidak,Ya,Ya,Ya,Ya,Ya,Tidak,Ya,Tidak,Ya,Tidak
3474,Kos Permata Semarang 3474,Semarang,Gajahmungkur,750000,Campur,Ya,Ya,Tidak,Ya,Ya,Ya,Ya,Ya,Tidak,Tidak,Tidak,Ya,Tidak
3475,Kos Cendana Semarang 3475,Semarang,Banyumanik,2000000,Campur,Ya,Tidak,Tidak,Ya,Tidak,Ya,Ya,Ya,Tidak,Tidak,Tidak,Ya,Ya
3476,Kos Mawar Semarang 3476,Semarang,Banyumanik,1450000,Putra,Ya,Tidak,Ya,Ya,Ya,Ya,Ya,Ya,Tidak,Ya,Ya,Ya,Ya
3477,Kos Kenanga Semarang 3477,Semarang,Candisari,1500000,Putra,Ya,Ya,Tidak,Ya,Ya,Ya,Ya,Ya,Tidak,Tidak,Tidak,Tidak,Tidak
3478,Kos Mawar Semarang 3478,Semarang,Gajahmungkur,1350000,Putra,Ya,Ya,Ya,Ya,Ya,Ya,Tidak,Ya,Tidak,Ya,Ya,Ya,Ya
3479,Kos Anggrek Semarang 3479,Semarang,Banyumanik,1350000,Campur,Ya,Ya,Ya,Ya,Ya,Ya,Ya,Tidak,Tidak,Ya,Tidak,Ya,Ya
3480,Kos Amanah Semarang 3480,Semarang,Pedurungan,1800000,Putri,Ya,Tidak,Tidak,Ya,Ya,Tidak,Tidak,Ya,Ya,Ya,Tidak,Ya,Ya
3481,Kos Permata Semarang 3481,Semarang,Pedurungan,1050000,Campur,Ya,Ya,Ya,Ya,Ya,Ya,Tidak,Ya,Tidak,Tidak,Ya,Ya,Tidak
3482,Kos Wijaya Semarang 3482,Semarang,Banyumanik,1550000,Putra,Ya,Tidak,Tidak,Ya,Ya,Ya,Ya,Ya,Tidak,Tidak,Ya,Ya,Tidak
3483,Kos Mawar Semarang 3483,Semarang,Tembalang,1350000,Campur,Ya,Tidak,Tidak,Ya,Ya,Ya,Ya,Ya,Ya,Tidak,Tidak,Ya,Tidak
3484,Kos Mawar Semarang 3484,Semarang,Banyumanik,850000,Putra,Ya,Ya,Tidak,Ya,Tidak,Ya,Tidak,Ya,Ya,Tidak,Ya,Ya,Tidak
3485,Kos Kenanga Semarang 3485,Semarang,Candisari,1350000,Campur,Ya,Tidak,Tidak,Ya,Ya,Ya,Ya,Tidak,Tidak,Ya,Ya,Ya,Ya
3486,Kos Wijaya Semarang 3486,Semarang,Gajahmungkur,1200000,Putri,Ya,Tidak,Tidak,Ya,Ya,Ya,Tidak,Ya,Tidak,Ya,Tidak,Ya,Ya
3487,Kos Cendana Semarang 3487,Semarang,Banyumanik,1100000,Campur,Ya,Tidak,Ya,Ya,Ya,Tidak,Ya,Ya,Tidak,Tidak,Ya,Ya,Ya
3488,Kos Melati Semarang 3488,Semarang,Banyumanik,2000000,Putri,Ya,Tidak,Tidak,Ya,Ya,Ya,Ya,Ya,Tidak,Tidak,Ya,Tidak,Ya
3489,Kos Melati Semarang 3489,Semarang,Gajahmungkur,900000,Putra,Ya,Tidak,Tidak,Ya,Ya,Ya,Ya,Ya,Tidak,Ya,Ya,Ya,Tidak
3490,Kos Sakura Semarang 3490,Semarang,Candisari,2000000,Putri,Ya,Tidak,Tidak,Ya,Ya,Ya,Ya,Ya,Tidak,Tidak,Tidak,Ya,Tidak
3491,Kos Permata Semarang 3491,Semarang,Pedurungan,1400000,Putra,Ya,Ya,Ya,Ya,Ya,Ya,Ya,Ya,Ya,Ya,Tidak,Ya,Ya
3492,Kos Kenanga Semarang 3492,Semarang,Gajahmungkur,750000,Putra,Ya,Ya,Ya,Ya,Ya,Ya,Ya,Ya,Tidak,Ya,Tidak,Tidak,Tidak
3493,Kos Kenanga Semarang 3493,Semarang,Gajahmungkur,1750000,Putri,Ya,Tidak,Tidak,Ya,Ya,Ya,Tidak,Ya,Tidak,Ya,Tidak,Ya,Tidak
3494,Kos Kenanga Semarang 3494,Semarang,Tembalang,2000000,Putra,Ya,Tidak,Ya,Ya,Ya,Ya,Tidak,Ya,Tidak,Ya,Tidak,Ya,Ya
3495,Kos Anggrek Semarang 3495,Semarang,Tembalang,800000,Campur,Ya,Ya,Ya,Ya,Ya,Tidak,Ya,Ya,Ya,Tidak,Ya,Tidak,Tidak
3496,Kos Anggrek Semarang 3496,Semarang,Tembalang,950000,Putri,Ya,Ya,Tidak,Ya,Ya,Ya,Tidak,Tidak,Ya,Ya,Ya,Tidak,Tidak
3497,Kos Amanah Semarang 3497,Semarang,Candisari,2000000,Putra,Ya,Ya,Ya,Ya,Ya,Ya,Tidak,Ya,Tidak,Ya,Tidak,Ya,Ya
3498,Kos Sakura Semarang 3498,Semarang,Banyumanik,1550000,Campur,Ya,Ya,Ya,Ya,Ya,Ya,Tidak,Ya,Tidak,Tidak,Tidak,Ya,Ya
3499,Kos Puspa Semarang 3499,Semarang,Candisari,1200000,Putra,Ya,Ya,Tidak,Ya,Ya,Ya,Tidak,Ya,Tidak,Ya,Tidak,Ya,Tidak
3500,Kos Sakura Semarang 3500,Semarang,Banyumanik,1900000,Putri,Ya,Ya,Tidak,Ya,Ya,Ya,Tidak,Ya,Tidak,Tidak,Tidak,Ya,Ya
3501,Kos Cendana Semarang 3501,Semarang,Candisari,1200000,Campur,Tidak,Tidak,Ya,Ya,Ya,Ya,Tidak,Ya,Tidak,Ya,Ya,Ya,Ya
3502,Kos Mawar Semarang 3502,Semarang,Gajahmungkur,1650000,Campur,Ya,Tidak,Tidak,Ya,Ya,Ya,Tidak,Ya,Tidak,Ya,Ya,Tidak,Ya
3503,Kos Puspa Semarang 3503,Semarang,Pedurungan,1150000,Campur,Ya,Ya,Tidak,Ya,Ya,Ya,Tidak,Tidak,Ya,Ya,Ya,Ya,Tidak
3504,Kos Anggrek Semarang 3504,Semarang,Tembalang,750000,Putri,Ya,Ya,Tidak,Ya,Ya,Ya,Tidak,Tidak,Tidak,Ya,Ya,Ya,Tidak
3505,Kos Amanah Semarang 3505,Semarang,Candisari,2000000,Putri,Tidak,Tidak,Tidak,Ya,Ya,Ya,Ya,Ya,Ya,Tidak,Tidak,Tidak,Ya
3506,Kos Nusantara Semarang 3506,Semarang,Banyumanik,850000,Campur,Ya,Ya,Ya,Ya,Ya,Tidak,Tidak,Ya,Tidak,Ya,Tidak,Ya,Ya
3507,Kos Wijaya Semarang 3507,Semarang,Banyumanik,1200000,Putri,Ya,Ya,Tidak,Ya,Ya,Tidak,Ya,Ya,Tidak,Tidak,Tidak,Ya,Tidak
3508,Kos Wijaya Semarang 3508,Semarang,Candisari,1700000,Campur,Ya,Tidak,Ya,Ya,Ya,Ya,Ya,Ya,Ya,Ya,Ya,Ya,Tidak
3509,Kos Harmoni Semarang 3509,Semarang,Banyumanik,1600000,Putra,Ya,Tidak,Ya,Ya,Ya,Tidak,Tidak,Ya,Tidak,Tidak,Tidak,Ya,Ya
3510,Kos Wijaya Semarang 3510,Semarang,Pedurungan,1250000,Putra,Ya,Tidak,Ya,Ya,Ya,Ya,Ya,Ya,Tidak,Tidak,Ya,Ya,Tidak
3511,Kos Wijaya Semarang 3511,Semarang,Pedurungan,1250000,Campur,Ya,Tidak,Tidak,Ya,Ya,Ya,Ya,Ya,Tidak,Ya,Ya,Ya,Ya
3512,Kos Nusantara Semarang 3512,Semarang,Pedurungan,1800000,Putri,Ya,Ya,Tidak,Ya,Ya,Tidak,Ya,Ya,Tidak,Tidak,Ya,Tidak,Tidak
3513,Kos Harmoni Semarang 3513,Semarang,Pedurungan,1100000,Campur,Ya,Tidak,Tidak,Ya,Ya,Tidak,Ya,Ya,Ya,Tidak,Tidak,Ya,Ya
3514,Kos Cendana Semarang 3514,Semarang,Tembalang,750000,Campur,Tidak,Ya,Tidak,Ya,Tidak,Ya,Ya,Ya,Ya,Ya,Ya,Tidak,Ya
3515,Kos Kenanga Semarang 3515,Semarang,Gajahmungkur,750000,Putri,Ya,Tidak,Tidak,Ya,Ya,Ya,Tidak,Ya,Tidak,Ya,Ya,Tidak,Tidak
3516,Kos Sakura Semarang 3516,Semarang,Tembalang,1900000,Putri,Ya,Ya,Tidak,Ya,Ya,Ya,Ya,Ya,Ya,Ya,Tidak,Ya,Ya
3517,Kos Cendana Semarang 3517,Semarang,Banyumanik,900000,Putri,Ya,Ya,Tidak,Ya,Ya,Ya,Ya,Ya,Tidak,Tidak,Ya,Ya,Tidak
3518,Kos Anggrek Semarang 3518,Semarang,Candisari,1150000,Putri,Ya,Tidak,Ya,Ya,Ya,Ya,Ya,Ya,Tidak,Tidak,Tidak,Tidak,Ya
3519,Kos Anggrek Semarang 3519,Semarang,Gajahmungkur,1150000,Putra,Tidak,Ya,Ya,Ya,Ya,Tidak,Tidak,Ya,Tidak,Tidak,Ya,Ya,Tidak
3520,Kos Melati Semarang 3520,Semarang,Candisari,1100000,Putra,Ya,Tidak,Ya,Ya,Ya,Tidak,Ya,Ya,Tidak,Ya,Ya,Ya,Ya
3521,Kos Sakura Semarang 3521,Semarang,Tembalang,800000,Campur,Tidak,Ya,Ya,Ya,Ya,Ya,Tidak,Ya,Tidak,Ya,Tidak,Ya,Tidak
3522,Kos Anggrek Semarang 3522,Semarang,Candisari,1700000,Putri,Ya,Tidak,Ya,Ya,Ya,Ya,Ya,Ya,Ya,Ya,Ya,Ya,Ya
3523,Kos Wijaya Semarang 3523,Semarang,Pedurungan,900000,Putri,Ya,Ya,Ya,Ya,Ya,Ya,Tidak,Ya,Tidak,Tidak,Ya,Ya,Tidak
3524,Kos Harmoni Semarang 3524,Semarang,Candisari,1800000,Putri,Ya,Ya,Tidak,Ya,Ya,Tidak,Tidak,Ya,Ya,Ya,Tidak,Ya,Ya
3525,Kos Amanah Semarang 3525,Semarang,Pedurungan,600000,Putra,Ya,Tidak,Tidak,Ya,Tidak,Ya,Ya,Ya,Tidak,Ya,Tidak,Ya,Ya
3526,Kos Cendana Semarang 3526,Semarang,Banyumanik,800000,Putri,Ya,Tidak,Tidak,Ya,Ya,Ya,Tidak,Ya,Tidak,Ya,Ya,Tidak,Ya
3527,Kos Harmoni Semarang 3527,Semarang,Tembalang,700000,Putra,Ya,Tidak,Tidak,Ya,Ya,Ya,Tidak,Ya,Ya,Ya,Tidak,Tidak,Tidak
3528,Kos Nusantara Semarang 3528,Semarang,Banyumanik,650000,Putra,Tidak,Ya,Tidak,Ya,Ya,Tidak,Ya,Ya,Tidak,Ya,Ya,Tidak,Ya
3529,Kos Puspa Semarang 3529,Semarang,Banyumanik,1900000,Putra,Ya,Tidak,Tidak,Ya,Ya,Tidak,Ya,Ya,Ya,Ya,Ya,Ya,Tidak
3530,Kos Sakura Semarang 3530,Semarang,Banyumanik,1150000,Putra,Ya,Tidak,Tidak,Ya,Ya,Ya,Ya,Tidak,Tidak,Tidak,Ya,Ya,Tidak
3531,Kos Puspa Semarang 3531,Semarang,Banyumanik,800000,Campur,Ya,Ya,Ya,Ya,Ya,Ya,Tidak,Ya,Tidak,Ya,Ya,Ya,Ya
3532,Kos Cendana Semarang 3532,Semarang,Tembalang,1000000,Putri,Ya,Ya,Ya,Ya,Ya,Ya,Ya,Ya,Ya,Ya,Tidak,Tidak,Ya
3533,Kos Puspa Semarang 3533,Semarang,Banyumanik,1400000,Putri,Ya,Tidak,Ya,Ya,Ya,Tidak,Ya,Ya,Tidak,Ya,Ya,Ya,Ya
3534,Kos Permata Semarang 3534,Semarang,Pedurungan,900000,Putra,Tidak,Ya,Tidak,Ya,Tidak,Tidak,Ya,Ya,Ya,Ya,Tidak,Tidak,Tidak
3535,Kos Puspa Semarang 3535,Semarang,Gajahmungkur,700000,Putra,Ya,Tidak,Ya,Ya,Ya,Ya,Ya,Ya,Tidak,Ya,Tidak,Tidak,Tidak
3536,Kos Permata Semarang 3536,Semarang,Candisari,1600000,Campur,Ya,Tidak,Tidak,Ya,Ya,Ya,Tidak,Ya,Tidak,Tidak,Tidak,Tidak,Tidak
3537,Kos Anggrek Semarang 3537,Semarang,Candisari,1850000,Putra,Tidak,Tidak,Tidak,Ya,Ya,Ya,Ya,Ya,Tidak,Ya,Ya,Tidak,Ya
3538,Kos Melati Semarang 3538,Semarang,Pedurungan,700000,Putri,Ya,Ya,Tidak,Ya,Ya,Ya,Ya,Ya,Tidak,Tidak,Ya,Ya,Ya
3539,Kos Sakura Semarang 3539,Semarang,Tembalang,1200000,Putra,Ya,Ya,Ya,Ya,Ya,Ya,Ya,Ya,Ya,Ya,Tidak,Ya,Tidak
3540,Kos Sakura Semarang 3540,Semarang,Tembalang,1550000,Campur,Ya,Tidak,Tidak,Ya,Ya,Tidak,Ya,Ya,Tidak,Ya,Tidak,Tidak,Tidak
3541,Kos Amanah Semarang 3541,Semarang,Candisari,1550000,Campur,Ya,Ya,Tidak,Ya,Ya,Ya,Ya,Ya,Ya,Tidak,Tidak,Tidak,Ya
3542,Kos Harmoni Semarang 3542,Semarang,Tembalang,1300000,Putra,Ya,Ya,Tidak,Ya,Ya,Ya,Ya,Ya,Tidak,Tidak,Ya,Ya,Tidak
3543,Kos Mawar Semarang 3543,Semarang,Tembalang,1500000,Putri,Tidak,Tidak,Tidak,Ya,Ya,Tidak,Ya,Ya,Tidak,Tidak,Ya,Tidak,Ya
3544,Kos Amanah Semarang 3544,Semarang,Tembalang,1500000,Putri,Ya,Tidak,Ya,Ya,Ya,Ya,Ya,Ya,Ya,Ya,Tidak,Ya,Ya
3545,Kos Permata Semarang 3545,Semarang,Gajahmungkur,1900000,Putri,Ya,Tidak,Ya,Ya,Ya,Tidak,Tidak,Ya,Ya,Tidak,Ya,Tidak,Ya
3546,Kos Mawar Semarang 3546,Semarang,Pedurungan,1900000,Putra,Ya,Tidak,Ya,Ya,Ya,Ya,Ya,Ya,Tidak,Tidak,Ya,Ya,Ya
3547,Kos Amanah Semarang 3547,Semarang,Pedurungan,1650000,Putra,Ya,Tidak,Tidak,Ya,Ya,Tidak,Ya,Tidak,Tidak,Tidak,Ya,Ya,Ya
3548,Kos Melati Semarang 3548,Semarang,Gajahmungkur,650000,Putri,Ya,Tidak,Ya,Ya,Ya,Ya,Ya,Ya,Ya,Tidak,Tidak,Ya,Ya
3549,Kos Mawar Semarang 3549,Semarang,Gajahmungkur,1000000,Putra,Ya,Tidak,Ya,Ya,Ya,Tidak,Tidak,Ya,Tidak,Tidak,Ya,Tidak,Ya
3550,Kos Cendana Semarang 3550,Semarang,Pedurungan,1400000,Putri,Ya,Tidak,Ya,Ya,Ya,Tidak,Ya,Ya,Ya,Ya,Tidak,Ya,Ya
3551,Kos Amanah Semarang 3551,Semarang,Pedurungan,1000000,Putri,Ya,Tidak,Tidak,Ya,Tidak,Ya,Ya,Ya,Tidak,Tidak,Ya,Ya,Tidak
3552,Kos Anggrek Semarang 3552,Semarang,Banyumanik,850000,Putra,Ya,Ya,Ya,Ya,Ya,Tidak,Ya,Ya,Ya,Tidak,Tidak,Ya,Ya
3553,Kos Mawar Semarang 3553,Semarang,Banyumanik,950000,Putri,Ya,Tidak,Tidak,Ya,Ya,Tidak,Ya,Ya,Ya,Ya,Tidak,Ya,Tidak
3554,Kos Harmoni Semarang 3554,Semarang,Pedurungan,1200000,Putri,Ya,Tidak,Tidak,Ya,Ya,Tidak,Ya,Ya,Tidak,Ya,Ya,Tidak,Ya
3555,Kos Melati Semarang 3555,Semarang,Banyumanik,1700000,Putri,Ya,Tidak,Ya,Ya,Ya,Ya,Ya,Ya,Ya,Tidak,Tidak,Tidak,Tidak
3556,Kos Melati Semarang 3556,Semarang,Gajahmungkur,1600000,Putri,Ya,Tidak,Tidak,Ya,Ya,Ya,Ya,Ya,Tidak,Ya,Ya,Tidak,Ya
3557,Kos Cendana Semarang 3557,Semarang,Banyumanik,1050000,Putri,Ya,Ya,Tidak,Ya,Ya,Ya,Ya,Ya,Tidak,Tidak,Ya,Ya,Ya
3558,Kos Kenanga Semarang 3558,Semarang,Pedurungan,1200000,Putri,Ya,Ya,Ya,Ya,Tidak,Ya,Ya,Tidak,Tidak,Ya,Ya,Tidak,Ya
3559,Kos Harmoni Semarang 3559,Semarang,Candisari,1150000,Putri,Tidak,Tidak,Ya,Ya,Ya,Tidak,Tidak,Tidak,Tidak,Ya,Tidak,Ya,Ya
3560,Kos Kenanga Semarang 3560,Semarang,Pedurungan,1200000,Putra,Ya,Ya,Ya,Ya,Ya,Ya,Ya,Ya,Tidak,Ya,Tidak,Ya,Ya
3561,Kos Melati Semarang 3561,Semarang,Candisari,1200000,Putri,Ya,Ya,Tidak,Ya,Ya,Ya,Ya,Ya,Tidak,Tidak,Ya,Tidak,Ya
3562,Kos Harmoni Semarang 3562,Semarang,Candisari,1600000,Putri,Ya,Ya,Tidak,Ya,Ya,Ya,Ya,Ya,Tidak,Ya,Ya,Ya,Tidak
3563,Kos Amanah Semarang 3563,Semarang,Gajahmungkur,1250000,Campur,Ya,Ya,Tidak,Ya,Ya,Tidak,Tidak,Ya,Tidak,Ya,Ya,Tidak,Tidak
3564,Kos Amanah Semarang 3564,Semarang,Tembalang,1400000,Putri,Tidak,Ya,Ya,Ya,Ya,Ya,Ya,Ya,Tidak,Ya,Tidak,Ya,Tidak
3565,Kos Puspa Semarang 3565,Semarang,Gajahmungkur,1050000,Putri,Ya,Ya,Ya,Ya,Ya,Ya,Tidak,Ya,Tidak,Ya,Ya,Ya,Ya
3566,Kos Anggrek Semarang 3566,Semarang,Tembalang,850000,Campur,Ya,Tidak,Ya,Ya,Ya,Tidak,Tidak,Ya,Tidak,Ya,Ya,Ya,Ya
3567,Kos Kenanga Semarang 3567,Semarang,Banyumanik,700000,Putri,Ya,Ya,Tidak,Ya,Ya,Ya,Tidak,Ya,Tidak,Tidak,Ya,Ya,Ya
3568,Kos Permata Semarang 3568,Semarang,Gajahmungkur,1500000,Putri,Tidak,Ya,Ya,Ya,Ya,Tidak,Ya,Ya,Tidak,Tidak,Tidak,Ya,Ya
3569,Kos Permata Semarang 3569,Semarang,Banyumanik,1750000,Putri,Tidak,Ya,Ya,Ya,Ya,Ya,Tidak,Ya,Ya,Tidak,Ya,Tidak,Ya
3570,Kos Cendana Semarang 3570,Semarang,Candisari,1850000,Putri,Ya,Ya,Ya,Ya,Ya,Ya,Ya,Ya,Tidak,Tidak,Tidak,Ya,Ya
3571,Kos Harmoni Semarang 3571,Semarang,Candisari,1500000,Putri,Tidak,Ya,Tidak,Ya,Ya,Ya,Ya,Tidak,Tidak,Tidak,Ya,Tidak,Ya
3572,Kos Melati Semarang 3572,Semarang,Banyumanik,1950000,Campur,Ya,Tidak,Ya,Ya,Ya,Ya,Ya,Ya,Tidak,Ya,Tidak,Tidak,Ya
3573,Kos Amanah Semarang 3573,Semarang,Tembalang,1750000,Campur,Ya,Tidak,Ya,Ya,Ya,Ya,Tidak,Ya,Tidak,Tidak,Tidak,Ya,Ya
3574,Kos Wijaya Semarang 3574,Semarang,Pedurungan,1400000,Putra,Ya,Ya,Ya,Ya,Ya,Ya,Ya,Tidak,Tidak,Tidak,Tidak,Ya,Ya
3575,Kos Permata Semarang 3575,Semarang,Pedurungan,700000,Campur,Tidak,Ya,Tidak,Ya,Ya,Ya,Ya,Ya,Tidak,Tidak,Tidak,Ya,Ya
3576,Kos Kenanga Semarang 3576,Semarang,Banyumanik,1950000,Campur,Ya,Ya,Ya,Ya,Ya,Tidak,Tidak,Ya,Tidak,Ya,Ya,Ya,Tidak
3577,Kos Amanah Semarang 3577,Semarang,Candisari,1200000,Campur,Tidak,Ya,Ya,Ya,Ya,Tidak,Ya,Ya,Ya,Ya,Ya,Ya,Ya
3578,Kos Permata Semarang 3578,Semarang,Tembalang,900000,Campur,Ya,Ya,Tidak,Ya,Ya,Ya,Ya,Ya,Tidak,Tidak,Ya,Ya,Tidak
3579,Kos Cendana Semarang 3579,Semarang,Banyumanik,2000000,Putra,Ya,Tidak,Ya,Ya,Ya,Tidak,Tidak,Tidak,Ya,Ya,Tidak,Tidak,Tidak
3580,Kos Nusantara Semarang 3580,Semarang,Banyumanik,1750000,Putri,Ya,Ya,Tidak,Ya,Ya,Ya,Ya,Ya,Ya,Ya,Tidak,Tidak,Ya
3581,Kos Nusantara Semarang 3581,Semarang,Candisari,1100000,Campur,Ya,Tidak,Tidak,Ya,Ya,Ya,Ya,Ya,Ya,Ya,Ya,Ya,Ya
3582,Kos Sakura Semarang 3582,Semarang,Gajahmungkur,800000,Putra,Ya,Tidak,Tidak,Ya,Ya,Ya,Tidak,Ya,Tidak,Tidak,Tidak,Ya,Ya
3583,Kos Harmoni Semarang 3583,Semarang,Gajahmungkur,900000,Campur,Tidak,Tidak,Tidak,Ya,Ya,Ya,Ya,Ya,Ya,Ya,Ya,Ya,Tidak
3584,Kos Anggrek Semarang 3584,Semarang,Pedurungan,700000,Campur,Tidak,Tidak,Tidak,Ya,Ya,Ya,Tidak,Ya,Tidak,Ya,Tidak,Ya,Ya
3585,Kos Sakura Semarang 3585,Semarang,Banyumanik,700000,Putri,Ya,Tidak,Tidak,Ya,Ya,Ya,Tidak,Ya,Tidak,Tidak,Tidak,Tidak,Ya
3586,Kos Cendana Semarang 3586,Semarang,Gajahmungkur,1850000,Putri,Ya,Tidak,Tidak,Ya,Ya,Ya,Ya,Ya,Tidak,Ya,Ya,Tidak,Tidak
3587,Kos Mawar Semarang 3587,Semarang,Tembalang,1550000,Campur,Ya,Ya,Ya,Ya,Ya,Tidak,Tidak,Ya,Tidak,Tidak,Ya,Tidak,Ya
3588,Kos Amanah Semarang 3588,Semarang,Gajahmungkur,1100000,Putri,Ya,Ya,Tidak,Ya,Ya,Ya,Tidak,Ya,Tidak,Ya,Ya,Ya,Ya
3589,Kos Kenanga Semarang 3589,Semarang,Banyumanik,1750000,Putri,Ya,Tidak,Ya,Ya,Ya,Ya,Tidak,Ya,Tidak,Ya,Tidak,Ya,Ya
3590,Kos Puspa Semarang 3590,Semarang,Pedurungan,900000,Putra,Ya,Tidak,Ya,Ya,Tidak,Tidak,Tidak,Ya,Tidak,Ya,Tidak,Ya,Ya
3591,Kos Wijaya Semarang 3591,Semarang,Tembalang,1700000,Putri,Tidak,Tidak,Ya,Ya,Ya,Ya,Ya,Ya,Tidak,Ya,Ya,Ya,Ya
3592,Kos Mawar Semarang 3592,Semarang,Tembalang,1700000,Campur,Ya,Tidak,Tidak,Ya,Ya,Ya,Tidak,Ya,Ya,Tidak,Ya,Ya,Tidak
3593,Kos Anggrek Semarang 3593,Semarang,Tembalang,1100000,Campur,Ya,Ya,Ya,Ya,Ya,Ya,Tidak,Ya,Ya,Ya,Ya,Ya,Ya
3594,Kos Kenanga Semarang 3594,Semarang,Gajahmungkur,1750000,Putra,Ya,Tidak,Tidak,Ya,Tidak,Ya,Tidak,Tidak,Tidak,Ya,Tidak,Ya,Ya
3595,Kos Amanah Semarang 3595,Semarang,Candisari,800000,Putri,Tidak,Tidak,Tidak,Ya,Ya,Ya,Ya,Ya,Ya,Ya,Tidak,Ya,Ya
3596,Kos Amanah Semarang 3596,Semarang,Pedurungan,600000,Putra,Ya,Tidak,Tidak,Ya,Ya,Ya,Ya,Ya,Tidak,Ya,Ya,Tidak,Ya
3597,Kos Mawar Semarang 3597,Semarang,Gajahmungkur,1950000,Campur,Ya,Ya,Tidak,Ya,Ya,Tidak,Tidak,Ya,Tidak,Tidak,Tidak,Tidak,Ya
3598,Kos Nusantara Semarang 3598,Semarang,Gajahmungkur,1500000,Putra,Ya,Ya,Tidak,Ya,Ya,Ya,Ya,Ya,Tidak,Ya,Tidak,Ya,Tidak
3599,Kos Mawar Semarang 3599,Semarang,Candisari,1450000,Campur,Ya,Ya,Ya,Ya,Ya,Ya,Ya,Ya,Ya,Ya,Ya,Ya,Tidak
3600,Kos Puspa Semarang 3600,Semarang,Gajahmungkur,1000000,Putri,Ya,Ya,Tidak,Ya,Ya,Ya,Tidak,Ya,Tidak,Ya,Tidak,Ya,Tidak
3601,Kos Nusantara Semarang 3601,Semarang,Candisari,1100000,Putri,Tidak,Tidak,Tidak,Ya,Ya,Ya,Ya,Ya,Ya,Tidak,Tidak,Ya,Ya
3602,Kos Puspa Semarang 3602,Semarang,Banyumanik,1300000,Putri,Ya,Tidak,Ya,Ya,Ya,Ya,Tidak,Ya,Ya,Tidak,Tidak,Tidak,Tidak
3603,Kos Mawar Semarang 3603,Semarang,Tembalang,1750000,Putra,Ya,Tidak,Tidak,Ya,Ya,Ya,Ya,Ya,Tidak,Tidak,Ya,Ya,Tidak
3604,Kos Cendana Semarang 3604,Semarang,Banyumanik,1800000,Putra,Ya,Tidak,Tidak,Ya,Ya,Ya,Ya,Ya,Ya,Tidak,Ya,Ya,Tidak
3605,Kos Anggrek Semarang 3605,Semarang,Banyumanik,750000,Putri,Tidak,Tidak,Ya,Ya,Ya,Ya,Ya,Ya,Tidak,Tidak,Ya,Ya,Ya
3606,Kos Anggrek Semarang 3606,Semarang,Gajahmungkur,900000,Putri,Ya,Tidak,Tidak,Ya,Ya,Ya,Ya,Ya,Tidak,Ya,Tidak,Ya,Ya
3607,Kos Anggrek Semarang 3607,Semarang,Pedurungan,1700000,Putri,Ya,Tidak,Ya,Ya,Ya,Ya,Ya,Ya,Tidak,Tidak,Ya,Ya,Ya
3608,Kos Cendana Semarang 3608,Semarang,Gajahmungkur,1050000,Putra,Ya,Ya,Ya,Ya,Ya,Ya,Tidak,Ya,Ya,Ya,Ya,Ya,Ya
3609,Kos Harmoni Semarang 3609,Semarang,Gajahmungkur,1650000,Campur,Ya,Tidak,Tidak,Ya,Ya,Ya,Tidak,Tidak,Tidak,Tidak,Tidak,Tidak,Tidak
3610,Kos Mawar Semarang 3610,Semarang,Candisari,950000,Putra,Ya,Ya,Tidak,Ya,Ya,Tidak,Tidak,Ya,Tidak,Tidak,Tidak,Ya,Tidak
3611,Kos Melati Semarang 3611,Semarang,Candisari,1600000,Campur,Ya,Ya,Tidak,Ya,Ya,Ya,Ya,Ya,Tidak,Ya,Ya,Ya,Tidak
3612,Kos Puspa Semarang 3612,Semarang,Pedurungan,1450000,Campur,Ya,Ya,Tidak,Ya,Ya,Ya,Tidak,Ya,Tidak,Ya,Tidak,Ya,Ya
3613,Kos Amanah Semarang 3613,Semarang,Candisari,2000000,Putri,Ya,Tidak,Tidak,Ya,Ya,Ya,Tidak,Ya,Tidak,Ya,Ya,Ya,Tidak
3614,Kos Cendana Semarang 3614,Semarang,Gajahmungkur,1950000,Campur,Ya,Ya,Ya,Ya,Ya,Ya,Ya,Tidak,Ya,Tidak,Tidak,Ya,Ya
3615,Kos Permata Semarang 3615,Semarang,Gajahmungkur,1300000,Putra,Ya,Tidak,Tidak,Ya,Ya,Ya,Ya,Ya,Tidak,Tidak,Ya,Ya,Ya
3616,Kos Mawar Semarang 3616,Semarang,Banyumanik,1200000,Putri,Ya,Tidak,Ya,Ya,Ya,Ya,Ya,Ya,Tidak,Ya,Tidak,Ya,Tidak
3617,Kos Nusantara Semarang 3617,Semarang,Tembalang,1900000,Putra,Ya,Tidak,Ya,Ya,Ya,Ya,Ya,Ya,Ya,Tidak,Tidak,Ya,Tidak
3618,Kos Kenanga Semarang 3618,Semarang,Pedurungan,700000,Putri,Ya,Ya,Ya,Ya,Ya,Ya,Ya,Ya,Tidak,Ya,Tidak,Ya,Ya
3619,Kos Melati Semarang 3619,Semarang,Banyumanik,900000,Putri,Tidak,Tidak,Tidak,Ya,Ya,Tidak,Tidak,Ya,Tidak,Ya,Tidak,Tidak,Tidak
3620,Kos Kenanga Semarang 3620,Semarang,Tembalang,1950000,Campur,Ya,Tidak,Ya,Ya,Ya,Tidak,Ya,Ya,Tidak,Tidak,Ya,Ya,Ya
3621,Kos Wijaya Semarang 3621,Semarang,Pedurungan,1150000,Putra,Ya,Tidak,Tidak,Ya,Tidak,Ya,Ya,Ya,Ya,Tidak,Tidak,Tidak,Ya
3622,Kos Anggrek Semarang 3622,Semarang,Gajahmungkur,1600000,Campur,Ya,Tidak,Tidak,Ya,Ya,Ya,Tidak,Tidak,Tidak,Ya,Ya,Ya,Ya
3623,Kos Amanah Semarang 3623,Semarang,Tembalang,850000,Putra,Ya,Ya,Tidak,Ya,Ya,Tidak,Ya,Ya,Ya,Ya,Tidak,Ya,Tidak
3624,Kos Harmoni Semarang 3624,Semarang,Banyumanik,950000,Putra,Ya,Ya,Ya,Ya,Ya,Ya,Ya,Ya,Ya,Ya,Tidak,Ya,Tidak
3625,Kos Mawar Semarang 3625,Semarang,Gajahmungkur,950000,Putra,Ya,Ya,Ya,Ya,Tidak,Ya,Ya,Ya,Ya,Ya,Ya,Tidak,Ya
3626,Kos Wijaya Semarang 3626,Semarang,Candisari,1350000,Campur,Ya,Tidak,Tidak,Ya,Ya,Tidak,Ya,Ya,Tidak,Ya,Tidak,Ya,Tidak
3627,Kos Wijaya Semarang 3627,Semarang,Pedurungan,1950000,Putra,Ya,Ya,Ya,Ya,Ya,Tidak,Tidak,Ya,Ya,Ya,Ya,Tidak,Ya
3628,Kos Sakura Semarang 3628,Semarang,Tembalang,1700000,Putri,Ya,Tidak,Tidak,Ya,Ya,Ya,Ya,Ya,Tidak,Tidak,Ya,Ya,Ya
3629,Kos Amanah Semarang 3629,Semarang,Pedurungan,1500000,Campur,Ya,Tidak,Ya,Ya,Ya,Ya,Ya,Ya,Tidak,Ya,Tidak,Ya,Tidak
3630,Kos Amanah Semarang 3630,Semarang,Gajahmungkur,1400000,Campur,Ya,Ya,Ya,Ya,Ya,Ya,Tidak,Ya,Tidak,Tidak,Tidak,Ya,Ya
3631,Kos Sakura Semarang 3631,Semarang,Tembalang,750000,Putri,Ya,Tidak,Tidak,Ya,Ya,Ya,Tidak,Ya,Tidak,Ya,Tidak,Tidak,Ya
3632,Kos Permata Semarang 3632,Semarang,Gajahmungkur,1300000,Putra,Ya,Tidak,Ya,Ya,Ya,Ya,Tidak,Ya,Tidak,Ya,Tidak,Ya,Ya
3633,Kos Harmoni Semarang 3633,Semarang,Pedurungan,1800000,Campur,Ya,Tidak,Tidak,Ya,Ya,Ya,Ya,Ya,Tidak,Ya,Tidak,Tidak,Ya
3634,Kos Wijaya Semarang 3634,Semarang,Banyumanik,1600000,Campur,Ya,Ya,Tidak,Ya,Ya,Tidak,Tidak,Ya,Ya,Ya,Tidak,Ya,Ya
3635,Kos Anggrek Semarang 3635,Semarang,Tembalang,1000000,Putra,Ya,Tidak,Ya,Ya,Ya,Ya,Ya,Ya,Ya,Ya,Ya,Tidak,Ya
3636,Kos Permata Semarang 3636,Semarang,Pedurungan,1550000,Putra,Ya,Ya,Ya,Ya,Ya,Tidak,Ya,Ya,Tidak,Tidak,Tidak,Ya,Ya
3637,Kos Mawar Semarang 3637,Semarang,Banyumanik,1450000,Putri,Ya,Tidak,Tidak,Ya,Ya,Tidak,Ya,Ya,Tidak,Ya,Ya,Ya,Ya
3638,Kos Anggrek Semarang 3638,Semarang,Gajahmungkur,1250000,Putri,Ya,Tidak,Ya,Ya,Ya,Tidak,Tidak,Ya,Tidak,Ya,Tidak,Ya,Ya
3639,Kos Nusantara Semarang 3639,Semarang,Gajahmungkur,1000000,Putra,Tidak,Tidak,Ya,Ya,Ya,Ya,Tidak,Ya,Tidak,Ya,Tidak,Ya,Tidak
3640,Kos Anggrek Semarang 3640,Semarang,Gajahmungkur,1450000,Campur,Ya,Ya,Tidak,Ya,Ya,Ya,Ya,Ya,Tidak,Ya,Tidak,Ya,Ya
3641,Kos Wijaya Semarang 3641,Semarang,Candisari,1850000,Putra,Tidak,Tidak,Tidak,Ya,Ya,Ya,Tidak,Ya,Tidak,Ya,Tidak,Ya,Tidak
3642,Kos Melati Semarang 3642,Semarang,Tembalang,600000,Campur,Tidak,Ya,Tidak,Ya,Ya,Ya,Ya,Ya,Ya,Ya,Tidak,Ya,Tidak
3643,Kos Harmoni Semarang 3643,Semarang,Gajahmungkur,850000,Putra,Tidak,Tidak,Ya,Ya,Ya,Ya,Ya,Ya,Ya,Tidak,Tidak,Ya,Tidak
3644,Kos Mawar Semarang 3644,Semarang,Banyumanik,1150000,Putra,Ya,Ya,Ya,Ya,Ya,Ya,Ya,Ya,Tidak,Ya,Tidak,Ya,Tidak
3645,Kos Anggrek Semarang 3645,Semarang,Pedurungan,1700000,Putri,Ya,Tidak,Tidak,Ya,Ya,Tidak,Ya,Ya,Tidak,Ya,Tidak,Ya,Tidak
3646,Kos Sakura Semarang 3646,Semarang,Tembalang,1750000,Putri,Ya,Ya,Tidak,Ya,Ya,Tidak,Tidak,Ya,Ya,Tidak,Tidak,Ya,Tidak
3647,Kos Amanah Semarang 3647,Semarang,Tembalang,1550000,Putri,Ya,Tidak,Ya,Ya,Ya,Ya,Ya,Ya,Ya,Tidak,Ya,Ya,Tidak
3648,Kos Melati Semarang 3648,Semarang,Tembalang,950000,Putri,Ya,Ya,Tidak,Ya,Ya,Ya,Ya,Ya,Tidak,Ya,Ya,Ya,Ya
3649,Kos Amanah Semarang 3649,Semarang,Pedurungan,1550000,Campur,Ya,Tidak,Tidak,Ya,Ya,Ya,Ya,Ya,Tidak,Tidak,Ya,Ya,Ya
3650,Kos Puspa Semarang 3650,Semarang,Pedurungan,1600000,Campur,Ya,Tidak,Tidak,Ya,Ya,Ya,Tidak,Ya,Tidak,Ya,Tidak,Tidak,Tidak
3651,Kos Sakura Semarang 3651,Semarang,Pedurungan,1750000,Putri,Ya,Tidak,Ya,Ya,Ya,Ya,Ya,Ya,Tidak,Ya,Ya,Ya,Tidak
3652,Kos Permata Semarang 3652,Semarang,Gajahmungkur,1200000,Putri,Tidak,Tidak,Tidak,Ya,Ya,Ya,Ya,Ya,Ya,Ya,Ya,Tidak,Tidak
3653,Kos Permata Semarang 3653,Semarang,Candisari,1200000,Putri,Ya,Tidak,Tidak,Ya,Ya,Ya,Ya,Ya,Ya,Tidak,Tidak,Ya,Ya
3654,Kos Sakura Semarang 3654,Semarang,Tembalang,1750000,Putri,Ya,Tidak,Ya,Ya,Ya,Ya,Ya,Ya,Tidak,Ya,Ya,Ya,Ya
3655,Kos Anggrek Semarang 3655,Semarang,Pedurungan,1400000,Campur,Ya,Ya,Tidak,Ya,Ya,Ya,Tidak,Ya,Ya,Ya,Tidak,Ya,Ya
3656,Kos Nusantara Semarang 3656,Semarang,Tembalang,1950000,Campur,Ya,Ya,Tidak,Ya,Ya,Ya,Tidak,Ya,Tidak,Ya,Tidak,Ya,Ya
3657,Kos Melati Semarang 3657,Semarang,Banyumanik,900000,Campur,Tidak,Tidak,Tidak,Ya,Ya,Tidak,Ya,Ya,Tidak,Ya,Tidak,Ya,Ya
3658,Kos Harmoni Semarang 3658,Semarang,Candisari,1100000,Putra,Ya,Tidak,Tidak,Ya,Ya,Ya,Ya,Tidak,Tidak,Tidak,Ya,Ya,Ya
3659,Kos Mawar Semarang 3659,Semarang,Banyumanik,1350000,Putri,Ya,Tidak,Tidak,Ya,Ya,Tidak,Ya,Ya,Tidak,Ya,Tidak,Ya,Tidak
3660,Kos Wijaya Semarang 3660,Semarang,Gajahmungkur,1900000,Campur,Ya,Tidak,Ya,Ya,Ya,Tidak,Tidak,Ya,Tidak,Tidak,Ya,Ya,Ya
3661,Kos Nusantara Semarang 3661,Semarang,Gajahmungkur,1650000,Putra,Tidak,Tidak,Ya,Ya,Ya,Ya,Tidak,Ya,Ya,Ya,Ya,Ya,Ya
3662,Kos Cendana Semarang 3662,Semarang,Candisari,1600000,Putra,Ya,Ya,Ya,Ya,Ya,Tidak,Ya,Ya,Tidak,Tidak,Ya,Ya,Tidak
3663,Kos Permata Semarang 3663,Semarang,Tembalang,1200000,Putri,Ya,Ya,Tidak,Ya,Ya,Tidak,Ya,Ya,Tidak,Tidak,Tidak,Ya,Tidak
3664,Kos Mawar Semarang 3664,Semarang,Pedurungan,650000,Putra,Ya,Tidak,Tidak,Ya,Ya,Ya,Ya,Ya,Tidak,Tidak,Tidak,Ya,Ya
3665,Kos Mawar Semarang 3665,Semarang,Pedurungan,1300000,Putri,Ya,Tidak,Ya,Ya,Ya,Ya,Ya,Ya,Ya,Tidak,Tidak,Ya,Ya
3666,Kos Sakura Semarang 3666,Semarang,Gajahmungkur,1350000,Putri,Ya,Tidak,Tidak,Ya,Ya,Ya,Ya,Ya,Ya,Tidak,Tidak,Ya,Ya
3667,Kos Anggrek Semarang 3667,Semarang,Gajahmungkur,1800000,Putri,Ya,Tidak,Ya,Ya,Ya,Tidak,Tidak,Ya,Ya,Ya,Ya,Tidak,Ya
3668,Kos Anggrek Semarang 3668,Semarang,Candisari,1600000,Putra,Ya,Tidak,Tidak,Ya,Ya,Ya,Ya,Ya,Tidak,Ya,Ya,Tidak,Ya
3669,Kos Melati Semarang 3669,Semarang,Banyumanik,2000000,Putri,Ya,Tidak,Ya,Ya,Ya,Ya,Ya,Ya,Tidak,Ya,Tidak,Ya,Ya
3670,Kos Amanah Semarang 3670,Semarang,Banyumanik,650000,Putra,Ya,Tidak,Tidak,Ya,Ya,Ya,Tidak,Tidak,Tidak,Tidak,Tidak,Ya,Ya
3671,Kos Harmoni Semarang 3671,Semarang,Candisari,900000,Putri,Ya,Ya,Tidak,Ya,Ya,Ya,Tidak,Ya,Ya,Tidak,Tidak,Tidak,Tidak
3672,Kos Wijaya Semarang 3672,Semarang,Candisari,1200000,Campur,Ya,Ya,Ya,Ya,Ya,Ya,Ya,Ya,Tidak,Ya,Tidak,Ya,Ya
3673,Kos Melati Semarang 3673,Semarang,Gajahmungkur,2000000,Putri,Tidak,Tidak,Tidak,Ya,Ya,Ya,Tidak,Ya,Tidak,Tidak,Ya,Ya,Ya
3674,Kos Amanah Semarang 3674,Semarang,Banyumanik,2000000,Putri,Ya,Tidak,Ya,Ya,Tidak,Ya,Tidak,Ya,Tidak,Ya,Tidak,Tidak,Tidak
3675,Kos Sakura Semarang 3675,Semarang,Candisari,1600000,Putra,Ya,Ya,Tidak,Ya,Ya,Ya,Tidak,Ya,Ya,Tidak,Tidak,Ya,Ya
3676,Kos Puspa Semarang 3676,Semarang,Banyumanik,1550000,Putra,Ya,Tidak,Tidak,Ya,Ya,Tidak,Tidak,Ya,Tidak,Tidak,Ya,Ya,Tidak
3677,Kos Amanah Semarang 3677,Semarang,Candisari,1150000,Putra,Ya,Ya,Ya,Ya,Ya,Ya,Ya,Ya,Tidak,Ya,Ya,Ya,Tidak
3678,Kos Cendana Semarang 3678,Semarang,Tembalang,800000,Campur,Ya,Tidak,Tidak,Ya,Ya,Ya,Ya,Ya,Tidak,Tidak,Ya,Tidak,Tidak
3679,Kos Sakura Semarang 3679,Semarang,Pedurungan,1100000,Putri,Ya,Ya,Ya,Ya,Ya,Ya,Ya,Ya,Ya,Tidak,Ya,Ya,Ya
3680,Kos Anggrek Semarang 3680,Semarang,Banyumanik,700000,Campur,Ya,Tidak,Ya,Ya,Ya,Ya,Tidak,Ya,Ya,Ya,Ya,Ya,Tidak
3681,Kos Nusantara Semarang 3681,Semarang,Banyumanik,2000000,Putra,Ya,Tidak,Tidak,Ya,Ya,Ya,Ya,Ya,Tidak,Ya,Tidak,Tidak,Ya
3682,Kos Melati Semarang 3682,Semarang,Banyumanik,1000000,Campur,Ya,Ya,Tidak,Ya,Ya,Ya,Ya,Ya,Tidak,Tidak,Ya,Tidak,Ya
3683,Kos Nusantara Semarang 3683,Semarang,Gajahmungkur,750000,Putra,Ya,Tidak,Tidak,Ya,Ya,Ya,Tidak,Ya,Tidak,Tidak,Tidak,Ya,Ya
3684,Kos Kenanga Semarang 3684,Semarang,Gajahmungkur,700000,Putra,Ya,Ya,Ya,Ya,Ya,Tidak,Ya,Ya,Tidak,Ya,Tidak,Tidak,Ya
3685,Kos Melati Semarang 3685,Semarang,Banyumanik,600000,Putra,Ya,Ya,Ya,Ya,Ya,Ya,Ya,Ya,Tidak,Tidak,Tidak,Tidak,Tidak
3686,Kos Mawar Semarang 3686,Semarang,Banyumanik,1650000,Putra,Ya,Tidak,Tidak,Ya,Ya,Ya,Tidak,Ya,Tidak,Ya,Ya,Ya,Tidak
3687,Kos Anggrek Semarang 3687,Semarang,Candisari,1950000,Putra,Ya,Tidak,Ya,Ya,Ya,Ya,Ya,Ya,Tidak,Tidak,Tidak,Ya,Tidak
3688,Kos Mawar Semarang 3688,Semarang,Candisari,1950000,Putra,Ya,Ya,Tidak,Ya,Ya,Ya,Tidak,Ya,Ya,Tidak,Tidak,Tidak,Ya
3689,Kos Permata Semarang 3689,Semarang,Candisari,900000,Putri,Ya,Ya,Ya,Ya,Ya,Ya,Ya,Ya,Tidak,Ya,Tidak,Ya,Ya
3690,Kos Wijaya Semarang 3690,Semarang,Tembalang,850000,Campur,Tidak,Tidak,Ya,Ya,Ya,Ya,Ya,Tidak,Tidak,Ya,Ya,Ya,Tidak
3691,Kos Nusantara Semarang 3691,Semarang,Pedurungan,1450000,Putra,Ya,Tidak,Ya,Ya,Ya,Ya,Ya,Ya,Tidak,Tidak,Tidak,Ya,Tidak
3692,Kos Wijaya Semarang 3692,Semarang,Pedurungan,1800000,Putri,Ya,Tidak,Ya,Ya,Ya,Tidak,Tidak,Tidak,Tidak,Tidak,Ya,Ya,Ya
3693,Kos Anggrek Semarang 3693,Semarang,Pedurungan,1250000,Putri,Ya,Ya,Ya,Ya,Ya,Ya,Ya,Ya,Ya,Tidak,Tidak,Tidak,Ya
3694,Kos Amanah Semarang 3694,Semarang,Pedurungan,1250000,Putra,Ya,Ya,Ya,Ya,Ya,Ya,Ya,Ya,Ya,Tidak,Ya,Ya,Ya
3695,Kos Cendana Semarang 3695,Semarang,Tembalang,800000,Putri,Ya,Tidak,Ya,Ya,Ya,Ya,Ya,Ya,Tidak,Ya,Tidak,Ya,Ya
3696,Kos Anggrek Semarang 3696,Semarang,Banyumanik,750000,Putri,Ya,Tidak,Ya,Ya,Tidak,Ya,Ya,Ya,Tidak,Ya,Tidak,Ya,Ya
3697,Kos Mawar Semarang 3697,Semarang,Pedurungan,2000000,Putri,Ya,Tidak,Ya,Ya,Ya,Ya,Ya,Ya,Tidak,Tidak,Tidak,Tidak,Tidak
3698,Kos Wijaya Semarang 3698,Semarang,Pedurungan,1500000,Campur,Ya,Ya,Ya,Ya,Ya,Tidak,Tidak,Ya,Tidak,Tidak,Ya,Tidak,Ya
3699,Kos Wijaya Semarang 3699,Semarang,Banyumanik,1550000,Campur,Tidak,Tidak,Tidak,Ya,Ya,Ya,Ya,Ya,Tidak,Tidak,Tidak,Tidak,Tidak
3700,Kos Wijaya Semarang 3700,Semarang,Candisari,1950000,Putri,Ya,Tidak,Tidak,Ya,Ya,Ya,Tidak,Ya,Tidak,Tidak,Tidak,Ya,Ya
3701,Kos Anggrek Semarang 3701,Semarang,Tembalang,700000,Campur,Ya,Tidak,Tidak,Ya,Ya,Tidak,Ya,Ya,Ya,Tidak,Tidak,Ya,Tidak
3702,Kos Puspa Semarang 3702,Semarang,Pedurungan,1550000,Campur,Ya,Tidak,Tidak,Ya,Ya,Ya,Ya,Ya,Ya,Ya,Ya,Tidak,Ya
3703,Kos Harmoni Semarang 3703,Semarang,Tembalang,1500000,Putri,Tidak,Ya,Tidak,Ya,Ya,Ya,Tidak,Tidak,Ya,Tidak,Ya,Tidak,Tidak
3704,Kos Anggrek Semarang 3704,Semarang,Pedurungan,1500000,Putra,Ya,Ya,Ya,Ya,Ya,Ya,Ya,Ya,Tidak,Tidak,Tidak,Ya,Ya
3705,Kos Melati Semarang 3705,Semarang,Pedurungan,1000000,Putri,Ya,Tidak,Tidak,Ya,Ya,Ya,Tidak,Ya,Tidak,Tidak,Tidak,Ya,Ya
3706,Kos Nusantara Semarang 3706,Semarang,Gajahmungkur,2000000,Putri,Ya,Ya,Ya,Ya,Ya,Ya,Ya,Ya,Tidak,Tidak,Ya,Ya,Ya
3707,Kos Permata Semarang 3707,Semarang,Pedurungan,1050000,Putri,Ya,Ya,Ya,Ya,Ya,Ya,Tidak,Ya,Tidak,Tidak,Ya,Ya,Tidak
3708,Kos Sakura Semarang 3708,Semarang,Tembalang,1350000,Putra,Ya,Ya,Ya,Ya,Ya,Tidak,Ya,Ya,Ya,Tidak,Tidak,Tidak,Ya
3709,Kos Melati Semarang 3709,Semarang,Pedurungan,1350000,Putra,Ya,Ya,Tidak,Ya,Ya,Tidak,Tidak,Ya,Tidak,Tidak,Tidak,Ya,Ya
3710,Kos Permata Semarang 3710,Semarang,Pedurungan,1150000,Putri,Ya,Ya,Tidak,Ya,Ya,Tidak,Ya,Ya,Tidak,Ya,Tidak,Ya,Ya
3711,Kos Sakura Semarang 3711,Semarang,Tembalang,950000,Campur,Ya,Tidak,Ya,Ya,Ya,Ya,Tidak,Ya,Tidak,Tidak,Tidak,Tidak,Tidak
3712,Kos Mawar Semarang 3712,Semarang,Gajahmungkur,800000,Putra,Ya,Ya,Tidak,Ya,Ya,Tidak,Ya,Ya,Tidak,Tidak,Tidak,Ya,Ya
3713,Kos Wijaya Semarang 3713,Semarang,Tembalang,1900000,Campur,Ya,Ya,Tidak,Ya,Ya,Tidak,Tidak,Ya,Tidak,Ya,Tidak,Tidak,Ya
3714,Kos Mawar Semarang 3714,Semarang,Banyumanik,800000,Campur,Ya,Ya,Ya,Ya,Tidak,Ya,Ya,Ya,Ya,Tidak,Tidak,Ya,Ya
3715,Kos Harmoni Semarang 3715,Semarang,Gajahmungkur,1450000,Putra,Ya,Tidak,Tidak,Ya,Ya,Ya,Ya,Ya,Tidak,Tidak,Ya,Ya,Ya
3716,Kos Mawar Semarang 3716,Semarang,Tembalang,1450000,Putri,Ya,Tidak,Ya,Ya,Ya,Ya,Tidak,Ya,Ya,Tidak,Tidak,Ya,Ya
3717,Kos Wijaya Semarang 3717,Semarang,Candisari,1750000,Putra,Ya,Ya,Ya,Ya,Ya,Tidak,Ya,Ya,Tidak,Ya,Ya,Ya,Ya
3718,Kos Sakura Semarang 3718,Semarang,Candisari,1000000,Campur,Ya,Tidak,Ya,Ya,Ya,Tidak,Ya,Ya,Tidak,Tidak,Tidak,Ya,Ya
3719,Kos Nusantara Semarang 3719,Semarang,Candisari,1900000,Putri,Ya,Tidak,Ya,Ya,Ya,Tidak,Tidak,Ya,Ya,Ya,Ya,Ya,Tidak
3720,Kos Kenanga Semarang 3720,Semarang,Candisari,1200000,Putri,Ya,Ya,Tidak,Ya,Ya,Tidak,Ya,Ya,Tidak,Ya,Ya,Ya,Ya
3721,Kos Harmoni Semarang 3721,Semarang,Gajahmungkur,1700000,Putra,Ya,Ya,Ya,Ya,Ya,Ya,Ya,Ya,Tidak,Tidak,Tidak,Tidak,Ya
3722,Kos Anggrek Semarang 3722,Semarang,Pedurungan,600000,Putri,Ya,Ya,Ya,Ya,Ya,Tidak,Tidak,Ya,Ya,Ya,Ya,Tidak,Ya
3723,Kos Melati Semarang 3723,Semarang,Tembalang,1750000,Putri,Ya,Tidak,Tidak,Ya,Ya,Ya,Ya,Ya,Tidak,Tidak,Tidak,Ya,Tidak
3724,Kos Sakura Semarang 3724,Semarang,Candisari,700000,Putra,Tidak,Tidak,Ya,Ya,Ya,Ya,Tidak,Ya,Ya,Tidak,Tidak,Tidak,Ya
3725,Kos Puspa Semarang 3725,Semarang,Banyumanik,1450000,Campur,Ya,Ya,Ya,Ya,Ya,Ya,Tidak,Ya,Tidak,Tidak,Ya,Ya,Tidak
3726,Kos Harmoni Semarang 3726,Semarang,Gajahmungkur,1300000,Putra,Ya,Tidak,Tidak,Ya,Ya,Ya,Ya,Ya,Tidak,Tidak,Ya,Ya,Ya
3727,Kos Cendana Semarang 3727,Semarang,Tembalang,1750000,Putri,Ya,Tidak,Ya,Ya,Ya,Ya,Ya,Tidak,Tidak,Ya,Tidak,Ya,Tidak
3728,Kos Sakura Semarang 3728,Semarang,Candisari,950000,Campur,Ya,Tidak,Tidak,Ya,Ya,Ya,Ya,Ya,Tidak,Tidak,Tidak,Ya,Tidak
3729,Kos Permata Semarang 3729,Semarang,Candisari,1850000,Putri,Ya,Tidak,Ya,Ya,Ya,Ya,Ya,Ya,Ya,Tidak,Tidak,Ya,Ya
3730,Kos Melati Semarang 3730,Semarang,Tembalang,1400000,Putri,Ya,Ya,Ya,Ya,Ya,Ya,Ya,Ya,Tidak,Tidak,Tidak,Ya,Ya
3731,Kos Nusantara Semarang 3731,Semarang,Gajahmungkur,1250000,Putra,Ya,Tidak,Ya,Ya,Tidak,Tidak,Tidak,Ya,Tidak,Ya,Tidak,Ya,Tidak
3732,Kos Cendana Semarang 3732,Semarang,Tembalang,1750000,Putri,Ya,Tidak,Tidak,Ya,Ya,Ya,Tidak,Ya,Tidak,Tidak,Ya,Tidak,Tidak
3733,Kos Puspa Semarang 3733,Semarang,Gajahmungkur,1500000,Campur,Ya,Ya,Ya,Ya,Ya,Ya,Tidak,Ya,Ya,Tidak,Tidak,Tidak,Ya
3734,Kos Melati Semarang 3734,Semarang,Pedurungan,1050000,Putri,Ya,Tidak,Ya,Ya,Ya,Tidak,Ya,Ya,Ya,Tidak,Tidak,Ya,Tidak
3735,Kos Wijaya Semarang 3735,Semarang,Tembalang,1950000,Campur,Ya,Ya,Ya,Ya,Ya,Ya,Ya,Ya,Tidak,Tidak,Ya,Tidak,Ya
3736,Kos Melati Semarang 3736,Semarang,Gajahmungkur,900000,Putra,Ya,Ya,Tidak,Ya,Ya,Tidak,Tidak,Ya,Tidak,Ya,Tidak,Tidak,Tidak
3737,Kos Harmoni Semarang 3737,Semarang,Banyumanik,1750000,Putra,Ya,Tidak,Tidak,Ya,Ya,Ya,Ya,Ya,Tidak,Ya,Ya,Ya,Ya
3738,Kos Puspa Semarang 3738,Semarang,Candisari,1000000,Putra,Ya,Tidak,Tidak,Ya,Ya,Tidak,Tidak,Tidak,Ya,Ya,Ya,Ya,Ya
3739,Kos Sakura Semarang 3739,Semarang,Tembalang,1050000,Putra,Ya,Ya,Tidak,Ya,Ya,Ya,Ya,Ya,Tidak,Tidak,Tidak,Tidak,Ya
3740,Kos Anggrek Semarang 3740,Semarang,Banyumanik,1850000,Putri,Ya,Tidak,Ya,Ya,Ya,Ya,Ya,Ya,Tidak,Tidak,Ya,Ya,Tidak
3741,Kos Wijaya Semarang 3741,Semarang,Gajahmungkur,1550000,Putri,Tidak,Tidak,Ya,Ya,Ya,Ya,Ya,Ya,Tidak,Ya,Ya,Tidak,Ya
3742,Kos Melati Semarang 3742,Semarang,Banyumanik,1500000,Putri,Ya,Ya,Ya,Ya,Ya,Ya,Ya,Ya,Tidak,Ya,Tidak,Tidak,Ya
3743,Kos Melati Semarang 3743,Semarang,Pedurungan,1750000,Putra,Ya,Ya,Ya,Ya,Ya,Tidak,Tidak,Ya,Tidak,Tidak,Ya,Ya,Ya
3744,Kos Nusantara Semarang 3744,Semarang,Pedurungan,1500000,Putra,Ya,Ya,Tidak,Ya,Ya,Ya,Tidak,Ya,Tidak,Tidak,Tidak,Ya,Tidak
3745,Kos Cendana Semarang 3745,Semarang,Candisari,1500000,Putri,Ya,Tidak,Ya,Ya,Ya,Ya,Ya,Ya,Tidak,Ya,Ya,Ya,Ya
3746,Kos Mawar Semarang 3746,Semarang,Banyumanik,950000,Putra,Ya,Ya,Ya,Ya,Tidak,Ya,Ya,Tidak,Ya,Tidak,Ya,Tidak,Tidak
3747,Kos Nusantara Semarang 3747,Semarang,Candisari,700000,Putra,Ya,Tidak,Ya,Ya,Ya,Ya,Tidak,Ya,Tidak,Ya,Tidak,Ya,Ya
3748,Kos Harmoni Semarang 3748,Semarang,Tembalang,1500000,Putra,Ya,Tidak,Ya,Ya,Ya,Ya,Ya,Ya,Tidak,Tidak,Tidak,Ya,Ya
3749,Kos Sakura Semarang 3749,Semarang,Gajahmungkur,1100000,Putra,Ya,Tidak,Tidak,Ya,Ya,Ya,Ya,Ya,Tidak,Tidak,Tidak,Tidak,Ya
3750,Kos Harmoni Semarang 3750,Semarang,Candisari,1600000,Putra,Ya,Tidak,Tidak,Ya,Ya,Ya,Ya,Ya,Ya,Ya,Ya,Ya,Tidak
3751,Kos Anggrek Semarang 3751,Semarang,Banyumanik,650000,Putri,Ya,Tidak,Ya,Ya,Ya,Ya,Ya,Ya,Ya,Ya,Tidak,Ya,Ya
3752,Kos Nusantara Semarang 3752,Semarang,Banyumanik,1600000,Putri,Ya,Ya,Tidak,Ya,Ya,Ya,Ya,Ya,Tidak,Ya,Ya,Ya,Ya
3753,Kos Nusantara Semarang 3753,Semarang,Candisari,1300000,Campur,Ya,Tidak,Tidak,Ya,Ya,Ya,Tidak,Ya,Tidak,Ya,Tidak,Ya,Tidak
3754,Kos Anggrek Semarang 3754,Semarang,Gajahmungkur,750000,Putri,Ya,Ya,Tidak,Ya,Ya,Tidak,Tidak,Ya,Tidak,Tidak,Tidak,Ya,Ya
3755,Kos Wijaya Semarang 3755,Semarang,Gajahmungkur,1150000,Putra,Ya,Tidak,Tidak,Ya,Ya,Tidak,Ya,Ya,Tidak,Tidak,Ya,Ya,Ya
3756,Kos Mawar Semarang 3756,Semarang,Tembalang,700000,Campur,Ya,Tidak,Tidak,Ya,Ya,Tidak,Tidak,Tidak,Tidak,Ya,Tidak,Ya,Ya
3757,Kos Melati Semarang 3757,Semarang,Pedurungan,800000,Campur,Ya,Ya,Ya,Ya,Ya,Ya,Ya,Ya,Ya,Tidak,Ya,Ya,Ya
3758,Kos Cendana Semarang 3758,Semarang,Pedurungan,900000,Putra,Ya,Ya,Ya,Ya,Ya,Ya,Ya,Tidak,Tidak,Tidak,Tidak,Ya,Ya
3759,Kos Puspa Semarang 3759,Semarang,Pedurungan,1400000,Campur,Ya,Ya,Ya,Ya,Ya,Ya,Ya,Ya,Ya,Ya,Tidak,Ya,Ya
3760,Kos Melati Semarang 3760,Semarang,Candisari,1000000,Putra,Ya,Ya,Tidak,Ya,Ya,Tidak,Ya,Ya,Tidak,Tidak,Ya,Tidak,Ya
3761,Kos Kenanga Semarang 3761,Semarang,Tembalang,1050000,Putra,Ya,Ya,Ya,Ya,Ya,Ya,Tidak,Ya,Tidak,Tidak,Tidak,Ya,Ya
3762,Kos Anggrek Semarang 3762,Semarang,Tembalang,1400000,Putri,Ya,Tidak,Tidak,Ya,Ya,Tidak,Ya,Ya,Tidak,Ya,Tidak,Ya,Ya
3763,Kos Amanah Semarang 3763,Semarang,Tembalang,1950000,Campur,Ya,Ya,Ya,Ya,Ya,Ya,Ya,Ya,Tidak,Tidak,Tidak,Ya,Ya
3764,Kos Kenanga Semarang 3764,Semarang,Tembalang,850000,Putri,Ya,Ya,Tidak,Ya,Ya,Ya,Tidak,Ya,Ya,Ya,Ya,Tidak,Ya
3765,Kos Kenanga Semarang 3765,Semarang,Tembalang,800000,Campur,Ya,Tidak,Tidak,Ya,Ya,Ya,Tidak,Ya,Ya,Tidak,Ya,Ya,Ya
3766,Kos Puspa Semarang 3766,Semarang,Banyumanik,600000,Putri,Ya,Ya,Ya,Ya,Ya,Ya,Ya,Tidak,Tidak,Ya,Ya,Ya,Ya
3767,Kos Kenanga Semarang 3767,Semarang,Candisari,1100000,Putri,Ya,Ya,Tidak,Ya,Ya,Ya,Ya,Ya,Tidak,Ya,Tidak,Tidak,Ya
3768,Kos Permata Semarang 3768,Semarang,Tembalang,900000,Putri,Ya,Tidak,Tidak,Ya,Ya,Ya,Ya,Ya,Ya,Ya,Ya,Ya,Ya
3769,Kos Puspa Semarang 3769,Semarang,Pedurungan,1450000,Campur,Ya,Tidak,Tidak,Ya,Ya,Ya,Ya,Ya,Tidak,Tidak,Tidak,Tidak,Ya
3770,Kos Cendana Semarang 3770,Semarang,Banyumanik,950000,Campur,Ya,Ya,Tidak,Ya,Ya,Tidak,Ya,Ya,Tidak,Tidak,Tidak,Ya,Ya
3771,Kos Puspa Semarang 3771,Semarang,Gajahmungkur,1550000,Putri,Ya,Ya,Ya,Ya,Ya,Tidak,Ya,Ya,Ya,Ya,Tidak,Ya,Ya
3772,Kos Harmoni Semarang 3772,Semarang,Candisari,1400000,Putra,Ya,Ya,Tidak,Ya,Ya,Ya,Ya,Ya,Tidak,Tidak,Ya,Tidak,Ya
3773,Kos Mawar Semarang 3773,Semarang,Tembalang,1350000,Putra,Ya,Tidak,Ya,Ya,Ya,Ya,Ya,Ya,Tidak,Ya,Tidak,Tidak,Tidak
3774,Kos Kenanga Semarang 3774,Semarang,Banyumanik,1200000,Campur,Ya,Tidak,Ya,Ya,Ya,Ya,Ya,Ya,Tidak,Ya,Tidak,Ya,Tidak
3775,Kos Permata Semarang 3775,Semarang,Pedurungan,2000000,Putra,Ya,Ya,Ya,Ya,Ya,Ya,Tidak,Ya,Tidak,Ya,Tidak,Ya,Tidak
3776,Kos Melati Semarang 3776,Semarang,Pedurungan,1350000,Campur,Ya,Tidak,Tidak,Ya,Ya,Tidak,Tidak,Ya,Tidak,Ya,Ya,Ya,Tidak
3777,Kos Cendana Semarang 3777,Semarang,Gajahmungkur,700000,Putri,Tidak,Ya,Tidak,Ya,Ya,Tidak,Ya,Ya,Tidak,Ya,Tidak,Ya,Ya
3778,Kos Wijaya Semarang 3778,Semarang,Banyumanik,1150000,Putri,Ya,Tidak,Tidak,Ya,Ya,Ya,Ya,Ya,Ya,Ya,Tidak,Tidak,Ya
3779,Kos Amanah Semarang 3779,Semarang,Candisari,1800000,Campur,Ya,Tidak,Tidak,Ya,Ya,Ya,Ya,Ya,Tidak,Ya,Tidak,Tidak,Tidak
3780,Kos Amanah Semarang 3780,Semarang,Tembalang,1250000,Putra,Ya,Ya,Tidak,Ya,Ya,Ya,Tidak,Tidak,Tidak,Tidak,Tidak,Ya,Ya
3781,Kos Sakura Semarang 3781,Semarang,Pedurungan,2000000,Putri,Ya,Tidak,Tidak,Ya,Ya,Ya,Tidak,Ya,Tidak,Tidak,Ya,Ya,Ya
3782,Kos Cendana Semarang 3782,Semarang,Banyumanik,1700000,Putra,Ya,Ya,Tidak,Ya,Ya,Ya,Ya,Ya,Ya,Ya,Tidak,Ya,Ya
3783,Kos Permata Semarang 3783,Semarang,Candisari,1200000,Putra,Ya,Tidak,Ya,Ya,Ya,Ya,Ya,Ya,Ya,Ya,Ya,Tidak,Tidak
3784,Kos Melati Semarang 3784,Semarang,Candisari,2000000,Campur,Ya,Ya,Ya,Ya,Ya,Ya,Ya,Tidak,Tidak,Tidak,Tidak,Tidak,Tidak
3785,Kos Anggrek Semarang 3785,Semarang,Tembalang,700000,Putra,Ya,Tidak,Ya,Ya,Ya,Tidak,Tidak,Ya,Tidak,Tidak,Tidak,Ya,Ya
3786,Kos Melati Semarang 3786,Semarang,Banyumanik,1900000,Putra,Ya,Tidak,Ya,Ya,Ya,Ya,Tidak,Ya,Ya,Ya,Ya,Ya,Ya
3787,Kos Anggrek Semarang 3787,Semarang,Tembalang,1300000,Campur,Ya,Tidak,Ya,Ya,Ya,Ya,Ya,Tidak,Tidak,Ya,Ya,Ya,Ya
3788,Kos Melati Semarang 3788,Semarang,Pedurungan,1200000,Campur,Ya,Tidak,Ya,Ya,Ya,Ya,Ya,Ya,Tidak,Ya,Ya,Tidak,Tidak
3789,Kos Amanah Semarang 3789,Semarang,Tembalang,1050000,Campur,Tidak,Tidak,Ya,Ya,Ya,Ya,Ya,Ya,Tidak,Ya,Tidak,Ya,Tidak
3790,Kos Anggrek Semarang 3790,Semarang,Tembalang,1200000,Putra,Tidak,Ya,Tidak,Ya,Ya,Ya,Tidak,Ya,Tidak,Ya,Tidak,Ya,Tidak
3791,Kos Puspa Surabaya 3791,Surabaya,Rungkut,1200000,Putra,Ya,Tidak,Tidak,Ya,Ya,Ya,Tidak,Ya,Tidak,Ya,Tidak,Tidak,Ya
3792,Kos Nusantara Surabaya 3792,Surabaya,Sukolilo,1400000,Putra,Tidak,Ya,Tidak,Ya,Ya,Ya,Ya,Ya,Tidak,Tidak,Tidak,Ya,Tidak
3793,Kos Amanah Surabaya 3793,Surabaya,Sukolilo,2050000,Campur,Ya,Ya,Tidak,Ya,Ya,Ya,Ya,Ya,Tidak,Ya,Tidak,Ya,Ya
3794,Kos Anggrek Surabaya 3794,Surabaya,Wonokromo,2350000,Putri,Ya,Ya,Tidak,Ya,Ya,Ya,Tidak,Ya,Tidak,Tidak,Tidak,Ya,Tidak
3795,Kos Melati Surabaya 3795,Surabaya,Sukolilo,2400000,Putri,Ya,Tidak,Ya,Ya,Ya,Tidak,Ya,Ya,Tidak,Tidak,Ya,Tidak,Ya
3796,Kos Wijaya Surabaya 3796,Surabaya,Tegalsari,2100000,Putri,Ya,Ya,Tidak,Ya,Ya,Tidak,Ya,Ya,Tidak,Ya,Tidak,Ya,Ya
3797,Kos Harmoni Surabaya 3797,Surabaya,Mulyorejo,1900000,Putri,Ya,Tidak,Ya,Ya,Ya,Ya,Ya,Tidak,Tidak,Tidak,Ya,Ya,Ya
3798,Kos Sakura Surabaya 3798,Surabaya,Rungkut,850000,Putra,Ya,Ya,Ya,Ya,Ya,Ya,Tidak,Ya,Ya,Ya,Tidak,Ya,Ya
3799,Kos Puspa Surabaya 3799,Surabaya,Tegalsari,1250000,Putri,Ya,Ya,Tidak,Ya,Ya,Tidak,Ya,Ya,Tidak,Tidak,Ya,Tidak,Ya
3800,Kos Cendana Surabaya 3800,Surabaya,Rungkut,1300000,Putra,Ya,Tidak,Tidak,Ya,Ya,Tidak,Ya,Tidak,Tidak,Ya,Ya,Tidak,Ya
3801,Kos Mawar Surabaya 3801,Surabaya,Wonokromo,2150000,Putra,Ya,Ya,Ya,Ya,Tidak,Ya,Ya,Tidak,Tidak,Tidak,Ya,Ya,Ya
3802,Kos Kenanga Surabaya 3802,Surabaya,Mulyorejo,1050000,Campur,Ya,Tidak,Ya,Ya,Ya,Ya,Ya,Ya,Tidak,Ya,Tidak,Ya,Ya
3803,Kos Harmoni Surabaya 3803,Surabaya,Tegalsari,2350000,Campur,Tidak,Ya,Tidak,Ya,Ya,Ya,Ya,Ya,Tidak,Tidak,Tidak,Tidak,Ya
3804,Kos Amanah Surabaya 3804,Surabaya,Sukolilo,2450000,Campur,Ya,Ya,Tidak,Ya,Ya,Ya,Tidak,Tidak,Tidak,Ya,Ya,Ya,Tidak
3805,Kos Harmoni Surabaya 3805,Surabaya,Wonokromo,1000000,Putra,Ya,Ya,Ya,Ya,Ya,Tidak,Ya,Ya,Tidak,Ya,Ya,Tidak,Ya
3806,Kos Puspa Surabaya 3806,Surabaya,Mulyorejo,1350000,Putra,Ya,Ya,Tidak,Ya,Ya,Ya,Ya,Tidak,Tidak,Tidak,Tidak,Ya,Ya
3807,Kos Anggrek Surabaya 3807,Surabaya,Rungkut,1800000,Putra,Ya,Tidak,Tidak,Ya,Ya,Tidak,Ya,Ya,Ya,Tidak,Tidak,Ya,Tidak
3808,Kos Cendana Surabaya 3808,Surabaya,Mulyorejo,1650000,Putri,Ya,Ya,Tidak,Ya,Ya,Ya,Ya,Ya,Tidak,Ya,Tidak,Ya,Ya
3809,Kos Nusantara Surabaya 3809,Surabaya,Tegalsari,1600000,Putra,Ya,Ya,Ya,Ya,Ya,Tidak,Ya,Tidak,Ya,Ya,Ya,Ya,Ya
3810,Kos Permata Surabaya 3810,Surabaya,Sukolilo,1000000,Putra,Ya,Tidak,Tidak,Ya,Ya,Tidak,Tidak,Ya,Tidak,Tidak,Ya,Ya,Ya
3811,Kos Permata Surabaya 3811,Surabaya,Wonokromo,2000000,Putri,Ya,Tidak,Tidak,Ya,Ya,Ya,Tidak,Ya,Tidak,Tidak,Ya,Tidak,Ya
3812,Kos Sakura Surabaya 3812,Surabaya,Mulyorejo,1800000,Putri,Ya,Ya,Ya,Ya,Ya,Ya,Ya,Ya,Tidak,Tidak,Tidak,Ya,Ya
3813,Kos Kenanga Surabaya 3813,Surabaya,Tegalsari,1100000,Campur,Tidak,Ya,Ya,Ya,Ya,Ya,Ya,Ya,Tidak,Ya,Ya,Tidak,Ya
3814,Kos Amanah Surabaya 3814,Surabaya,Sukolilo,2500000,Putri,Ya,Ya,Tidak,Ya,Ya,Ya,Tidak,Ya,Tidak,Ya,Ya,Tidak,Tidak
3815,Kos Harmoni Surabaya 3815,Surabaya,Tegalsari,1900000,Campur,Ya,Tidak,Ya,Ya,Ya,Tidak,Ya,Ya,Ya,Ya,Tidak,Ya,Ya
3816,Kos Amanah Surabaya 3816,Surabaya,Sukolilo,2000000,Putri,Ya,Tidak,Ya,Ya,Ya,Ya,Ya,Ya,Ya,Ya,Tidak,Tidak,Ya
3817,Kos Cendana Surabaya 3817,Surabaya,Mulyorejo,1850000,Campur,Ya,Tidak,Ya,Ya,Ya,Ya,Ya,Ya,Ya,Tidak,Ya,Tidak,Ya
3818,Kos Mawar Surabaya 3818,Surabaya,Sukolilo,1100000,Putri,Ya,Ya,Tidak,Ya,Ya,Tidak,Tidak,Ya,Tidak,Tidak,Ya,Ya,Tidak
3819,Kos Kenanga Surabaya 3819,Surabaya,Tegalsari,2050000,Putri,Ya,Ya,Ya,Ya,Tidak,Ya,Ya,Ya,Tidak,Tidak,Ya,Ya,Ya
3820,Kos Mawar Surabaya 3820,Surabaya,Wonokromo,1200000,Putra,Ya,Ya,Ya,Ya,Ya,Ya,Ya,Ya,Tidak,Tidak,Tidak,Tidak,Ya
3821,Kos Melati Surabaya 3821,Surabaya,Sukolilo,750000,Putra,Ya,Ya,Tidak,Ya,Ya,Ya,Tidak,Ya,Tidak,Tidak,Tidak,Ya,Ya
3822,Kos Mawar Surabaya 3822,Surabaya,Rungkut,950000,Putri,Ya,Ya,Tidak,Ya,Ya,Ya,Ya,Ya,Tidak,Ya,Ya,Tidak,Ya
3823,Kos Mawar Surabaya 3823,Surabaya,Mulyorejo,1750000,Putra,Ya,Ya,Ya,Ya,Ya,Tidak,Ya,Ya,Tidak,Tidak,Ya,Ya,Ya
3824,Kos Nusantara Surabaya 3824,Surabaya,Wonokromo,800000,Putri,Tidak,Ya,Ya,Ya,Ya,Ya,Ya,Ya,Tidak,Ya,Tidak,Tidak,Ya
3825,Kos Nusantara Surabaya 3825,Surabaya,Rungkut,2500000,Campur,Ya,Ya,Ya,Ya,Ya,Tidak,Ya,Ya,Tidak,Ya,Tidak,Ya,Ya
3826,Kos Mawar Surabaya 3826,Surabaya,Wonokromo,1100000,Putri,Tidak,Ya,Tidak,Ya,Ya,Ya,Ya,Ya,Tidak,Ya,Tidak,Ya,Ya
3827,Kos Permata Surabaya 3827,Surabaya,Tegalsari,1750000,Putra,Ya,Ya,Ya,Ya,Ya,Ya,Tidak,Ya,Tidak,Tidak,Ya,Ya,Tidak
3828,Kos Amanah Surabaya 3828,Surabaya,Sukolilo,1250000,Putra,Ya,Tidak,Ya,Ya,Ya,Tidak,Tidak,Ya,Tidak,Ya,Ya,Ya,Ya
3829,Kos Melati Surabaya 3829,Surabaya,Wonokromo,900000,Campur,Ya,Tidak,Tidak,Ya,Ya,Tidak,Ya,Ya,Tidak,Tidak,Ya,Ya,Ya
3830,Kos Melati Surabaya 3830,Surabaya,Rungkut,1400000,Putri,Ya,Ya,Ya,Ya,Ya,Ya,Tidak,Ya,Tidak,Tidak,Tidak,Tidak,Tidak
3831,Kos Kenanga Surabaya 3831,Surabaya,Rungkut,2100000,Putri,Tidak,Ya,Tidak,Ya,Ya,Tidak,Ya,Ya,Tidak,Ya,Tidak,Ya,Ya
3832,Kos Puspa Surabaya 3832,Surabaya,Rungkut,900000,Campur,Ya,Ya,Ya,Ya,Ya,Ya,Tidak,Ya,Ya,Ya,Tidak,Ya,Ya
3833,Kos Wijaya Surabaya 3833,Surabaya,Sukolilo,1150000,Putra,Ya,Ya,Tidak,Ya,Ya,Ya,Ya,Ya,Tidak,Ya,Tidak,Ya,Ya
3834,Kos Permata Surabaya 3834,Surabaya,Mulyorejo,1700000,Putri,Tidak,Ya,Tidak,Ya,Ya,Tidak,Ya,Ya,Ya,Tidak,Ya,Tidak,Ya
3835,Kos Amanah Surabaya 3835,Surabaya,Rungkut,1650000,Putri,Ya,Ya,Ya,Ya,Ya,Tidak,Ya,Ya,Tidak,Ya,Tidak,Ya,Ya
3836,Kos Sakura Surabaya 3836,Surabaya,Mulyorejo,1150000,Campur,Ya,Ya,Ya,Ya,Ya,Ya,Ya,Ya,Ya,Tidak,Tidak,Ya,Ya
3837,Kos Amanah Surabaya 3837,Surabaya,Sukolilo,1900000,Putra,Ya,Ya,Tidak,Ya,Ya,Ya,Ya,Ya,Ya,Ya,Tidak,Ya,Ya
3838,Kos Mawar Surabaya 3838,Surabaya,Tegalsari,2400000,Putri,Ya,Ya,Tidak,Ya,Tidak,Ya,Tidak,Ya,Tidak,Tidak,Tidak,Ya,Ya
3839,Kos Harmoni Surabaya 3839,Surabaya,Mulyorejo,1050000,Putri,Ya,Ya,Tidak,Ya,Ya,Tidak,Tidak,Ya,Ya,Tidak,Tidak,Ya,Ya
3840,Kos Permata Surabaya 3840,Surabaya,Sukolilo,2400000,Putri,Ya,Ya,Tidak,Ya,Ya,Ya,Ya,Ya,Tidak,Ya,Tidak,Tidak,Tidak
3841,Kos Kenanga Surabaya 3841,Surabaya,Mulyorejo,1100000,Putri,Ya,Ya,Tidak,Ya,Ya,Tidak,Tidak,Tidak,Ya,Tidak,Tidak,Ya,Ya
3842,Kos Sakura Surabaya 3842,Surabaya,Mulyorejo,1000000,Putra,Ya,Tidak,Ya,Ya,Ya,Ya,Ya,Ya,Ya,Tidak,Ya,Ya,Ya
3843,Kos Melati Surabaya 3843,Surabaya,Tegalsari,1150000,Putri,Ya,Ya,Ya,Ya,Ya,Ya,Ya,Ya,Ya,Ya,Ya,Ya,Tidak
3844,Kos Puspa Surabaya 3844,Surabaya,Sukolilo,1250000,Campur,Ya,Ya,Tidak,Ya,Ya,Ya,Tidak,Tidak,Tidak,Tidak,Tidak,Ya,Ya
3845,Kos Wijaya Surabaya 3845,Surabaya,Wonokromo,1950000,Putra,Ya,Tidak,Ya,Ya,Ya,Ya,Tidak,Ya,Tidak,Tidak,Tidak,Tidak,Tidak
3846,Kos Cendana Surabaya 3846,Surabaya,Wonokromo,1050000,Putri,Ya,Ya,Tidak,Ya,Ya,Ya,Tidak,Ya,Tidak,Ya,Tidak,Ya,Ya
3847,Kos Anggrek Surabaya 3847,Surabaya,Sukolilo,2050000,Putri,Ya,Tidak,Ya,Ya,Ya,Ya,Ya,Ya,Tidak,Tidak,Tidak,Tidak,Ya
3848,Kos Cendana Surabaya 3848,Surabaya,Mulyorejo,1700000,Campur,Ya,Ya,Ya,Ya,Ya,Ya,Ya,Ya,Tidak,Tidak,Tidak,Ya,Ya
3849,Kos Kenanga Surabaya 3849,Surabaya,Wonokromo,1200000,Campur,Ya,Tidak,Tidak,Ya,Ya,Ya,Ya,Ya,Tidak,Tidak,Ya,Tidak,Tidak
3850,Kos Wijaya Surabaya 3850,Surabaya,Tegalsari,1450000,Putra,Ya,Tidak,Tidak,Ya,Ya,Tidak,Tidak,Ya,Tidak,Ya,Tidak,Ya,Ya
3851,Kos Anggrek Surabaya 3851,Surabaya,Rungkut,2200000,Campur,Ya,Tidak,Ya,Ya,Ya,Ya,Tidak,Ya,Ya,Tidak,Ya,Ya,Tidak
3852,Kos Nusantara Surabaya 3852,Surabaya,Tegalsari,1350000,Putri,Ya,Ya,Ya,Ya,Ya,Ya,Ya,Ya,Tidak,Ya,Tidak,Ya,Tidak
3853,Kos Permata Surabaya 3853,Surabaya,Tegalsari,1750000,Campur,Ya,Ya,Tidak,Ya,Ya,Ya,Tidak,Ya,Tidak,Ya,Ya,Ya,Tidak
3854,Kos Melati Surabaya 3854,Surabaya,Tegalsari,1200000,Putri,Ya,Tidak,Ya,Ya,Tidak,Ya,Ya,Ya,Tidak,Ya,Tidak,Ya,Ya
3855,Kos Melati Surabaya 3855,Surabaya,Tegalsari,950000,Putri,Ya,Ya,Ya,Ya,Ya,Ya,Ya,Ya,Tidak,Ya,Tidak,Ya,Ya
3856,Kos Nusantara Surabaya 3856,Surabaya,Tegalsari,900000,Putri,Ya,Tidak,Tidak,Ya,Ya,Ya,Tidak,Ya,Tidak,Ya,Tidak,Tidak,Ya
3857,Kos Amanah Surabaya 3857,Surabaya,Mulyorejo,1250000,Putra,Ya,Ya,Ya,Ya,Ya,Ya,Tidak,Ya,Tidak,Tidak,Ya,Ya,Ya
3858,Kos Permata Surabaya 3858,Surabaya,Sukolilo,1800000,Campur,Ya,Ya,Ya,Ya,Ya,Ya,Tidak,Ya,Tidak,Ya,Tidak,Ya,Ya
3859,Kos Nusantara Surabaya 3859,Surabaya,Wonokromo,2250000,Campur,Ya,Tidak,Tidak,Ya,Ya,Tidak,Ya,Ya,Tidak,Ya,Tidak,Ya,Ya
3860,Kos Mawar Surabaya 3860,Surabaya,Rungkut,1000000,Putra,Ya,Ya,Ya,Ya,Ya,Ya,Ya,Ya,Tidak,Tidak,Tidak,Ya,Ya
3861,Kos Harmoni Surabaya 3861,Surabaya,Rungkut,1400000,Putra,Ya,Ya,Ya,Ya,Ya,Tidak,Tidak,Ya,Ya,Tidak,Ya,Tidak,Tidak
3862,Kos Cendana Surabaya 3862,Surabaya,Sukolilo,1100000,Putri,Ya,Ya,Ya,Ya,Ya,Tidak,Ya,Ya,Tidak,Ya,Ya,Ya,Ya
3863,Kos Wijaya Surabaya 3863,Surabaya,Mulyorejo,2400000,Putra,Ya,Ya,Tidak,Ya,Ya,Ya,Ya,Ya,Tidak,Tidak,Tidak,Tidak,Tidak
3864,Kos Puspa Surabaya 3864,Surabaya,Rungkut,2250000,Putri,Ya,Tidak,Tidak,Ya,Tidak,Ya,Tidak,Ya,Tidak,Ya,Tidak,Tidak,Tidak
3865,Kos Mawar Surabaya 3865,Surabaya,Tegalsari,2450000,Putra,Ya,Ya,Ya,Ya,Tidak,Ya,Tidak,Ya,Tidak,Tidak,Tidak,Ya,Ya
3866,Kos Kenanga Surabaya 3866,Surabaya,Tegalsari,1750000,Campur,Ya,Tidak,Ya,Ya,Ya,Ya,Tidak,Ya,Tidak,Ya,Tidak,Ya,Tidak
3867,Kos Cendana Surabaya 3867,Surabaya,Mulyorejo,2400000,Putra,Ya,Tidak,Tidak,Ya,Ya,Ya,Ya,Ya,Tidak,Ya,Tidak,Ya,Ya
3868,Kos Harmoni Surabaya 3868,Surabaya,Wonokromo,1800000,Putri,Ya,Ya,Tidak,Ya,Ya,Ya,Ya,Ya,Tidak,Ya,Tidak,Ya,Tidak
3869,Kos Wijaya Surabaya 3869,Surabaya,Rungkut,2350000,Putri,Ya,Tidak,Tidak,Ya,Ya,Ya,Ya,Tidak,Ya,Tidak,Ya,Ya,Tidak
3870,Kos Amanah Surabaya 3870,Surabaya,Tegalsari,1650000,Putri,Ya,Ya,Ya,Ya,Ya,Ya,Tidak,Ya,Tidak,Ya,Tidak,Ya,Ya
3871,Kos Kenanga Surabaya 3871,Surabaya,Mulyorejo,1400000,Putri,Ya,Ya,Tidak,Ya,Ya,Ya,Ya,Tidak,Tidak,Tidak,Tidak,Ya,Tidak
3872,Kos Harmoni Surabaya 3872,Surabaya,Tegalsari,2200000,Putri,Ya,Ya,Ya,Ya,Ya,Ya,Ya,Ya,Tidak,Tidak,Tidak,Tidak,Ya
3873,Kos Anggrek Surabaya 3873,Surabaya,Sukolilo,1800000,Putri,Ya,Ya,Ya,Ya,Ya,Ya,Ya,Ya,Tidak,Tidak,Tidak,Ya,Tidak
3874,Kos Cendana Surabaya 3874,Surabaya,Mulyorejo,950000,Putra,Ya,Ya,Ya,Ya,Ya,Ya,Tidak,Ya,Tidak,Ya,Ya,Ya,Tidak
3875,Kos Anggrek Surabaya 3875,Surabaya,Mulyorejo,2150000,Campur,Tidak,Ya,Tidak,Ya,Ya,Ya,Ya,Ya,Tidak,Ya,Tidak,Ya,Ya
3876,Kos Wijaya Surabaya 3876,Surabaya,Sukolilo,2250000,Campur,Ya,Ya,Ya,Ya,Ya,Ya,Ya,Tidak,Tidak,Ya,Tidak,Tidak,Ya
3877,Kos Wijaya Surabaya 3877,Surabaya,Wonokromo,1900000,Putri,Ya,Tidak,Ya,Ya,Ya,Ya,Ya,Ya,Tidak,Ya,Ya,Ya,Tidak
3878,Kos Kenanga Surabaya 3878,Surabaya,Tegalsari,700000,Putri,Ya,Tidak,Tidak,Ya,Ya,Ya,Ya,Ya,Tidak,Ya,Ya,Ya,Ya
3879,Kos Nusantara Surabaya 3879,Surabaya,Wonokromo,1300000,Putri,Ya,Tidak,Ya,Ya,Ya,Ya,Tidak,Tidak,Tidak,Tidak,Tidak,Ya,Ya
3880,Kos Wijaya Surabaya 3880,Surabaya,Wonokromo,1500000,Putra,Tidak,Ya,Ya,Ya,Ya,Tidak,Ya,Ya,Tidak,Ya,Tidak,Tidak,Ya
3881,Kos Kenanga Surabaya 3881,Surabaya,Sukolilo,2250000,Putra,Ya,Tidak,Tidak,Ya,Ya,Tidak,Ya,Tidak,Ya,Tidak,Tidak,Tidak,Tidak
3882,Kos Mawar Surabaya 3882,Surabaya,Rungkut,2300000,Putra,Ya,Ya,Tidak,Ya,Ya,Tidak,Ya,Ya,Ya,Tidak,Ya,Tidak,Ya
3883,Kos Sakura Surabaya 3883,Surabaya,Rungkut,1150000,Campur,Ya,Tidak,Ya,Ya,Ya,Tidak,Tidak,Ya,Ya,Ya,Tidak,Ya,Ya
3884,Kos Harmoni Surabaya 3884,Surabaya,Rungkut,1700000,Campur,Ya,Ya,Tidak,Ya,Ya,Ya,Tidak,Ya,Tidak,Tidak,Tidak,Tidak,Tidak
3885,Kos Nusantara Surabaya 3885,Surabaya,Tegalsari,1800000,Putra,Ya,Tidak,Ya,Ya,Ya,Tidak,Tidak,Ya,Tidak,Tidak,Tidak,Ya,Ya
3886,Kos Mawar Surabaya 3886,Surabaya,Mulyorejo,2050000,Putri,Ya,Tidak,Tidak,Ya,Tidak,Ya,Ya,Ya,Tidak,Ya,Ya,Ya,Ya
3887,Kos Sakura Surabaya 3887,Surabaya,Rungkut,2450000,Putra,Ya,Tidak,Tidak,Ya,Ya,Ya,Ya,Ya,Tidak,Tidak,Tidak,Ya,Ya
3888,Kos Wijaya Surabaya 3888,Surabaya,Mulyorejo,1050000,Putri,Ya,Ya,Ya,Ya,Ya,Ya,Tidak,Ya,Tidak,Ya,Ya,Ya,Ya
3889,Kos Kenanga Surabaya 3889,Surabaya,Tegalsari,1900000,Putra,Ya,Tidak,Tidak,Ya,Ya,Ya,Ya,Ya,Ya,Tidak,Tidak,Ya,Ya
3890,Kos Puspa Surabaya 3890,Surabaya,Mulyorejo,2050000,Putra,Ya,Ya,Tidak,Ya,Ya,Ya,Ya,Ya,Tidak,Tidak,Ya,Ya,Ya
3891,Kos Nusantara Surabaya 3891,Surabaya,Wonokromo,1900000,Putri,Tidak,Tidak,Tidak,Ya,Ya,Ya,Ya,Ya,Tidak,Ya,Ya,Ya,Ya
3892,Kos Anggrek Surabaya 3892,Surabaya,Wonokromo,900000,Putra,Ya,Ya,Ya,Ya,Ya,Tidak,Ya,Ya,Tidak,Tidak,Tidak,Ya,Ya
3893,Kos Cendana Surabaya 3893,Surabaya,Mulyorejo,2100000,Putri,Ya,Tidak,Tidak,Ya,Ya,Ya,Ya,Ya,Tidak,Ya,Ya,Ya,Tidak
3894,Kos Puspa Surabaya 3894,Surabaya,Rungkut,1850000,Putra,Tidak,Ya,Ya,Ya,Ya,Tidak,Ya,Tidak,Tidak,Tidak,Tidak,Ya,Ya
3895,Kos Puspa Surabaya 3895,Surabaya,Mulyorejo,1500000,Putri,Ya,Tidak,Ya,Ya,Tidak,Tidak,Ya,Ya,Tidak,Tidak,Ya,Ya,Ya
3896,Kos Melati Surabaya 3896,Surabaya,Wonokromo,1950000,Putri,Ya,Tidak,Ya,Ya,Ya,Ya,Tidak,Ya,Tidak,Ya,Ya,Tidak,Ya
3897,Kos Harmoni Surabaya 3897,Surabaya,Sukolilo,900000,Putra,Ya,Tidak,Tidak,Ya,Ya,Ya,Ya,Ya,Tidak,Ya,Ya,Tidak,Ya
3898,Kos Nusantara Surabaya 3898,Surabaya,Rungkut,1250000,Putri,Ya,Ya,Ya,Ya,Ya,Tidak,Tidak,Ya,Tidak,Ya,Ya,Tidak,Tidak
3899,Kos Mawar Surabaya 3899,Surabaya,Mulyorejo,900000,Putra,Ya,Tidak,Ya,Ya,Ya,Ya,Ya,Ya,Tidak,Tidak,Tidak,Ya,Ya
3900,Kos Puspa Surabaya 3900,Surabaya,Tegalsari,2300000,Putri,Ya,Tidak,Tidak,Ya,Ya,Tidak,Tidak,Ya,Ya,Ya,Tidak,Tidak,Ya
3901,Kos Cendana Surabaya 3901,Surabaya,Sukolilo,1850000,Campur,Ya,Ya,Ya,Ya,Ya,Tidak,Tidak,Ya,Tidak,Tidak,Ya,Tidak,Ya
3902,Kos Sakura Surabaya 3902,Surabaya,Wonokromo,1800000,Campur,Ya,Tidak,Tidak,Ya,Tidak,Ya,Ya,Ya,Tidak,Tidak,Ya,Ya,Ya
3903,Kos Amanah Surabaya 3903,Surabaya,Rungkut,1500000,Campur,Ya,Tidak,Tidak,Ya,Ya,Ya,Tidak,Tidak,Tidak,Tidak,Tidak,Tidak,Ya
3904,Kos Wijaya Surabaya 3904,Surabaya,Wonokromo,1000000,Putra,Ya,Tidak,Tidak,Ya,Ya,Ya,Ya,Ya,Tidak,Tidak,Tidak,Tidak,Ya
3905,Kos Kenanga Surabaya 3905,Surabaya,Rungkut,1450000,Putri,Ya,Ya,Tidak,Ya,Ya,Ya,Tidak,Ya,Tidak,Tidak,Tidak,Ya,Ya
3906,Kos Puspa Surabaya 3906,Surabaya,Tegalsari,2000000,Campur,Ya,Tidak,Ya,Ya,Ya,Tidak,Ya,Ya,Tidak,Ya,Tidak,Ya,Ya
3907,Kos Amanah Surabaya 3907,Surabaya,Sukolilo,1900000,Putra,Tidak,Ya,Tidak,Ya,Ya,Ya,Ya,Ya,Tidak,Tidak,Tidak,Ya,Ya
3908,Kos Sakura Surabaya 3908,Surabaya,Wonokromo,1850000,Putra,Ya,Ya,Ya,Ya,Ya,Tidak,Ya,Ya,Tidak,Ya,Tidak,Ya,Tidak
3909,Kos Melati Surabaya 3909,Surabaya,Tegalsari,1600000,Putra,Ya,Ya,Ya,Ya,Ya,Ya,Ya,Tidak,Tidak,Tidak,Tidak,Ya,Ya
3910,Kos Harmoni Surabaya 3910,Surabaya,Sukolilo,1400000,Putri,Ya,Ya,Tidak,Ya,Ya,Ya,Tidak,Ya,Tidak,Tidak,Tidak,Ya,Ya
3911,Kos Anggrek Surabaya 3911,Surabaya,Rungkut,1750000,Campur,Tidak,Tidak,Tidak,Ya,Ya,Ya,Ya,Tidak,Ya,Ya,Ya,Ya,Ya
3912,Kos Permata Surabaya 3912,Surabaya,Tegalsari,1600000,Putri,Ya,Tidak,Tidak,Ya,Ya,Tidak,Tidak,Ya,Tidak,Ya,Ya,Tidak,Ya
3913,Kos Anggrek Surabaya 3913,Surabaya,Wonokromo,1900000,Putra,Ya,Ya,Tidak,Ya,Ya,Ya,Ya,Ya,Tidak,Ya,Tidak,Ya,Tidak
3914,Kos Mawar Surabaya 3914,Surabaya,Rungkut,1600000,Putra,Ya,Tidak,Ya,Ya,Ya,Tidak,Tidak,Ya,Tidak,Ya,Tidak,Ya,Ya
3915,Kos Amanah Surabaya 3915,Surabaya,Tegalsari,1500000,Putra,Ya,Ya,Tidak,Ya,Ya,Ya,Ya,Ya,Tidak,Ya,Tidak,Ya,Ya
3916,Kos Sakura Surabaya 3916,Surabaya,Mulyorejo,2450000,Campur,Tidak,Tidak,Tidak,Ya,Ya,Ya,Ya,Ya,Tidak,Ya,Ya,Ya,Ya
3917,Kos Harmoni Surabaya 3917,Surabaya,Rungkut,1550000,Putri,Ya,Tidak,Ya,Ya,Ya,Ya,Ya,Ya,Ya,Tidak,Tidak,Ya,Ya
3918,Kos Nusantara Surabaya 3918,Surabaya,Mulyorejo,2400000,Putra,Ya,Ya,Ya,Ya,Ya,Tidak,Tidak,Ya,Tidak,Tidak,Tidak,Ya,Ya
3919,Kos Permata Surabaya 3919,Surabaya,Mulyorejo,2100000,Putri,Ya,Ya,Ya,Ya,Ya,Ya,Tidak,Ya,Tidak,Tidak,Ya,Ya,Ya
3920,Kos Puspa Surabaya 3920,Surabaya,Sukolilo,1950000,Putra,Ya,Ya,Tidak,Ya,Ya,Ya,Tidak,Ya,Tidak,Ya,Ya,Ya,Ya
3921,Kos Permata Surabaya 3921,Surabaya,Mulyorejo,2500000,Putri,Ya,Ya,Ya,Ya,Ya,Ya,Tidak,Ya,Tidak,Ya,Ya,Ya,Tidak
3922,Kos Puspa Surabaya 3922,Surabaya,Wonokromo,2250000,Campur,Ya,Ya,Ya,Ya,Ya,Ya,Ya,Ya,Tidak,Tidak,Tidak,Ya,Tidak
3923,Kos Cendana Surabaya 3923,Surabaya,Mulyorejo,1250000,Campur,Ya,Ya,Tidak,Ya,Ya,Tidak,Tidak,Ya,Tidak,Ya,Tidak,Ya,Ya
3924,Kos Mawar Surabaya 3924,Surabaya,Mulyorejo,1300000,Putra,Ya,Tidak,Tidak,Ya,Tidak,Tidak,Tidak,Ya,Tidak,Ya,Tidak,Ya,Ya
3925,Kos Sakura Surabaya 3925,Surabaya,Wonokromo,1750000,Putra,Ya,Tidak,Tidak,Ya,Ya,Ya,Ya,Ya,Tidak,Ya,Tidak,Ya,Ya
3926,Kos Kenanga Surabaya 3926,Surabaya,Tegalsari,1600000,Putra,Ya,Ya,Tidak,Ya,Ya,Tidak,Ya,Ya,Tidak,Tidak,Tidak,Tidak,Ya
3927,Kos Harmoni Surabaya 3927,Surabaya,Mulyorejo,2300000,Putra,Ya,Ya,Tidak,Ya,Ya,Ya,Tidak,Ya,Tidak,Ya,Ya,Ya,Ya
3928,Kos Wijaya Surabaya 3928,Surabaya,Rungkut,2250000,Putra,Ya,Tidak,Ya,Ya,Ya,Ya,Ya,Ya,Tidak,Tidak,Tidak,Tidak,Ya
3929,Kos Permata Surabaya 3929,Surabaya,Sukolilo,1750000,Putri,Ya,Ya,Tidak,Ya,Ya,Tidak,Ya,Ya,Tidak,Ya,Tidak,Tidak,Ya
3930,Kos Mawar Surabaya 3930,Surabaya,Sukolilo,1900000,Putri,Ya,Ya,Ya,Ya,Ya,Ya,Tidak,Tidak,Ya,Tidak,Tidak,Ya,Ya
3931,Kos Mawar Surabaya 3931,Surabaya,Sukolilo,2350000,Putra,Ya,Tidak,Ya,Ya,Tidak,Ya,Ya,Tidak,Tidak,Ya,Ya,Ya,Ya
3932,Kos Kenanga Surabaya 3932,Surabaya,Sukolilo,1300000,Putri,Ya,Tidak,Ya,Ya,Ya,Ya,Ya,Ya,Tidak,Ya,Ya,Ya,Ya
3933,Kos Sakura Surabaya 3933,Surabaya,Mulyorejo,1850000,Putra,Ya,Tidak,Ya,Ya,Tidak,Ya,Ya,Ya,Tidak,Ya,Ya,Ya,Ya
3934,Kos Cendana Surabaya 3934,Surabaya,Sukolilo,1600000,Campur,Ya,Ya,Ya,Ya,Ya,Tidak,Tidak,Ya,Tidak,Tidak,Ya,Ya,Ya
3935,Kos Puspa Surabaya 3935,Surabaya,Rungkut,1400000,Putri,Ya,Ya,Ya,Ya,Ya,Ya,Tidak,Ya,Tidak,Ya,Tidak,Ya,Tidak
3936,Kos Harmoni Surabaya 3936,Surabaya,Rungkut,1050000,Putri,Tidak,Ya,Tidak,Ya,Ya,Ya,Tidak,Ya,Tidak,Tidak,Tidak,Tidak,Tidak
3937,Kos Permata Surabaya 3937,Surabaya,Sukolilo,1000000,Putra,Ya,Ya,Tidak,Ya,Ya,Ya,Tidak,Ya,Tidak,Ya,Ya,Ya,Ya
3938,Kos Cendana Surabaya 3938,Surabaya,Mulyorejo,1100000,Campur,Ya,Ya,Ya,Ya,Ya,Ya,Ya,Ya,Ya,Tidak,Tidak,Tidak,Ya
3939,Kos Permata Surabaya 3939,Surabaya,Mulyorejo,1350000,Putri,Ya,Tidak,Ya,Ya,Ya,Ya,Ya,Ya,Ya,Ya,Tidak,Ya,Ya
3940,Kos Amanah Surabaya 3940,Surabaya,Sukolilo,1150000,Putri,Ya,Tidak,Tidak,Ya,Ya,Tidak,Tidak,Ya,Tidak,Tidak,Tidak,Ya,Tidak
3941,Kos Kenanga Surabaya 3941,Surabaya,Mulyorejo,2150000,Campur,Ya,Tidak,Ya,Ya,Ya,Ya,Ya,Ya,Tidak,Ya,Tidak,Ya,Tidak
3942,Kos Permata Surabaya 3942,Surabaya,Wonokromo,1150000,Putri,Ya,Ya,Ya,Ya,Ya,Ya,Ya,Ya,Tidak,Ya,Ya,Tidak,Ya
3943,Kos Nusantara Surabaya 3943,Surabaya,Wonokromo,1200000,Putra,Ya,Ya,Ya,Ya,Ya,Ya,Tidak,Ya,Tidak,Ya,Tidak,Ya,Tidak
3944,Kos Mawar Surabaya 3944,Surabaya,Rungkut,2050000,Putra,Ya,Ya,Tidak,Ya,Ya,Ya,Ya,Ya,Tidak,Ya,Ya,Ya,Tidak
3945,Kos Cendana Surabaya 3945,Surabaya,Rungkut,1350000,Putra,Ya,Tidak,Tidak,Ya,Ya,Ya,Ya,Ya,Tidak,Ya,Ya,Tidak,Ya
3946,Kos Permata Surabaya 3946,Surabaya,Rungkut,1950000,Putra,Ya,Ya,Ya,Ya,Ya,Ya,Ya,Tidak,Ya,Tidak,Ya,Ya,Ya
3947,Kos Nusantara Surabaya 3947,Surabaya,Wonokromo,1800000,Campur,Ya,Ya,Ya,Ya,Ya,Ya,Tidak,Ya,Tidak,Tidak,Ya,Tidak,Tidak
3948,Kos Puspa Surabaya 3948,Surabaya,Rungkut,1550000,Putra,Ya,Tidak,Tidak,Ya,Tidak,Ya,Ya,Ya,Tidak,Tidak,Tidak,Ya,Ya
3949,Kos Sakura Surabaya 3949,Surabaya,Wonokromo,2300000,Putra,Ya,Tidak,Ya,Ya,Ya,Ya,Ya,Ya,Tidak,Tidak,Tidak,Ya,Tidak
3950,Kos Mawar Surabaya 3950,Surabaya,Rungkut,1700000,Campur,Ya,Ya,Tidak,Ya,Ya,Tidak,Ya,Ya,Tidak,Tidak,Tidak,Tidak,Tidak
3951,Kos Permata Surabaya 3951,Surabaya,Sukolilo,700000,Campur,Ya,Ya,Tidak,Ya,Ya,Ya,Tidak,Ya,Tidak,Tidak,Ya,Ya,Ya
3952,Kos Melati Surabaya 3952,Surabaya,Tegalsari,1900000,Putri,Tidak,Tidak,Tidak,Ya,Ya,Ya,Ya,Ya,Tidak,Tidak,Ya,Ya,Tidak
3953,Kos Mawar Surabaya 3953,Surabaya,Sukolilo,1800000,Putri,Ya,Ya,Ya,Ya,Ya,Tidak,Ya,Tidak,Tidak,Tidak,Ya,Ya,Tidak
3954,Kos Harmoni Surabaya 3954,Surabaya,Rungkut,1150000,Putri,Ya,Ya,Tidak,Ya,Ya,Tidak,Ya,Ya,Tidak,Ya,Tidak,Tidak,Tidak
3955,Kos Anggrek Surabaya 3955,Surabaya,Tegalsari,1950000,Campur,Ya,Tidak,Tidak,Ya,Ya,Ya,Ya,Ya,Tidak,Tidak,Ya,Tidak,Ya
3956,Kos Wijaya Surabaya 3956,Surabaya,Mulyorejo,1400000,Putri,Ya,Ya,Ya,Ya,Ya,Ya,Ya,Ya,Tidak,Ya,Ya,Tidak,Ya
3957,Kos Nusantara Surabaya 3957,Surabaya,Mulyorejo,1350000,Campur,Tidak,Ya,Tidak,Ya,Ya,Ya,Ya,Ya,Tidak,Ya,Tidak,Ya,Ya
3958,Kos Wijaya Surabaya 3958,Surabaya,Tegalsari,1900000,Campur,Ya,Ya,Ya,Ya,Ya,Ya,Ya,Ya,Tidak,Tidak,Ya,Tidak,Tidak
3959,Kos Kenanga Surabaya 3959,Surabaya,Mulyorejo,2400000,Putri,Ya,Ya,Tidak,Ya,Ya,Ya,Tidak,Ya,Tidak,Ya,Tidak,Tidak,Ya
3960,Kos Wijaya Surabaya 3960,Surabaya,Rungkut,2050000,Campur,Ya,Tidak,Ya,Ya,Ya,Ya,Ya,Ya,Tidak,Ya,Tidak,Tidak,Tidak
3961,Kos Sakura Surabaya 3961,Surabaya,Sukolilo,2150000,Putra,Ya,Tidak,Tidak,Ya,Ya,Ya,Ya,Ya,Tidak,Ya,Tidak,Tidak,Tidak
3962,Kos Amanah Surabaya 3962,Surabaya,Wonokromo,1300000,Putri,Ya,Tidak,Tidak,Ya,Ya,Ya,Ya,Ya,Tidak,Tidak,Tidak,Tidak,Ya
3963,Kos Sakura Surabaya 3963,Surabaya,Tegalsari,1050000,Campur,Ya,Ya,Tidak,Ya,Ya,Ya,Ya,Ya,Tidak,Ya,Ya,Ya,Tidak
3964,Kos Amanah Surabaya 3964,Surabaya,Tegalsari,1550000,Putri,Ya,Tidak,Tidak,Ya,Ya,Tidak,Tidak,Ya,Tidak,Ya,Ya,Ya,Tidak
3965,Kos Harmoni Surabaya 3965,Surabaya,Mulyorejo,750000,Putri,Ya,Ya,Ya,Ya,Ya,Ya,Ya,Ya,Tidak,Tidak,Tidak,Ya,Ya
3966,Kos Anggrek Surabaya 3966,Surabaya,Sukolilo,2400000,Putra,Ya,Tidak,Tidak,Ya,Ya,Tidak,Tidak,Ya,Ya,Ya,Tidak,Ya,Ya
3967,Kos Cendana Surabaya 3967,Surabaya,Mulyorejo,2100000,Campur,Ya,Ya,Tidak,Ya,Ya,Ya,Ya,Tidak,Tidak,Tidak,Ya,Ya,Ya
3968,Kos Permata Surabaya 3968,Surabaya,Sukolilo,1300000,Campur,Ya,Ya,Tidak,Ya,Ya,Tidak,Ya,Ya,Tidak,Tidak,Ya,Ya,Ya
3969,Kos Cendana Surabaya 3969,Surabaya,Sukolilo,1700000,Campur,Ya,Ya,Tidak,Ya,Ya,Tidak,Ya,Ya,Tidak,Tidak,Ya,Ya,Ya
3970,Kos Harmoni Surabaya 3970,Surabaya,Mulyorejo,2150000,Putra,Ya,Ya,Tidak,Ya,Ya,Ya,Ya,Ya,Tidak,Tidak,Tidak,Ya,Tidak
3971,Kos Nusantara Surabaya 3971,Surabaya,Mulyorejo,750000,Putra,Ya,Ya,Tidak,Ya,Ya,Ya,Ya,Ya,Tidak,Ya,Ya,Tidak,Ya
3972,Kos Cendana Surabaya 3972,Surabaya,Wonokromo,1600000,Putri,Ya,Tidak,Ya,Ya,Ya,Ya,Tidak,Ya,Tidak,Tidak,Tidak,Tidak,Ya
3973,Kos Amanah Surabaya 3973,Surabaya,Wonokromo,1300000,Campur,Ya,Ya,Ya,Ya,Ya,Ya,Ya,Ya,Ya,Ya,Tidak,Ya,Ya
3974,Kos Anggrek Surabaya 3974,Surabaya,Sukolilo,1450000,Putra,Ya,Tidak,Tidak,Ya,Ya,Ya,Ya,Ya,Tidak,Ya,Tidak,Tidak,Tidak
3975,Kos Sakura Surabaya 3975,Surabaya,Sukolilo,1700000,Putri,Ya,Tidak,Ya,Ya,Ya,Tidak,Ya,Ya,Ya,Tidak,Ya,Tidak,Ya
3976,Kos Kenanga Surabaya 3976,Surabaya,Rungkut,1950000,Putra,Ya,Tidak,Ya,Ya,Ya,Ya,Ya,Ya,Tidak,Ya,Tidak,Ya,Ya
3977,Kos Mawar Surabaya 3977,Surabaya,Mulyorejo,2500000,Putri,Ya,Tidak,Ya,Ya,Ya,Tidak,Ya,Ya,Tidak,Ya,Ya,Tidak,Ya
3978,Kos Anggrek Surabaya 3978,Surabaya,Tegalsari,1350000,Putra,Ya,Ya,Tidak,Ya,Tidak,Ya,Ya,Ya,Tidak,Ya,Ya,Ya,Ya
3979,Kos Wijaya Surabaya 3979,Surabaya,Mulyorejo,1600000,Putri,Ya,Tidak,Ya,Ya,Ya,Ya,Tidak,Ya,Ya,Ya,Ya,Tidak,Ya
3980,Kos Anggrek Surabaya 3980,Surabaya,Mulyorejo,700000,Putra,Tidak,Ya,Ya,Ya,Ya,Ya,Ya,Ya,Tidak,Tidak,Ya,Ya,Ya
3981,Kos Kenanga Surabaya 3981,Surabaya,Wonokromo,1900000,Putri,Ya,Tidak,Ya,Ya,Tidak,Ya,Ya,Ya,Tidak,Tidak,Tidak,Ya,Ya
3982,Kos Harmoni Surabaya 3982,Surabaya,Sukolilo,750000,Putri,Ya,Ya,Ya,Ya,Ya,Ya,Ya,Ya,Tidak,Ya,Tidak,Ya,Ya
3983,Kos Sakura Surabaya 3983,Surabaya,Rungkut,2100000,Putra,Ya,Ya,Tidak,Ya,Tidak,Tidak,Ya,Ya,Tidak,Ya,Tidak,Ya,Ya
3984,Kos Harmoni Surabaya 3984,Surabaya,Mulyorejo,800000,Putra,Ya,Tidak,Ya,Ya,Ya,Ya,Ya,Ya,Tidak,Ya,Ya,Ya,Ya
3985,Kos Cendana Surabaya 3985,Surabaya,Sukolilo,2150000,Putri,Ya,Tidak,Tidak,Ya,Ya,Tidak,Tidak,Ya,Ya,Tidak,Tidak,Tidak,Tidak
3986,Kos Nusantara Surabaya 3986,Surabaya,Rungkut,1250000,Putri,Ya,Ya,Tidak,Ya,Ya,Tidak,Ya,Ya,Tidak,Tidak,Tidak,Tidak,Tidak
3987,Kos Harmoni Surabaya 3987,Surabaya,Mulyorejo,700000,Campur,Ya,Ya,Tidak,Ya,Ya,Ya,Tidak,Ya,Tidak,Tidak,Tidak,Ya,Ya
3988,Kos Amanah Surabaya 3988,Surabaya,Mulyorejo,850000,Putra,Ya,Tidak,Ya,Ya,Ya,Tidak,Tidak,Tidak,Tidak,Ya,Ya,Tidak,Tidak
3989,Kos Puspa Surabaya 3989,Surabaya,Wonokromo,1000000,Putri,Ya,Tidak,Ya,Ya,Ya,Ya,Ya,Ya,Tidak,Ya,Tidak,Ya,Ya
3990,Kos Melati Surabaya 3990,Surabaya,Tegalsari,1700000,Putri,Ya,Ya,Tidak,Ya,Ya,Tidak,Ya,Ya,Tidak,Tidak,Tidak,Ya,Tidak
3991,Kos Wijaya Surabaya 3991,Surabaya,Wonokromo,1550000,Putri,Ya,Ya,Tidak,Ya,Ya,Ya,Ya,Tidak,Tidak,Ya,Ya,Ya,Tidak
3992,Kos Wijaya Surabaya 3992,Surabaya,Tegalsari,2150000,Campur,Tidak,Ya,Tidak,Ya,Ya,Tidak,Tidak,Tidak,Tidak,Ya,Tidak,Ya,Ya
3993,Kos Puspa Surabaya 3993,Surabaya,Mulyorejo,1650000,Campur,Ya,Tidak,Ya,Ya,Ya,Ya,Tidak,Ya,Tidak,Tidak,Ya,Tidak,Ya
3994,Kos Cendana Surabaya 3994,Surabaya,Mulyorejo,850000,Putri,Ya,Ya,Tidak,Ya,Ya,Ya,Ya,Ya,Tidak,Ya,Ya,Tidak,Tidak
3995,Kos Amanah Surabaya 3995,Surabaya,Wonokromo,1100000,Putra,Tidak,Ya,Ya,Ya,Ya,Ya,Ya,Ya,Tidak,Ya,Ya,Tidak,Ya
3996,Kos Amanah Surabaya 3996,Surabaya,Sukolilo,2300000,Putri,Ya,Tidak,Tidak,Ya,Tidak,Tidak,Tidak,Ya,Ya,Tidak,Tidak,Ya,Tidak
3997,Kos Permata Surabaya 3997,Surabaya,Tegalsari,2300000,Campur,Ya,Tidak,Tidak,Ya,Ya,Tidak,Ya,Ya,Tidak,Tidak,Tidak,Ya,Ya
3998,Kos Wijaya Surabaya 3998,Surabaya,Sukolilo,2300000,Campur,Ya,Ya,Tidak,Ya,Ya,Ya,Ya,Ya,Tidak,Tidak,Tidak,Ya,Tidak
3999,Kos Anggrek Surabaya 3999,Surabaya,Mulyorejo,1600000,Putra,Ya,Tidak,Tidak,Ya,Ya,Ya,Ya,Ya,Tidak,Ya,Tidak,Tidak,Ya
4000,Kos Wijaya Surabaya 4000,Surabaya,Mulyorejo,2350000,Putra,Ya,Tidak,Ya,Ya,Ya,Ya,Ya,Ya,Tidak,Ya,Ya,Ya,Ya
4001,Kos Sakura Surabaya 4001,Surabaya,Tegalsari,1650000,Campur,Tidak,Tidak,Ya,Ya,Ya,Ya,Ya,Ya,Tidak,Tidak,Tidak,Ya,Ya
4002,Kos Melati Surabaya 4002,Surabaya,Mulyorejo,1100000,Putra,Ya,Tidak,Ya,Ya,Ya,Ya,Ya,Tidak,Ya,Ya,Tidak,Ya,Ya
4003,Kos Anggrek Surabaya 4003,Surabaya,Wonokromo,2300000,Putri,Ya,Tidak,Ya,Ya,Ya,Ya,Tidak,Ya,Ya,Tidak,Ya,Ya,Tidak
4004,Kos Sakura Surabaya 4004,Surabaya,Rungkut,1600000,Putra,Ya,Ya,Ya,Ya,Tidak,Ya,Tidak,Ya,Tidak,Tidak,Tidak,Tidak,Ya
4005,Kos Amanah Surabaya 4005,Surabaya,Sukolilo,1300000,Putri,Ya,Ya,Tidak,Ya,Ya,Tidak,Ya,Ya,Tidak,Ya,Ya,Ya,Ya
4006,Kos Cendana Surabaya 4006,Surabaya,Wonokromo,1750000,Campur,Ya,Ya,Tidak,Ya,Ya,Tidak,Tidak,Ya,Tidak,Ya,Tidak,Ya,Tidak
4007,Kos Wijaya Surabaya 4007,Surabaya,Mulyorejo,1000000,Putri,Ya,Ya,Ya,Ya,Ya,Ya,Tidak,Ya,Tidak,Tidak,Tidak,Tidak,Ya
4008,Kos Wijaya Surabaya 4008,Surabaya,Wonokromo,1450000,Putri,Ya,Ya,Tidak,Ya,Ya,Ya,Tidak,Ya,Tidak,Ya,Tidak,Tidak,Ya
4009,Kos Mawar Surabaya 4009,Surabaya,Rungkut,2250000,Putri,Ya,Ya,Tidak,Ya,Ya,Ya,Ya,Ya,Tidak,Tidak,Ya,Ya,Tidak
4010,Kos Cendana Surabaya 4010,Surabaya,Tegalsari,900000,Campur,Ya,Ya,Ya,Ya,Ya,Ya,Ya,Ya,Tidak,Tidak,Ya,Ya,Ya
4011,Kos Sakura Surabaya 4011,Surabaya,Wonokromo,1050000,Putri,Ya,Tidak,Tidak,Ya,Ya,Tidak,Ya,Ya,Ya,Tidak,Tidak,Ya,Ya
4012,Kos Wijaya Surabaya 4012,Surabaya,Tegalsari,1200000,Campur,Ya,Ya,Tidak,Ya,Tidak,Ya,Ya,Ya,Tidak,Tidak,Tidak,Ya,Ya
4013,Kos Wijaya Surabaya 4013,Surabaya,Wonokromo,2300000,Putra,Ya,Ya,Ya,Ya,Tidak,Ya,Tidak,Ya,Tidak,Ya,Ya,Ya,Ya
4014,Kos Nusantara Surabaya 4014,Surabaya,Rungkut,2100000,Putri,Ya,Ya,Tidak,Ya,Ya,Ya,Ya,Ya,Ya,Ya,Tidak,Ya,Ya
4015,Kos Sakura Surabaya 4015,Surabaya,Wonokromo,1100000,Putri,Ya,Tidak,Tidak,Ya,Ya,Ya,Tidak,Ya,Tidak,Ya,Ya,Ya,Tidak
4016,Kos Kenanga Surabaya 4016,Surabaya,Sukolilo,1750000,Putri,Ya,Tidak,Tidak,Ya,Ya,Tidak,Ya,Ya,Ya,Tidak,Ya,Tidak,Ya
4017,Kos Puspa Surabaya 4017,Surabaya,Mulyorejo,1050000,Putra,Ya,Ya,Ya,Ya,Tidak,Tidak,Ya,Ya,Ya,Ya,Tidak,Ya,Ya
4018,Kos Anggrek Surabaya 4018,Surabaya,Rungkut,1750000,Putri,Ya,Tidak,Tidak,Ya,Ya,Ya,Ya,Ya,Tidak,Tidak,Tidak,Tidak,Ya
4019,Kos Kenanga Surabaya 4019,Surabaya,Mulyorejo,2200000,Putri,Ya,Ya,Ya,Ya,Ya,Ya,Ya,Ya,Tidak,Tidak,Ya,Ya,Ya
4020,Kos Melati Surabaya 4020,Surabaya,Wonokromo,1800000,Putri,Ya,Tidak,Ya,Ya,Ya,Tidak,Ya,Ya,Tidak,Ya,Ya,Tidak,Ya
4021,Kos Mawar Surabaya 4021,Surabaya,Tegalsari,1500000,Putra,Ya,Ya,Ya,Ya,Ya,Ya,Ya,Ya,Tidak,Ya,Tidak,Tidak,Ya
4022,Kos Mawar Surabaya 4022,Surabaya,Rungkut,2500000,Putri,Ya,Tidak,Ya,Ya,Ya,Tidak,Ya,Ya,Tidak,Tidak,Ya,Ya,Ya
4023,Kos Anggrek Surabaya 4023,Surabaya,Mulyorejo,1550000,Putri,Ya,Ya,Tidak,Ya,Ya,Ya,Ya,Ya,Ya,Ya,Tidak,Ya,Tidak
4024,Kos Puspa Surabaya 4024,Surabaya,Sukolilo,2250000,Campur,Ya,Ya,Tidak,Ya,Ya,Tidak,Ya,Tidak,Tidak,Ya,Tidak,Ya,Tidak
4025,Kos Amanah Surabaya 4025,Surabaya,Rungkut,1350000,Putra,Tidak,Tidak,Ya,Ya,Ya,Ya,Ya,Ya,Tidak,Ya,Tidak,Ya,Ya
4026,Kos Harmoni Surabaya 4026,Surabaya,Tegalsari,2150000,Campur,Ya,Ya,Tidak,Ya,Ya,Tidak,Tidak,Ya,Ya,Ya,Tidak,Ya,Ya
4027,Kos Amanah Surabaya 4027,Surabaya,Sukolilo,2400000,Putri,Ya,Ya,Tidak,Ya,Ya,Ya,Ya,Ya,Tidak,Tidak,Tidak,Tidak,Tidak
4028,Kos Cendana Surabaya 4028,Surabaya,Rungkut,1000000,Putri,Ya,Tidak,Tidak,Ya,Ya,Ya,Tidak,Ya,Tidak,Tidak,Tidak,Ya,Ya
4029,Kos Cendana Surabaya 4029,Surabaya,Wonokromo,2000000,Campur,Ya,Ya,Tidak,Ya,Ya,Tidak,Ya,Ya,Tidak,Ya,Tidak,Ya,Ya
4030,Kos Sakura Surabaya 4030,Surabaya,Tegalsari,1650000,Campur,Ya,Ya,Ya,Ya,Ya,Ya,Ya,Ya,Tidak,Tidak,Ya,Tidak,Ya
4031,Kos Nusantara Surabaya 4031,Surabaya,Tegalsari,2150000,Putra,Ya,Tidak,Tidak,Ya,Ya,Ya,Ya,Ya,Tidak,Ya,Ya,Ya,Ya
4032,Kos Wijaya Surabaya 4032,Surabaya,Sukolilo,800000,Putra,Tidak,Tidak,Ya,Ya,Ya,Ya,Tidak,Ya,Ya,Ya,Tidak,Ya,Ya
4033,Kos Permata Surabaya 4033,Surabaya,Wonokromo,1200000,Putra,Ya,Tidak,Tidak,Ya,Ya,Ya,Ya,Ya,Tidak,Tidak,Tidak,Ya,Tidak
4034,Kos Sakura Surabaya 4034,Surabaya,Sukolilo,1800000,Putri,Ya,Ya,Tidak,Ya,Ya,Tidak,Ya,Ya,Tidak,Ya,Ya,Tidak,Ya
4035,Kos Anggrek Surabaya 4035,Surabaya,Sukolilo,1650000,Putra,Ya,Tidak,Ya,Ya,Ya,Tidak,Ya,Ya,Tidak,Ya,Ya,Tidak,Ya
4036,Kos Mawar Surabaya 4036,Surabaya,Wonokromo,2500000,Putra,Ya,Tidak,Ya,Ya,Ya,Ya,Ya,Ya,Tidak,Tidak,Ya,Ya,Ya
4037,Kos Melati Surabaya 4037,Surabaya,Rungkut,1900000,Putri,Ya,Ya,Ya,Ya,Ya,Ya,Tidak,Ya,Tidak,Ya,Ya,Ya,Ya
4038,Kos Melati Surabaya 4038,Surabaya,Wonokromo,2150000,Putra,Ya,Tidak,Tidak,Ya,Ya,Ya,Ya,Ya,Ya,Tidak,Tidak,Ya,Tidak
4039,Kos Kenanga Surabaya 4039,Surabaya,Tegalsari,1750000,Putra,Ya,Ya,Ya,Ya,Ya,Ya,Tidak,Ya,Tidak,Tidak,Tidak,Tidak,Ya
4040,Kos Permata Surabaya 4040,Surabaya,Rungkut,2350000,Campur,Ya,Tidak,Tidak,Ya,Ya,Ya,Ya,Ya,Tidak,Ya,Tidak,Tidak,Tidak
4041,Kos Amanah Surabaya 4041,Surabaya,Sukolilo,850000,Campur,Ya,Ya,Tidak,Ya,Ya,Ya,Ya,Ya,Tidak,Ya,Ya,Tidak,Tidak
4042,Kos Cendana Surabaya 4042,Surabaya,Sukolilo,1700000,Putri,Ya,Ya,Ya,Ya,Ya,Tidak,Ya,Ya,Tidak,Tidak,Ya,Ya,Ya
4043,Kos Harmoni Surabaya 4043,Surabaya,Rungkut,2150000,Putra,Tidak,Ya,Ya,Ya,Ya,Tidak,Tidak,Ya,Ya,Tidak,Tidak,Ya,Ya
4044,Kos Harmoni Surabaya 4044,Surabaya,Mulyorejo,1800000,Putra,Ya,Ya,Tidak,Ya,Ya,Ya,Ya,Ya,Tidak,Ya,Tidak,Ya,Ya
4045,Kos Sakura Surabaya 4045,Surabaya,Mulyorejo,1200000,Putri,Tidak,Ya,Tidak,Ya,Ya,Tidak,Ya,Ya,Tidak,Tidak,Ya,Ya,Tidak
4046,Kos Harmoni Surabaya 4046,Surabaya,Tegalsari,2300000,Putri,Ya,Tidak,Ya,Ya,Ya,Ya,Tidak,Ya,Ya,Tidak,Ya,Ya,Ya
4047,Kos Amanah Surabaya 4047,Surabaya,Wonokromo,1700000,Putri,Ya,Ya,Tidak,Ya,Ya,Ya,Ya,Ya,Ya,Tidak,Ya,Ya,Tidak
4048,Kos Anggrek Surabaya 4048,Surabaya,Sukolilo,2000000,Putri,Ya,Tidak,Tidak,Ya,Ya,Ya,Ya,Ya,Tidak,Tidak,Ya,Ya,Ya
4049,Kos Amanah Surabaya 4049,Surabaya,Sukolilo,1500000,Campur,Ya,Tidak,Ya,Ya,Ya,Ya,Ya,Ya,Tidak,Tidak,Ya,Ya,Ya
4050,Kos Harmoni Surabaya 4050,Surabaya,Sukolilo,2500000,Campur,Ya,Ya,Ya,Ya,Ya,Tidak,Tidak,Ya,Tidak,Ya,Tidak,Ya,Ya
4051,Kos Anggrek Surabaya 4051,Surabaya,Rungkut,800000,Putra,Ya,Ya,Tidak,Ya,Ya,Ya,Ya,Ya,Tidak,Tidak,Ya,Ya,Ya
4052,Kos Melati Surabaya 4052,Surabaya,Rungkut,750000,Putra,Ya,Tidak,Tidak,Ya,Ya,Tidak,Tidak,Ya,Ya,Ya,Ya,Ya,Tidak
4053,Kos Sakura Surabaya 4053,Surabaya,Tegalsari,1250000,Putra,Ya,Ya,Tidak,Ya,Ya,Ya,Tidak,Ya,Ya,Tidak,Tidak,Ya,Ya
4054,Kos Amanah Surabaya 4054,Surabaya,Wonokromo,1850000,Putra,Ya,Tidak,Ya,Ya,Ya,Ya,Tidak,Ya,Tidak,Tidak,Tidak,Tidak,Tidak
4055,Kos Harmoni Surabaya 4055,Surabaya,Sukolilo,1800000,Putra,Ya,Tidak,Ya,Ya,Ya,Tidak,Ya,Ya,Tidak,Tidak,Tidak,Ya,Tidak
4056,Kos Nusantara Surabaya 4056,Surabaya,Tegalsari,2050000,Putri,Ya,Tidak,Tidak,Ya,Ya,Ya,Ya,Tidak,Tidak,Ya,Tidak,Ya,Ya
4057,Kos Nusantara Surabaya 4057,Surabaya,Tegalsari,900000,Putra,Ya,Ya,Tidak,Ya,Ya,Ya,Ya,Ya,Ya,Ya,Ya,Ya,Ya
4058,Kos Mawar Surabaya 4058,Surabaya,Mulyorejo,1300000,Putra,Ya,Tidak,Tidak,Ya,Ya,Ya,Ya,Ya,Tidak,Tidak,Ya,Tidak,Ya
4059,Kos Amanah Surabaya 4059,Surabaya,Rungkut,2050000,Putri,Ya,Ya,Ya,Ya,Ya,Ya,Ya,Tidak,Tidak,Tidak,Ya,Ya,Ya
4060,Kos Cendana Surabaya 4060,Surabaya,Tegalsari,1750000,Campur,Ya,Ya,Tidak,Ya,Ya,Tidak,Ya,Ya,Tidak,Ya,Ya,Ya,Tidak
4061,Kos Puspa Surabaya 4061,Surabaya,Wonokromo,1650000,Campur,Ya,Ya,Ya,Ya,Tidak,Tidak,Ya,Ya,Tidak,Ya,Ya,Tidak,Ya
4062,Kos Amanah Surabaya 4062,Surabaya,Sukolilo,2400000,Campur,Ya,Tidak,Ya,Ya,Ya,Ya,Tidak,Ya,Tidak,Ya,Ya,Tidak,Tidak
4063,Kos Kenanga Surabaya 4063,Surabaya,Sukolilo,1600000,Putra,Ya,Ya,Ya,Ya,Ya,Ya,Ya,Ya,Tidak,Tidak,Ya,Tidak,Ya
4064,Kos Melati Surabaya 4064,Surabaya,Wonokromo,1650000,Putri,Ya,Tidak,Ya,Ya,Ya,Tidak,Ya,Tidak,Ya,Ya,Ya,Tidak,Ya
4065,Kos Melati Surabaya 4065,Surabaya,Mulyorejo,950000,Putra,Ya,Ya,Tidak,Ya,Ya,Ya,Ya,Ya,Tidak,Tidak,Ya,Ya,Tidak
4066,Kos Mawar Surabaya 4066,Surabaya,Tegalsari,950000,Campur,Tidak,Ya,Ya,Ya,Ya,Ya,Ya,Ya,Tidak,Tidak,Ya,Tidak,Ya
4067,Kos Cendana Surabaya 4067,Surabaya,Wonokromo,2050000,Putri,Ya,Ya,Ya,Ya,Ya,Ya,Ya,Ya,Tidak,Tidak,Tidak,Ya,Ya
4068,Kos Kenanga Surabaya 4068,Surabaya,Tegalsari,1200000,Campur,Ya,Ya,Ya,Ya,Ya,Ya,Tidak,Ya,Tidak,Tidak,Ya,Tidak,Ya
4069,Kos Kenanga Surabaya 4069,Surabaya,Rungkut,1250000,Putri,Ya,Ya,Ya,Ya,Ya,Tidak,Ya,Ya,Tidak,Ya,Tidak,Tidak,Tidak
4070,Kos Nusantara Surabaya 4070,Surabaya,Rungkut,2200000,Campur,Ya,Ya,Ya,Ya,Ya,Ya,Ya,Ya,Ya,Tidak,Tidak,Tidak,Tidak
4071,Kos Permata Surabaya 4071,Surabaya,Tegalsari,1950000,Putri,Ya,Ya,Ya,Ya,Tidak,Ya,Ya,Ya,Tidak,Ya,Ya,Ya,Ya
4072,Kos Melati Surabaya 4072,Surabaya,Mulyorejo,1650000,Putri,Tidak,Ya,Tidak,Ya,Ya,Ya,Ya,Ya,Tidak,Ya,Tidak,Ya,Ya
4073,Kos Melati Surabaya 4073,Surabaya,Tegalsari,1350000,Putri,Ya,Tidak,Tidak,Ya,Ya,Ya,Tidak,Ya,Tidak,Tidak,Ya,Ya,Ya
4074,Kos Wijaya Surabaya 4074,Surabaya,Sukolilo,1950000,Putra,Ya,Ya,Ya,Ya,Ya,Ya,Ya,Ya,Tidak,Ya,Tidak,Ya,Ya
4075,Kos Mawar Surabaya 4075,Surabaya,Sukolilo,2150000,Putri,Ya,Ya,Ya,Ya,Ya,Ya,Tidak,Ya,Ya,Ya,Ya,Ya,Ya
4076,Kos Cendana Surabaya 4076,Surabaya,Tegalsari,1100000,Putri,Ya,Ya,Ya,Ya,Ya,Ya,Ya,Tidak,Tidak,Ya,Tidak,Tidak,Ya
4077,Kos Mawar Surabaya 4077,Surabaya,Sukolilo,2250000,Putra,Ya,Ya,Tidak,Ya,Ya,Tidak,Ya,Ya,Tidak,Tidak,Tidak,Ya,Ya
4078,Kos Amanah Surabaya 4078,Surabaya,Wonokromo,1550000,Putra,Ya,Ya,Tidak,Ya,Ya,Ya,Ya,Ya,Tidak,Ya,Tidak,Tidak,Ya
4079,Kos Permata Surabaya 4079,Surabaya,Tegalsari,800000,Campur,Ya,Tidak,Ya,Ya,Ya,Tidak,Ya,Ya,Tidak,Ya,Ya,Ya,Ya
4080,Kos Permata Surabaya 4080,Surabaya,Sukolilo,2150000,Putra,Tidak,Tidak,Ya,Ya,Ya,Ya,Ya,Ya,Tidak,Tidak,Ya,Ya,Ya
4081,Kos Permata Surabaya 4081,Surabaya,Wonokromo,1550000,Putra,Ya,Tidak,Tidak,Ya,Ya,Tidak,Ya,Ya,Tidak,Tidak,Tidak,Ya,Tidak
4082,Kos Kenanga Surabaya 4082,Surabaya,Mulyorejo,2450000,Putra,Ya,Ya,Tidak,Ya,Ya,Ya,Ya,Ya,Tidak,Ya,Ya,Ya,Ya
4083,Kos Kenanga Surabaya 4083,Surabaya,Rungkut,1150000,Campur,Ya,Tidak,Ya,Ya,Ya,Ya,Ya,Ya,Tidak,Ya,Ya,Tidak,Ya
4084,Kos Anggrek Surabaya 4084,Surabaya,Tegalsari,1400000,Putri,Ya,Tidak,Tidak,Ya,Ya,Ya,Ya,Ya,Ya,Tidak,Tidak,Ya,Ya
4085,Kos Wijaya Surabaya 4085,Surabaya,Mulyorejo,1900000,Putri,Ya,Ya,Tidak,Ya,Tidak,Ya,Tidak,Tidak,Tidak,Ya,Tidak,Ya,Ya
4086,Kos Anggrek Surabaya 4086,Surabaya,Tegalsari,1200000,Campur,Ya,Ya,Ya,Ya,Ya,Tidak,Ya,Ya,Ya,Tidak,Tidak,Tidak,Ya
4087,Kos Amanah Surabaya 4087,Surabaya,Wonokromo,1100000,Putra,Ya,Ya,Ya,Ya,Ya,Tidak,Ya,Ya,Ya,Tidak,Tidak,Ya,Tidak
4088,Kos Wijaya Surabaya 4088,Surabaya,Mulyorejo,1950000,Putri,Ya,Tidak,Ya,Ya,Ya,Tidak,Ya,Ya,Tidak,Tidak,Tidak,Tidak,Ya
4089,Kos Harmoni Surabaya 4089,Surabaya,Mulyorejo,2300000,Campur,Ya,Ya,Tidak,Ya,Ya,Ya,Tidak,Ya,Tidak,Ya,Ya,Tidak,Ya
4090,Kos Puspa Surabaya 4090,Surabaya,Wonokromo,2350000,Campur,Ya,Ya,Tidak,Ya,Ya,Ya,Tidak,Ya,Tidak,Ya,Ya,Ya,Ya
4091,Kos Sakura Surabaya 4091,Surabaya,Sukolilo,950000,Campur,Ya,Tidak,Ya,Ya,Ya,Ya,Ya,Ya,Tidak,Tidak,Tidak,Ya,Ya
4092,Kos Permata Surabaya 4092,Surabaya,Mulyorejo,1900000,Putri,Ya,Tidak,Tidak,Ya,Ya,Tidak,Ya,Ya,Tidak,Ya,Tidak,Ya,Tidak
4093,Kos Sakura Surabaya 4093,Surabaya,Wonokromo,2000000,Campur,Ya,Tidak,Tidak,Ya,Ya,Tidak,Ya,Ya,Tidak,Tidak,Tidak,Tidak,Ya
4094,Kos Cendana Surabaya 4094,Surabaya,Mulyorejo,2400000,Putra,Tidak,Ya,Tidak,Ya,Ya,Ya,Ya,Ya,Tidak,Ya,Ya,Ya,Ya
4095,Kos Permata Surabaya 4095,Surabaya,Mulyorejo,1400000,Putra,Tidak,Ya,Tidak,Ya,Ya,Tidak,Ya,Ya,Tidak,Tidak,Tidak,Ya,Ya
4096,Kos Permata Surabaya 4096,Surabaya,Mulyorejo,2250000,Putra,Ya,Tidak,Ya,Ya,Ya,Ya,Ya,Ya,Ya,Tidak,Ya,Ya,Ya
4097,Kos Wijaya Surabaya 4097,Surabaya,Sukolilo,2250000,Campur,Tidak,Ya,Tidak,Ya,Ya,Ya,Ya,Ya,Tidak,Ya,Ya,Ya,Ya
4098,Kos Permata Surabaya 4098,Surabaya,Wonokromo,1000000,Campur,Ya,Ya,Ya,Ya,Ya,Ya,Tidak,Ya,Tidak,Tidak,Tidak,Ya,Tidak
4099,Kos Sakura Surabaya 4099,Surabaya,Tegalsari,950000,Putra,Ya,Tidak,Ya,Ya,Ya,Tidak,Tidak,Ya,Tidak,Ya,Ya,Ya,Tidak
4100,Kos Mawar Surabaya 4100,Surabaya,Mulyorejo,1550000,Campur,Ya,Tidak,Ya,Ya,Ya,Ya,Tidak,Ya,Ya,Tidak,Tidak,Ya,Tidak
4101,Kos Melati Surabaya 4101,Surabaya,Tegalsari,950000,Putri,Ya,Tidak,Tidak,Ya,Ya,Tidak,Tidak,Tidak,Tidak,Tidak,Tidak,Ya,Ya
4102,Kos Kenanga Surabaya 4102,Surabaya,Mulyorejo,1450000,Putri,Ya,Tidak,Tidak,Ya,Ya,Ya,Ya,Ya,Tidak,Ya,Tidak,Ya,Ya
4103,Kos Permata Surabaya 4103,Surabaya,Wonokromo,1400000,Putri,Ya,Ya,Ya,Ya,Ya,Tidak,Ya,Ya,Ya,Tidak,Tidak,Ya,Ya
4104,Kos Kenanga Surabaya 4104,Surabaya,Sukolilo,750000,Putra,Ya,Tidak,Tidak,Ya,Ya,Ya,Ya,Ya,Tidak,Ya,Ya,Tidak,Ya
4105,Kos Permata Surabaya 4105,Surabaya,Wonokromo,1800000,Campur,Ya,Tidak,Ya,Ya,Ya,Ya,Tidak,Ya,Tidak,Ya,Ya,Tidak,Ya
4106,Kos Nusantara Surabaya 4106,Surabaya,Sukolilo,2050000,Putri,Ya,Ya,Ya,Ya,Ya,Ya,Tidak,Ya,Tidak,Tidak,Ya,Tidak,Ya
4107,Kos Melati Surabaya 4107,Surabaya,Tegalsari,2050000,Putri,Ya,Ya,Tidak,Ya,Ya,Ya,Tidak,Ya,Tidak,Ya,Tidak,Ya,Ya
4108,Kos Kenanga Surabaya 4108,Surabaya,Tegalsari,2500000,Putra,Tidak,Tidak,Ya,Ya,Ya,Tidak,Tidak,Ya,Tidak,Tidak,Tidak,Ya,Ya
4109,Kos Nusantara Surabaya 4109,Surabaya,Mulyorejo,1250000,Putra,Ya,Ya,Tidak,Ya,Tidak,Ya,Tidak,Ya,Tidak,Tidak,Ya,Tidak,Ya
4110,Kos Sakura Surabaya 4110,Surabaya,Mulyorejo,900000,Putra,Ya,Ya,Ya,Ya,Ya,Tidak,Tidak,Tidak,Ya,Ya,Tidak,Ya,Ya
4111,Kos Amanah Surabaya 4111,Surabaya,Wonokromo,1900000,Campur,Ya,Ya,Tidak,Ya,Ya,Ya,Tidak,Ya,Tidak,Ya,Tidak,Ya,Tidak
4112,Kos Mawar Surabaya 4112,Surabaya,Sukolilo,950000,Putra,Ya,Ya,Tidak,Ya,Ya,Ya,Tidak,Ya,Ya,Ya,Ya,Tidak,Ya
4113,Kos Melati Surabaya 4113,Surabaya,Mulyorejo,1050000,Putra,Ya,Ya,Ya,Ya,Ya,Ya,Ya,Ya,Tidak,Ya,Tidak,Ya,Ya
4114,Kos Permata Surabaya 4114,Surabaya,Sukolilo,2000000,Putra,Ya,Ya,Ya,Ya,Ya,Ya,Ya,Ya,Tidak,Ya,Tidak,Ya,Ya
4115,Kos Anggrek Surabaya 4115,Surabaya,Wonokromo,1450000,Putri,Ya,Ya,Tidak,Ya,Ya,Tidak,Tidak,Ya,Tidak,Ya,Tidak,Ya,Ya
4116,Kos Permata Surabaya 4116,Surabaya,Tegalsari,1950000,Putra,Ya,Tidak,Tidak,Ya,Ya,Tidak,Ya,Ya,Tidak,Ya,Ya,Ya,Tidak
4117,Kos Mawar Surabaya 4117,Surabaya,Wonokromo,2250000,Campur,Ya,Tidak,Ya,Ya,Ya,Ya,Ya,Ya,Ya,Tidak,Ya,Ya,Ya
4118,Kos Amanah Surabaya 4118,Surabaya,Tegalsari,750000,Putri,Ya,Tidak,Ya,Ya,Ya,Ya,Ya,Ya,Tidak,Tidak,Ya,Ya,Ya
4119,Kos Kenanga Surabaya 4119,Surabaya,Mulyorejo,900000,Putri,Ya,Ya,Ya,Ya,Ya,Ya,Ya,Ya,Tidak,Tidak,Ya,Tidak,Tidak
4120,Kos Kenanga Surabaya 4120,Surabaya,Sukolilo,1500000,Putri,Ya,Ya,Ya,Ya,Ya,Ya,Tidak,Ya,Tidak,Ya,Tidak,Ya,Ya
4121,Kos Melati Surabaya 4121,Surabaya,Tegalsari,2500000,Putra,Tidak,Tidak,Ya,Ya,Ya,Ya,Ya,Ya,Tidak,Ya,Tidak,Ya,Tidak
4122,Kos Kenanga Surabaya 4122,Surabaya,Rungkut,1850000,Campur,Ya,Tidak,Ya,Ya,Ya,Ya,Tidak,Ya,Ya,Tidak,Ya,Tidak,Ya
4123,Kos Wijaya Surabaya 4123,Surabaya,Tegalsari,1650000,Putri,Ya,Ya,Tidak,Ya,Ya,Ya,Ya,Ya,Tidak,Tidak,Ya,Tidak,Ya
4124,Kos Melati Surabaya 4124,Surabaya,Wonokromo,1800000,Putri,Ya,Ya,Tidak,Ya,Ya,Ya,Tidak,Ya,Tidak,Ya,Ya,Tidak,Ya
4125,Kos Amanah Surabaya 4125,Surabaya,Rungkut,1950000,Campur,Ya,Ya,Tidak,Ya,Ya,Ya,Ya,Ya,Tidak,Tidak,Ya,Ya,Tidak
4126,Kos Permata Surabaya 4126,Surabaya,Tegalsari,700000,Putri,Ya,Tidak,Ya,Ya,Ya,Ya,Tidak,Ya,Tidak,Tidak,Tidak,Tidak,Ya
4127,Kos Melati Surabaya 4127,Surabaya,Tegalsari,1100000,Putri,Ya,Ya,Ya,Ya,Ya,Ya,Ya,Ya,Ya,Ya,Tidak,Ya,Tidak
4128,Kos Amanah Surabaya 4128,Surabaya,Mulyorejo,1800000,Campur,Ya,Ya,Tidak,Ya,Ya,Tidak,Ya,Ya,Tidak,Tidak,Tidak,Ya,Ya
4129,Kos Mawar Surabaya 4129,Surabaya,Wonokromo,2100000,Campur,Ya,Tidak,Ya,Ya,Ya,Tidak,Ya,Ya,Tidak,Ya,Ya,Ya,Ya
4130,Kos Puspa Surabaya 4130,Surabaya,Wonokromo,1950000,Putri,Ya,Ya,Ya,Ya,Ya,Ya,Tidak,Ya,Tidak,Ya,Tidak,Tidak,Ya
4131,Kos Sakura Surabaya 4131,Surabaya,Mulyorejo,1750000,Campur,Ya,Ya,Tidak,Ya,Ya,Ya,Tidak,Tidak,Tidak,Ya,Ya,Ya,Ya
4132,Kos Melati Surabaya 4132,Surabaya,Sukolilo,1850000,Campur,Tidak,Ya,Tidak,Ya,Ya,Tidak,Ya,Ya,Tidak,Ya,Ya,Tidak,Tidak
4133,Kos Permata Surabaya 4133,Surabaya,Wonokromo,950000,Campur,Ya,Tidak,Tidak,Ya,Ya,Tidak,Tidak,Ya,Tidak,Tidak,Tidak,Ya,Ya
4134,Kos Permata Surabaya 4134,Surabaya,Sukolilo,1100000,Campur,Ya,Ya,Ya,Ya,Ya,Tidak,Ya,Ya,Tidak,Tidak,Ya,Ya,Ya
4135,Kos Wijaya Surabaya 4135,Surabaya,Rungkut,1250000,Putri,Ya,Ya,Tidak,Ya,Ya,Tidak,Ya,Ya,Tidak,Tidak,Ya,Tidak,Ya
4136,Kos Sakura Surabaya 4136,Surabaya,Mulyorejo,1150000,Campur,Ya,Ya,Ya,Ya,Ya,Ya,Ya,Ya,Tidak,Ya,Tidak,Tidak,Ya
4137,Kos Puspa Surabaya 4137,Surabaya,Tegalsari,1850000,Putri,Ya,Ya,Ya,Ya,Ya,Ya,Tidak,Ya,Ya,Tidak,Ya,Ya,Ya
4138,Kos Anggrek Surabaya 4138,Surabaya,Rungkut,1400000,Putra,Ya,Ya,Tidak,Ya,Ya,Tidak,Ya,Tidak,Tidak,Tidak,Ya,Ya,Ya
4139,Kos Anggrek Surabaya 4139,Surabaya,Rungkut,1350000,Putri,Ya,Ya,Tidak,Ya,Ya,Tidak,Ya,Ya,Ya,Ya,Ya,Ya,Tidak
4140,Kos Puspa Surabaya 4140,Surabaya,Wonokromo,2500000,Campur,Ya,Tidak,Ya,Ya,Ya,Ya,Ya,Ya,Tidak,Tidak,Ya,Tidak,Ya
4141,Kos Wijaya Surabaya 4141,Surabaya,Sukolilo,1050000,Putri,Ya,Ya,Ya,Ya,Tidak,Ya,Ya,Ya,Tidak,Tidak,Tidak,Ya,Ya
4142,Kos Permata Surabaya 4142,Surabaya,Tegalsari,1050000,Putri,Ya,Tidak,Ya,Ya,Ya,Ya,Ya,Ya,Tidak,Ya,Tidak,Ya,Ya
4143,Kos Permata Surabaya 4143,Surabaya,Wonokromo,2200000,Putra,Tidak,Ya,Ya,Ya,Ya,Ya,Tidak,Ya,Tidak,Ya,Ya,Ya,Ya
4144,Kos Mawar Surabaya 4144,Surabaya,Sukolilo,1000000,Putra,Ya,Ya,Tidak,Ya,Ya,Ya,Ya,Ya,Ya,Ya,Ya,Ya,Ya
4145,Kos Amanah Surabaya 4145,Surabaya,Tegalsari,950000,Putra,Ya,Ya,Tidak,Ya,Ya,Ya,Tidak,Ya,Tidak,Ya,Ya,Ya,Ya
4146,Kos Kenanga Surabaya 4146,Surabaya,Rungkut,1450000,Putra,Ya,Ya,Tidak,Ya,Ya,Ya,Tidak,Ya,Tidak,Ya,Tidak,Ya,Ya
4147,Kos Amanah Surabaya 4147,Surabaya,Rungkut,2200000,Campur,Ya,Ya,Tidak,Ya,Ya,Ya,Tidak,Ya,Tidak,Ya,Ya,Ya,Ya
4148,Kos Cendana Surabaya 4148,Surabaya,Wonokromo,2000000,Putra,Ya,Ya,Ya,Ya,Ya,Tidak,Tidak,Tidak,Tidak,Ya,Tidak,Ya,Tidak
4149,Kos Wijaya Surabaya 4149,Surabaya,Mulyorejo,2100000,Putra,Ya,Tidak,Ya,Ya,Ya,Tidak,Tidak,Ya,Tidak,Ya,Tidak,Tidak,Tidak
4150,Kos Puspa Surabaya 4150,Surabaya,Tegalsari,2500000,Putra,Tidak,Ya,Ya,Ya,Ya,Ya,Tidak,Ya,Tidak,Ya,Ya,Ya,Ya
4151,Kos Sakura Surabaya 4151,Surabaya,Rungkut,1500000,Putra,Ya,Ya,Tidak,Ya,Ya,Ya,Tidak,Ya,Tidak,Tidak,Ya,Ya,Ya
4152,Kos Nusantara Surabaya 4152,Surabaya,Sukolilo,1100000,Putra,Ya,Tidak,Ya,Ya,Ya,Tidak,Ya,Ya,Tidak,Ya,Tidak,Tidak,Tidak
4153,Kos Kenanga Surabaya 4153,Surabaya,Wonokromo,850000,Putra,Tidak,Ya,Ya,Ya,Ya,Tidak,Tidak,Tidak,Ya,Ya,Tidak,Ya,Ya
4154,Kos Melati Surabaya 4154,Surabaya,Sukolilo,700000,Putri,Ya,Ya,Ya,Ya,Ya,Tidak,Ya,Ya,Tidak,Tidak,Ya,Ya,Ya
4155,Kos Amanah Surabaya 4155,Surabaya,Mulyorejo,2100000,Putri,Ya,Tidak,Tidak,Ya,Ya,Tidak,Tidak,Ya,Ya,Ya,Tidak,Ya,Ya
4156,Kos Cendana Surabaya 4156,Surabaya,Wonokromo,900000,Putri,Ya,Tidak,Ya,Ya,Ya,Ya,Ya,Ya,Tidak,Ya,Tidak,Tidak,Ya
4157,Kos Harmoni Surabaya 4157,Surabaya,Rungkut,1850000,Putri,Ya,Tidak,Tidak,Ya,Ya,Ya,Ya,Ya,Tidak,Tidak,Ya,Ya,Ya
4158,Kos Amanah Surabaya 4158,Surabaya,Rungkut,1700000,Putri,Tidak,Ya,Tidak,Ya,Ya,Tidak,Ya,Ya,Tidak,Ya,Tidak,Ya,Ya
4159,Kos Harmoni Surabaya 4159,Surabaya,Wonokromo,800000,Putri,Tidak,Ya,Tidak,Ya,Ya,Ya,Ya,Ya,Tidak,Ya,Ya,Ya,Ya
4160,Kos Mawar Surabaya 4160,Surabaya,Sukolilo,2300000,Putri,Tidak,Ya,Tidak,Ya,Ya,Ya,Tidak,Tidak,Ya,Ya,Tidak,Ya,Tidak
4161,Kos Melati Surabaya 4161,Surabaya,Sukolilo,1800000,Putri,Ya,Ya,Tidak,Ya,Ya,Ya,Ya,Ya,Tidak,Ya,Tidak,Ya,Ya
4162,Kos Wijaya Surabaya 4162,Surabaya,Wonokromo,1200000,Campur,Ya,Ya,Ya,Ya,Ya,Tidak,Tidak,Ya,Tidak,Tidak,Ya,Ya,Tidak
4163,Kos Melati Surabaya 4163,Surabaya,Wonokromo,750000,Putri,Ya,Ya,Tidak,Ya,Ya,Tidak,Tidak,Ya,Tidak,Tidak,Tidak,Ya,Ya
4164,Kos Melati Surabaya 4164,Surabaya,Tegalsari,1250000,Putri,Tidak,Ya,Tidak,Ya,Ya,Ya,Ya,Ya,Tidak,Tidak,Ya,Tidak,Ya
4165,Kos Melati Surabaya 4165,Surabaya,Wonokromo,2100000,Putra,Ya,Tidak,Ya,Ya,Ya,Ya,Tidak,Ya,Tidak,Ya,Ya,Ya,Tidak
4166,Kos Wijaya Surabaya 4166,Surabaya,Tegalsari,1350000,Campur,Ya,Ya,Tidak,Ya,Ya,Ya,Ya,Ya,Ya,Tidak,Tidak,Ya,Ya
4167,Kos Permata Surabaya 4167,Surabaya,Sukolilo,1100000,Putra,Tidak,Tidak,Tidak,Ya,Ya,Ya,Ya,Ya,Tidak,Tidak,Ya,Ya,Ya
4168,Kos Nusantara Surabaya 4168,Surabaya,Rungkut,2350000,Putri,Ya,Tidak,Tidak,Ya,Ya,Ya,Ya,Ya,Tidak,Tidak,Tidak,Ya,Ya
4169,Kos Puspa Surabaya 4169,Surabaya,Mulyorejo,900000,Putri,Tidak,Tidak,Ya,Ya,Tidak,Tidak,Ya,Ya,Tidak,Ya,Ya,Ya,Ya
4170,Kos Mawar Surabaya 4170,Surabaya,Mulyorejo,900000,Putri,Ya,Tidak,Ya,Ya,Ya,Tidak,Ya,Ya,Ya,Tidak,Ya,Tidak,Ya
4171,Kos Harmoni Surabaya 4171,Surabaya,Wonokromo,2000000,Campur,Ya,Ya,Tidak,Ya,Ya,Tidak,Ya,Ya,Tidak,Ya,Tidak,Ya,Ya
4172,Kos Puspa Surabaya 4172,Surabaya,Rungkut,1450000,Putra,Ya,Tidak,Ya,Ya,Ya,Tidak,Ya,Ya,Tidak,Ya,Ya,Ya,Ya
4173,Kos Mawar Surabaya 4173,Surabaya,Rungkut,1900000,Putra,Tidak,Ya,Tidak,Ya,Ya,Ya,Tidak,Ya,Tidak,Ya,Tidak,Ya,Ya
4174,Kos Nusantara Surabaya 4174,Surabaya,Rungkut,2000000,Putra,Tidak,Ya,Tidak,Ya,Ya,Ya,Tidak,Ya,Tidak,Tidak,Ya,Ya,Ya
4175,Kos Harmoni Surabaya 4175,Surabaya,Tegalsari,1350000,Putri,Ya,Ya,Ya,Ya,Ya,Ya,Ya,Ya,Tidak,Tidak,Tidak,Ya,Ya
4176,Kos Cendana Surabaya 4176,Surabaya,Rungkut,1900000,Campur,Ya,Ya,Ya,Ya,Ya,Ya,Tidak,Ya,Ya,Tidak,Tidak,Ya,Ya
4177,Kos Mawar Surabaya 4177,Surabaya,Wonokromo,1350000,Campur,Tidak,Ya,Ya,Ya,Ya,Ya,Tidak,Ya,Tidak,Tidak,Tidak,Ya,Tidak
4178,Kos Sakura Surabaya 4178,Surabaya,Rungkut,750000,Putri,Ya,Tidak,Ya,Ya,Ya,Ya,Tidak,Ya,Tidak,Ya,Tidak,Ya,Ya
4179,Kos Wijaya Surabaya 4179,Surabaya,Wonokromo,2500000,Putra,Ya,Ya,Ya,Ya,Ya,Ya,Tidak,Ya,Tidak,Ya,Tidak,Ya,Ya
4180,Kos Melati Surabaya 4180,Surabaya,Tegalsari,850000,Putra,Ya,Tidak,Tidak,Ya,Ya,Tidak,Tidak,Ya,Tidak,Ya,Ya,Tidak,Ya
4181,Kos Nusantara Surabaya 4181,Surabaya,Sukolilo,2150000,Campur,Ya,Ya,Ya,Ya,Tidak,Ya,Tidak,Ya,Tidak,Ya,Ya,Ya,Tidak
4182,Kos Puspa Surabaya 4182,Surabaya,Wonokromo,1050000,Putri,Tidak,Ya,Ya,Ya,Ya,Ya,Ya,Tidak,Tidak,Tidak,Tidak,Ya,Ya
4183,Kos Kenanga Surabaya 4183,Surabaya,Rungkut,1650000,Campur,Ya,Ya,Tidak,Ya,Ya,Tidak,Ya,Tidak,Ya,Ya,Tidak,Ya,Ya
4184,Kos Nusantara Surabaya 4184,Surabaya,Wonokromo,1700000,Putri,Ya,Ya,Tidak,Ya,Ya,Ya,Ya,Ya,Tidak,Tidak,Ya,Ya,Ya
4185,Kos Anggrek Surabaya 4185,Surabaya,Wonokromo,1750000,Putra,Ya,Ya,Ya,Ya,Ya,Ya,Tidak,Ya,Tidak,Tidak,Ya,Ya,Ya
4186,Kos Mawar Surabaya 4186,Surabaya,Mulyorejo,700000,Putri,Ya,Tidak,Ya,Ya,Ya,Ya,Tidak,Tidak,Ya,Tidak,Ya,Ya,Tidak
4187,Kos Anggrek Surabaya 4187,Surabaya,Rungkut,1500000,Putri,Ya,Ya,Ya,Ya,Ya,Ya,Ya,Ya,Ya,Ya,Tidak,Tidak,Tidak
4188,Kos Wijaya Surabaya 4188,Surabaya,Mulyorejo,2300000,Putra,Ya,Tidak,Ya,Ya,Ya,Ya,Ya,Ya,Tidak,Ya,Tidak,Ya,Ya
4189,Kos Kenanga Surabaya 4189,Surabaya,Tegalsari,1550000,Campur,Tidak,Tidak,Tidak,Ya,Ya,Ya,Ya,Ya,Tidak,Tidak,Tidak,Tidak,Tidak
4190,Kos Sakura Surabaya 4190,Surabaya,Mulyorejo,1700000,Putri,Ya,Ya,Tidak,Ya,Ya,Ya,Ya,Ya,Tidak,Tidak,Tidak,Ya,Ya
4191,Kos Amanah Surabaya 4191,Surabaya,Sukolilo,850000,Putra,Tidak,Ya,Tidak,Ya,Ya,Tidak,Tidak,Ya,Tidak,Ya,Tidak,Ya,Ya
4192,Kos Nusantara Surabaya 4192,Surabaya,Mulyorejo,2000000,Putra,Ya,Tidak,Ya,Ya,Tidak,Tidak,Tidak,Ya,Ya,Tidak,Tidak,Ya,Ya
4193,Kos Kenanga Surabaya 4193,Surabaya,Mulyorejo,1150000,Putra,Ya,Ya,Ya,Ya,Ya,Tidak,Ya,Ya,Ya,Tidak,Ya,Tidak,Ya
4194,Kos Anggrek Surabaya 4194,Surabaya,Rungkut,1900000,Putra,Ya,Ya,Ya,Ya,Ya,Ya,Ya,Ya,Tidak,Ya,Tidak,Ya,Ya
4195,Kos Nusantara Surabaya 4195,Surabaya,Sukolilo,1750000,Putra,Ya,Ya,Ya,Ya,Ya,Tidak,Tidak,Ya,Ya,Ya,Ya,Ya,Ya
4196,Kos Sakura Surabaya 4196,Surabaya,Rungkut,1000000,Putra,Ya,Tidak,Ya,Ya,Ya,Ya,Tidak,Ya,Ya,Ya,Ya,Tidak,Tidak
4197,Kos Wijaya Surabaya 4197,Surabaya,Mulyorejo,2450000,Campur,Ya,Tidak,Ya,Ya,Ya,Ya,Ya,Ya,Ya,Ya,Tidak,Ya,Ya
4198,Kos Wijaya Surabaya 4198,Surabaya,Tegalsari,1200000,Putra,Ya,Ya,Tidak,Ya,Ya,Ya,Tidak,Ya,Tidak,Ya,Tidak,Tidak,Ya
4199,Kos Permata Surabaya 4199,Surabaya,Sukolilo,850000,Putra,Ya,Ya,Ya,Ya,Ya,Ya,Ya,Ya,Ya,Ya,Tidak,Ya,Tidak
4200,Kos Permata Surabaya 4200,Surabaya,Tegalsari,1600000,Putri,Ya,Ya,Tidak,Ya,Ya,Ya,Ya,Ya,Tidak,Tidak,Ya,Ya,Ya
4201,Kos Permata Surabaya 4201,Surabaya,Wonokromo,1500000,Campur,Ya,Ya,Tidak,Ya,Tidak,Ya,Ya,Ya,Tidak,Tidak,Tidak,Ya,Ya
4202,Kos Mawar Surabaya 4202,Surabaya,Rungkut,1600000,Putra,Ya,Ya,Ya,Ya,Ya,Ya,Ya,Ya,Tidak,Ya,Tidak,Ya,Ya
4203,Kos Puspa Surabaya 4203,Surabaya,Wonokromo,800000,Putra,Ya,Ya,Ya,Ya,Ya,Ya,Tidak,Ya,Tidak,Ya,Tidak,Tidak,Ya
4204,Kos Amanah Surabaya 4204,Surabaya,Rungkut,1200000,Campur,Ya,Ya,Tidak,Ya,Ya,Tidak,Ya,Ya,Tidak,Tidak,Ya,Ya,Ya
4205,Kos Amanah Surabaya 4205,Surabaya,Wonokromo,1850000,Putri,Ya,Ya,Tidak,Ya,Ya,Ya,Ya,Ya,Tidak,Tidak,Ya,Ya,Ya
4206,Kos Permata Surabaya 4206,Surabaya,Tegalsari,1800000,Putri,Ya,Ya,Ya,Ya,Ya,Ya,Tidak,Ya,Tidak,Ya,Tidak,Ya,Ya
4207,Kos Harmoni Surabaya 4207,Surabaya,Sukolilo,1150000,Putra,Ya,Ya,Ya,Ya,Ya,Ya,Ya,Tidak,Ya,Ya,Tidak,Ya,Ya
4208,Kos Wijaya Surabaya 4208,Surabaya,Rungkut,1250000,Putra,Ya,Ya,Ya,Ya,Ya,Ya,Ya,Ya,Tidak,Ya,Tidak,Ya,Ya
4209,Kos Puspa Surabaya 4209,Surabaya,Tegalsari,2300000,Campur,Ya,Ya,Ya,Ya,Ya,Ya,Tidak,Ya,Tidak,Ya,Ya,Ya,Ya
4210,Kos Nusantara Surabaya 4210,Surabaya,Sukolilo,750000,Putri,Tidak,Tidak,Tidak,Ya,Ya,Ya,Tidak,Ya,Tidak,Tidak,Ya,Tidak,Tidak
4211,Kos Amanah Surabaya 4211,Surabaya,Rungkut,1500000,Campur,Ya,Tidak,Tidak,Ya,Ya,Ya,Ya,Ya,Tidak,Tidak,Tidak,Ya,Tidak
4212,Kos Amanah Surabaya 4212,Surabaya,Wonokromo,1650000,Putri,Ya,Ya,Tidak,Ya,Ya,Ya,Tidak,Ya,Ya,Tidak,Ya,Tidak,Ya
4213,Kos Nusantara Surabaya 4213,Surabaya,Wonokromo,1150000,Campur,Ya,Tidak,Ya,Ya,Ya,Tidak,Ya,Ya,Tidak,Ya,Ya,Ya,Ya
4214,Kos Kenanga Surabaya 4214,Surabaya,Tegalsari,1100000,Putri,Ya,Ya,Tidak,Ya,Ya,Ya,Ya,Ya,Tidak,Tidak,Ya,Ya,Ya
4215,Kos Mawar Surabaya 4215,Surabaya,Wonokromo,1550000,Putri,Ya,Ya,Tidak,Ya,Ya,Ya,Ya,Tidak,Tidak,Tidak,Tidak,Ya,Tidak
4216,Kos Melati Surabaya 4216,Surabaya,Wonokromo,850000,Campur,Ya,Ya,Tidak,Ya,Ya,Tidak,Tidak,Ya,Tidak,Tidak,Tidak,Ya,Tidak
4217,Kos Wijaya Surabaya 4217,Surabaya,Wonokromo,1800000,Campur,Ya,Ya,Tidak,Ya,Ya,Ya,Tidak,Ya,Ya,Tidak,Tidak,Tidak,Tidak
4218,Kos Anggrek Surabaya 4218,Surabaya,Wonokromo,2300000,Putra,Ya,Ya,Ya,Ya,Ya,Ya,Ya,Ya,Tidak,Tidak,Ya,Tidak,Ya
4219,Kos Kenanga Surabaya 4219,Surabaya,Wonokromo,2450000,Campur,Tidak,Tidak,Ya,Ya,Ya,Tidak,Ya,Ya,Tidak,Ya,Ya,Ya,Ya
4220,Kos Harmoni Surabaya 4220,Surabaya,Mulyorejo,1350000,Putri,Ya,Tidak,Ya,Ya,Ya,Tidak,Ya,Ya,Tidak,Tidak,Ya,Ya,Tidak
4221,Kos Anggrek Surabaya 4221,Surabaya,Sukolilo,2150000,Campur,Ya,Ya,Ya,Ya,Ya,Ya,Ya,Tidak,Tidak,Tidak,Ya,Ya,Ya
4222,Kos Sakura Surabaya 4222,Surabaya,Sukolilo,1950000,Putri,Ya,Ya,Ya,Ya,Ya,Ya,Tidak,Ya,Tidak,Ya,Tidak,Ya,Ya
4223,Kos Cendana Surabaya 4223,Surabaya,Wonokromo,1100000,Putra,Ya,Tidak,Ya,Ya,Ya,Ya,Ya,Ya,Ya,Tidak,Ya,Ya,Tidak
4224,Kos Anggrek Surabaya 4224,Surabaya,Wonokromo,2400000,Putri,Ya,Ya,Ya,Ya,Ya,Tidak,Ya,Ya,Tidak,Tidak,Tidak,Ya,Ya
4225,Kos Cendana Surabaya 4225,Surabaya,Sukolilo,1300000,Putri,Ya,Tidak,Ya,Ya,Ya,Ya,Tidak,Ya,Tidak,Ya,Tidak,Tidak,Tidak
4226,Kos Sakura Surabaya 4226,Surabaya,Wonokromo,1550000,Campur,Ya,Tidak,Tidak,Ya,Ya,Ya,Ya,Ya,Ya,Ya,Tidak,Ya,Ya
4227,Kos Amanah Surabaya 4227,Surabaya,Tegalsari,2100000,Campur,Ya,Ya,Ya,Ya,Ya,Ya,Ya,Ya,Tidak,Tidak,Ya,Ya,Ya
4228,Kos Nusantara Surabaya 4228,Surabaya,Sukolilo,1300000,Putra,Ya,Ya,Tidak,Ya,Ya,Ya,Ya,Ya,Ya,Tidak,Tidak,Tidak,Tidak
4229,Kos Melati Surabaya 4229,Surabaya,Wonokromo,1800000,Putra,Ya,Ya,Ya,Ya,Ya,Tidak,Ya,Ya,Tidak,Tidak,Tidak,Tidak,Ya
4230,Kos Amanah Surabaya 4230,Surabaya,Mulyorejo,2200000,Putra,Tidak,Ya,Ya,Ya,Ya,Ya,Ya,Ya,Tidak,Tidak,Tidak,Ya,Ya
4231,Kos Sakura Surabaya 4231,Surabaya,Mulyorejo,1800000,Putri,Ya,Tidak,Ya,Ya,Ya,Tidak,Ya,Ya,Tidak,Tidak,Ya,Ya,Tidak
4232,Kos Melati Surabaya 4232,Surabaya,Tegalsari,1700000,Putra,Ya,Ya,Ya,Ya,Tidak,Ya,Ya,Ya,Tidak,Ya,Ya,Tidak,Ya
4233,Kos Anggrek Surabaya 4233,Surabaya,Sukolilo,1400000,Putra,Tidak,Ya,Tidak,Ya,Ya,Ya,Tidak,Ya,Tidak,Ya,Tidak,Ya,Ya
4234,Kos Wijaya Surabaya 4234,Surabaya,Rungkut,1900000,Campur,Ya,Tidak,Ya,Ya,Ya,Tidak,Tidak,Ya,Tidak,Tidak,Tidak,Tidak,Ya
4235,Kos Cendana Surabaya 4235,Surabaya,Mulyorejo,2450000,Putri,Ya,Tidak,Ya,Ya,Ya,Ya,Ya,Ya,Tidak,Ya,Ya,Tidak,Ya
4236,Kos Harmoni Surabaya 4236,Surabaya,Wonokromo,1350000,Putri,Ya,Ya,Ya,Ya,Ya,Ya,Ya,Ya,Tidak,Tidak,Tidak,Ya,Tidak
4237,Kos Permata Surabaya 4237,Surabaya,Rungkut,1050000,Putri,Ya,Ya,Ya,Ya,Ya,Ya,Ya,Ya,Tidak,Ya,Tidak,Ya,Ya
4238,Kos Anggrek Surabaya 4238,Surabaya,Tegalsari,800000,Campur,Tidak,Tidak,Ya,Ya,Ya,Ya,Ya,Ya,Tidak,Ya,Tidak,Ya,Ya
4239,Kos Permata Surabaya 4239,Surabaya,Tegalsari,1500000,Putra,Ya,Tidak,Tidak,Ya,Ya,Ya,Tidak,Tidak,Ya,Ya,Tidak,Ya,Ya
4240,Kos Melati Surabaya 4240,Surabaya,Tegalsari,750000,Campur,Ya,Tidak,Ya,Ya,Ya,Tidak,Tidak,Ya,Tidak,Tidak,Ya,Ya,Ya
4241,Kos Anggrek Surabaya 4241,Surabaya,Wonokromo,850000,Campur,Ya,Tidak,Tidak,Ya,Ya,Ya,Ya,Ya,Ya,Ya,Tidak,Tidak,Ya
4242,Kos Sakura Surabaya 4242,Surabaya,Wonokromo,1550000,Campur,Ya,Tidak,Ya,Ya,Ya,Ya,Ya,Ya,Tidak,Ya,Tidak,Ya,Ya
4243,Kos Sakura Surabaya 4243,Surabaya,Tegalsari,2000000,Putri,Ya,Tidak,Tidak,Ya,Ya,Ya,Tidak,Ya,Tidak,Tidak,Ya,Ya,Ya
4244,Kos Mawar Surabaya 4244,Surabaya,Tegalsari,1050000,Putra,Ya,Ya,Ya,Ya,Ya,Ya,Ya,Ya,Ya,Ya,Tidak,Ya,Ya
4245,Kos Kenanga Surabaya 4245,Surabaya,Rungkut,1800000,Putra,Ya,Ya,Ya,Ya,Tidak,Tidak,Ya,Tidak,Ya,Ya,Tidak,Tidak,Ya
4246,Kos Sakura Surabaya 4246,Surabaya,Wonokromo,1200000,Campur,Ya,Ya,Tidak,Ya,Ya,Tidak,Ya,Ya,Tidak,Tidak,Tidak,Ya,Ya
4247,Kos Mawar Surabaya 4247,Surabaya,Sukolilo,1300000,Campur,Ya,Tidak,Tidak,Ya,Ya,Ya,Ya,Ya,Ya,Ya,Ya,Ya,Ya
4248,Kos Cendana Surabaya 4248,Surabaya,Tegalsari,1050000,Putra,Ya,Ya,Ya,Ya,Ya,Ya,Tidak,Tidak,Tidak,Ya,Tidak,Ya,Ya
4249,Kos Wijaya Surabaya 4249,Surabaya,Sukolilo,850000,Putri,Ya,Ya,Tidak,Ya,Ya,Ya,Tidak,Ya,Ya,Tidak,Ya,Tidak,Ya
4250,Kos Cendana Surabaya 4250,Surabaya,Sukolilo,1300000,Putra,Ya,Ya,Tidak,Ya,Ya,Tidak,Tidak,Ya,Tidak,Ya,Ya,Ya,Ya
4251,Kos Kenanga Surabaya 4251,Surabaya,Tegalsari,950000,Putri,Ya,Ya,Tidak,Ya,Ya,Tidak,Tidak,Ya,Ya,Ya,Ya,Ya,Ya
4252,Kos Permata Surabaya 4252,Surabaya,Sukolilo,1700000,Campur,Ya,Ya,Ya,Ya,Ya,Ya,Ya,Ya,Tidak,Ya,Ya,Ya,Ya
4253,Kos Cendana Surabaya 4253,Surabaya,Wonokromo,1500000,Putra,Ya,Ya,Tidak,Ya,Ya,Tidak,Tidak,Ya,Tidak,Ya,Ya,Ya,Tidak
4254,Kos Kenanga Surabaya 4254,Surabaya,Tegalsari,1000000,Putra,Ya,Ya,Ya,Ya,Ya,Ya,Ya,Ya,Tidak,Tidak,Ya,Ya,Ya
4255,Kos Wijaya Surabaya 4255,Surabaya,Mulyorejo,2100000,Campur,Ya,Ya,Tidak,Ya,Ya,Ya,Tidak,Ya,Tidak,Ya,Tidak,Ya,Ya
4256,Kos Permata Surabaya 4256,Surabaya,Mulyorejo,1800000,Putri,Ya,Ya,Tidak,Ya,Ya,Ya,Tidak,Ya,Tidak,Tidak,Ya,Ya,Ya
4257,Kos Anggrek Surabaya 4257,Surabaya,Rungkut,1150000,Campur,Ya,Ya,Tidak,Ya,Tidak,Tidak,Ya,Ya,Tidak,Ya,Tidak,Ya,Ya
4258,Kos Mawar Surabaya 4258,Surabaya,Rungkut,1400000,Putri,Ya,Tidak,Tidak,Ya,Ya,Tidak,Tidak,Ya,Tidak,Tidak,Tidak,Ya,Tidak
4259,Kos Amanah Surabaya 4259,Surabaya,Tegalsari,2000000,Putri,Ya,Ya,Tidak,Ya,Ya,Ya,Ya,Ya,Tidak,Tidak,Tidak,Ya,Ya
4260,Kos Nusantara Surabaya 4260,Surabaya,Sukolilo,2100000,Putra,Ya,Tidak,Tidak,Ya,Ya,Tidak,Tidak,Ya,Tidak,Tidak,Tidak,Ya,Ya
4261,Kos Wijaya Surabaya 4261,Surabaya,Tegalsari,1500000,Putri,Ya,Ya,Tidak,Ya,Ya,Tidak,Tidak,Ya,Tidak,Tidak,Ya,Ya,Ya
4262,Kos Amanah Surabaya 4262,Surabaya,Tegalsari,2300000,Putra,Ya,Ya,Ya,Ya,Ya,Tidak,Ya,Ya,Tidak,Ya,Tidak,Ya,Ya
4263,Kos Kenanga Surabaya 4263,Surabaya,Wonokromo,1350000,Putri,Ya,Tidak,Ya,Ya,Ya,Ya,Ya,Ya,Tidak,Ya,Tidak,Ya,Tidak
4264,Kos Kenanga Surabaya 4264,Surabaya,Mulyorejo,1100000,Putra,Ya,Tidak,Tidak,Ya,Ya,Tidak,Ya,Ya,Tidak,Tidak,Ya,Ya,Ya
4265,Kos Harmoni Surabaya 4265,Surabaya,Mulyorejo,1350000,Putri,Ya,Ya,Ya,Ya,Ya,Ya,Ya,Ya,Ya,Tidak,Ya,Ya,Tidak
4266,Kos Cendana Surabaya 4266,Surabaya,Rungkut,850000,Campur,Ya,Tidak,Ya,Ya,Ya,Ya,Ya,Ya,Tidak,Ya,Tidak,Ya,Tidak
4267,Kos Harmoni Surabaya 4267,Surabaya,Rungkut,1000000,Putri,Ya,Ya,Tidak,Ya,Ya,Ya,Tidak,Ya,Ya,Ya,Tidak,Ya,Ya
4268,Kos Harmoni Surabaya 4268,Surabaya,Mulyorejo,2400000,Putra,Ya,Tidak,Tidak,Ya,Ya,Ya,Ya,Ya,Tidak,Tidak,Tidak,Tidak,Ya
4269,Kos Puspa Surabaya 4269,Surabaya,Mulyorejo,1750000,Putri,Tidak,Ya,Tidak,Ya,Ya,Ya,Ya,Ya,Ya,Tidak,Tidak,Ya,Tidak
4270,Kos Amanah Surabaya 4270,Surabaya,Wonokromo,850000,Putra,Ya,Ya,Tidak,Ya,Ya,Tidak,Ya,Ya,Tidak,Ya,Ya,Tidak,Tidak
4271,Kos Puspa Malang 4271,Malang,Lowokwaru,1450000,Putra,Ya,Ya,Ya,Ya,Ya,Ya,Ya,Ya,Tidak,Ya,Ya,Ya,Tidak
4272,Kos Mawar Malang 4272,Malang,Lowokwaru,850000,Campur,Ya,Tidak,Ya,Ya,Ya,Ya,Ya,Ya,Tidak,Ya,Ya,Ya,Ya
4273,Kos Permata Malang 4273,Malang,Sukun,800000,Putra,Ya,Tidak,Tidak,Ya,Ya,Ya,Ya,Ya,Tidak,Tidak,Ya,Ya,Tidak
4274,Kos Mawar Malang 4274,Malang,Klojen,700000,Putra,Ya,Tidak,Tidak,Ya,Ya,Ya,Ya,Ya,Ya,Ya,Tidak,Ya,Tidak
4275,Kos Melati Malang 4275,Malang,Kedungkandang,1000000,Campur,Ya,Ya,Tidak,Ya,Ya,Ya,Tidak,Ya,Tidak,Tidak,Tidak,Ya,Tidak
4276,Kos Permata Malang 4276,Malang,Lowokwaru,1500000,Putra,Ya,Tidak,Ya,Ya,Ya,Ya,Ya,Ya,Tidak,Tidak,Ya,Ya,Tidak
4277,Kos Cendana Malang 4277,Malang,Lowokwaru,1700000,Putra,Tidak,Ya,Tidak,Ya,Ya,Ya,Ya,Ya,Ya,Tidak,Tidak,Tidak,Ya
4278,Kos Kenanga Malang 4278,Malang,Blimbing,850000,Putri,Ya,Tidak,Tidak,Ya,Ya,Ya,Ya,Ya,Tidak,Ya,Tidak,Ya,Ya
4279,Kos Amanah Malang 4279,Malang,Klojen,1250000,Campur,Ya,Ya,Tidak,Ya,Ya,Ya,Tidak,Ya,Tidak,Tidak,Tidak,Ya,Tidak
4280,Kos Cendana Malang 4280,Malang,Klojen,1000000,Putri,Ya,Tidak,Tidak,Ya,Ya,Tidak,Ya,Ya,Tidak,Ya,Ya,Ya,Tidak
4281,Kos Melati Malang 4281,Malang,Klojen,1500000,Campur,Ya,Tidak,Ya,Ya,Ya,Ya,Tidak,Ya,Tidak,Tidak,Tidak,Ya,Ya
4282,Kos Sakura Malang 4282,Malang,Klojen,1250000,Putri,Ya,Tidak,Ya,Ya,Ya,Ya,Ya,Ya,Tidak,Ya,Tidak,Ya,Tidak
4283,Kos Wijaya Malang 4283,Malang,Kedungkandang,1650000,Putri,Ya,Ya,Tidak,Ya,Ya,Ya,Tidak,Ya,Tidak,Ya,Ya,Tidak,Ya
4284,Kos Kenanga Malang 4284,Malang,Kedungkandang,1000000,Putra,Ya,Ya,Ya,Ya,Ya,Tidak,Tidak,Ya,Tidak,Ya,Tidak,Ya,Ya
4285,Kos Amanah Malang 4285,Malang,Blimbing,700000,Putra,Ya,Tidak,Ya,Ya,Ya,Ya,Ya,Ya,Tidak,Tidak,Tidak,Ya,Tidak
4286,Kos Permata Malang 4286,Malang,Blimbing,1300000,Putra,Ya,Ya,Tidak,Ya,Ya,Ya,Ya,Ya,Tidak,Tidak,Tidak,Ya,Ya
4287,Kos Harmoni Malang 4287,Malang,Blimbing,1350000,Putra,Ya,Ya,Tidak,Ya,Tidak,Ya,Ya,Ya,Ya,Tidak,Ya,Ya,Ya
4288,Kos Harmoni Malang 4288,Malang,Lowokwaru,1150000,Campur,Ya,Tidak,Tidak,Ya,Ya,Ya,Ya,Ya,Ya,Ya,Ya,Ya,Ya
4289,Kos Mawar Malang 4289,Malang,Klojen,1400000,Putra,Ya,Tidak,Tidak,Ya,Ya,Ya,Ya,Ya,Tidak,Tidak,Ya,Ya,Ya
4290,Kos Cendana Malang 4290,Malang,Kedungkandang,1350000,Putri,Ya,Tidak,Ya,Ya,Ya,Tidak,Tidak,Ya,Tidak,Tidak,Ya,Tidak,Tidak
4291,Kos Wijaya Malang 4291,Malang,Lowokwaru,1600000,Putri,Ya,Ya,Tidak,Ya,Ya,Tidak,Ya,Ya,Ya,Tidak,Tidak,Ya,Ya
4292,Kos Puspa Malang 4292,Malang,Sukun,1150000,Campur,Ya,Ya,Tidak,Ya,Ya,Tidak,Ya,Ya,Ya,Tidak,Ya,Tidak,Tidak
4293,Kos Amanah Malang 4293,Malang,Blimbing,1000000,Putra,Ya,Ya,Tidak,Ya,Ya,Ya,Ya,Ya,Ya,Ya,Tidak,Ya,Tidak
4294,Kos Kenanga Malang 4294,Malang,Klojen,700000,Putri,Ya,Ya,Ya,Ya,Ya,Ya,Ya,Ya,Tidak,Ya,Tidak,Ya,Ya
4295,Kos Sakura Malang 4295,Malang,Klojen,1300000,Putri,Ya,Tidak,Ya,Ya,Ya,Tidak,Tidak,Ya,Ya,Tidak,Ya,Ya,Tidak
4296,Kos Cendana Malang 4296,Malang,Blimbing,650000,Campur,Ya,Tidak,Tidak,Ya,Ya,Tidak,Tidak,Ya,Tidak,Ya,Ya,Tidak,Ya
4297,Kos Amanah Malang 4297,Malang,Klojen,1100000,Putri,Ya,Ya,Tidak,Ya,Ya,Ya,Tidak,Ya,Ya,Ya,Tidak,Ya,Tidak
4298,Kos Harmoni Malang 4298,Malang,Sukun,1450000,Putra,Ya,Tidak,Ya,Ya,Tidak,Tidak,Ya,Ya,Tidak,Tidak,Ya,Tidak,Tidak
4299,Kos Puspa Malang 4299,Malang,Kedungkandang,650000,Campur,Tidak,Ya,Tidak,Ya,Ya,Ya,Ya,Tidak,Tidak,Tidak,Ya,Tidak,Ya
4300,Kos Harmoni Malang 4300,Malang,Sukun,1700000,Putra,Ya,Ya,Ya,Ya,Ya,Ya,Ya,Ya,Tidak,Ya,Ya,Ya,Tidak
4301,Kos Nusantara Malang 4301,Malang,Sukun,1500000,Putra,Ya,Tidak,Ya,Ya,Ya,Ya,Ya,Ya,Tidak,Tidak,Tidak,Ya,Ya
4302,Kos Cendana Malang 4302,Malang,Blimbing,1050000,Putra,Ya,Ya,Tidak,Ya,Ya,Ya,Ya,Ya,Tidak,Ya,Tidak,Ya,Tidak
4303,Kos Puspa Malang 4303,Malang,Lowokwaru,1750000,Campur,Ya,Tidak,Ya,Ya,Ya,Tidak,Tidak,Ya,Ya,Tidak,Ya,Tidak,Ya
4304,Kos Nusantara Malang 4304,Malang,Lowokwaru,1600000,Campur,Ya,Ya,Ya,Ya,Ya,Ya,Ya,Ya,Ya,Tidak,Tidak,Ya,Tidak
4305,Kos Wijaya Malang 4305,Malang,Klojen,1050000,Putra,Ya,Tidak,Tidak,Ya,Ya,Ya,Ya,Ya,Tidak,Ya,Tidak,Ya,Tidak
4306,Kos Kenanga Malang 4306,Malang,Klojen,1100000,Campur,Ya,Ya,Tidak,Ya,Tidak,Ya,Ya,Ya,Ya,Ya,Ya,Tidak,Tidak
4307,Kos Cendana Malang 4307,Malang,Kedungkandang,1100000,Putra,Ya,Ya,Ya,Ya,Ya,Ya,Ya,Ya,Ya,Ya,Ya,Ya,Tidak
4308,Kos Kenanga Malang 4308,Malang,Blimbing,1600000,Putri,Ya,Tidak,Tidak,Ya,Ya,Ya,Tidak,Ya,Tidak,Ya,Tidak,Ya,Ya
4309,Kos Kenanga Malang 4309,Malang,Sukun,1550000,Putra,Tidak,Tidak,Ya,Ya,Ya,Ya,Ya,Ya,Tidak,Ya,Ya,Ya,Ya
4310,Kos Kenanga Malang 4310,Malang,Blimbing,1200000,Campur,Ya,Ya,Tidak,Ya,Ya,Tidak,Ya,Tidak,Tidak,Ya,Ya,Ya,Ya
4311,Kos Mawar Malang 4311,Malang,Blimbing,1050000,Campur,Ya,Tidak,Tidak,Ya,Ya,Ya,Ya,Ya,Tidak,Tidak,Tidak,Ya,Tidak
4312,Kos Sakura Malang 4312,Malang,Blimbing,1800000,Putra,Ya,Tidak,Tidak,Ya,Ya,Tidak,Ya,Ya,Tidak,Tidak,Ya,Tidak,Tidak
4313,Kos Permata Malang 4313,Malang,Klojen,1100000,Putra,Tidak,Tidak,Tidak,Ya,Ya,Ya,Ya,Tidak,Tidak,Ya,Tidak,Ya,Tidak
4314,Kos Amanah Malang 4314,Malang,Kedungkandang,1100000,Campur,Ya,Ya,Tidak,Ya,Ya,Ya,Ya,Ya,Tidak,Tidak,Tidak,Ya,Tidak
4315,Kos Anggrek Malang 4315,Malang,Lowokwaru,950000,Campur,Tidak,Tidak,Ya,Ya,Ya,Tidak,Ya,Ya,Tidak,Tidak,Ya,Tidak,Ya
4316,Kos Permata Malang 4316,Malang,Blimbing,1200000,Putri,Ya,Tidak,Ya,Ya,Ya,Ya,Ya,Ya,Tidak,Tidak,Ya,Ya,Tidak
4317,Kos Sakura Malang 4317,Malang,Lowokwaru,750000,Putra,Ya,Ya,Tidak,Ya,Ya,Ya,Ya,Ya,Tidak,Ya,Tidak,Ya,Ya
4318,Kos Amanah Malang 4318,Malang,Klojen,800000,Putra,Ya,Tidak,Tidak,Ya,Ya,Ya,Tidak,Ya,Tidak,Tidak,Ya,Ya,Ya
4319,Kos Melati Malang 4319,Malang,Blimbing,950000,Putra,Ya,Tidak,Tidak,Ya,Ya,Ya,Ya,Ya,Tidak,Ya,Ya,Ya,Ya
4320,Kos Anggrek Malang 4320,Malang,Lowokwaru,700000,Putra,Ya,Tidak,Ya,Ya,Ya,Ya,Ya,Ya,Ya,Tidak,Tidak,Ya,Ya
4321,Kos Melati Malang 4321,Malang,Klojen,1750000,Putri,Ya,Tidak,Tidak,Ya,Ya,Tidak,Ya,Ya,Ya,Ya,Ya,Ya,Ya
4322,Kos Anggrek Malang 4322,Malang,Klojen,1000000,Campur,Ya,Tidak,Ya,Ya,Ya,Tidak,Tidak,Ya,Tidak,Ya,Ya,Ya,Ya
4323,Kos Kenanga Malang 4323,Malang,Lowokwaru,1450000,Campur,Ya,Ya,Tidak,Ya,Tidak,Ya,Tidak,Ya,Tidak,Tidak,Ya,Tidak,Tidak
4324,Kos Melati Malang 4324,Malang,Kedungkandang,800000,Putri,Ya,Tidak,Tidak,Ya,Ya,Ya,Ya,Ya,Ya,Ya,Tidak,Ya,Tidak
4325,Kos Cendana Malang 4325,Malang,Sukun,850000,Putra,Ya,Tidak,Tidak,Ya,Ya,Ya,Ya,Ya,Ya,Ya,Tidak,Ya,Tidak
4326,Kos Amanah Malang 4326,Malang,Kedungkandang,1650000,Campur,Ya,Tidak,Ya,Ya,Ya,Tidak,Tidak,Ya,Tidak,Tidak,Ya,Ya,Tidak
4327,Kos Harmoni Malang 4327,Malang,Blimbing,1300000,Putri,Ya,Tidak,Tidak,Ya,Ya,Ya,Tidak,Ya,Tidak,Ya,Ya,Tidak,Tidak
4328,Kos Nusantara Malang 4328,Malang,Sukun,950000,Putra,Tidak,Ya,Ya,Ya,Ya,Tidak,Ya,Ya,Tidak,Tidak,Tidak,Tidak,Ya
4329,Kos Sakura Malang 4329,Malang,Sukun,750000,Putri,Ya,Ya,Tidak,Ya,Ya,Ya,Ya,Tidak,Tidak,Tidak,Tidak,Ya,Ya
4330,Kos Puspa Malang 4330,Malang,Lowokwaru,1550000,Putri,Ya,Tidak,Tidak,Ya,Ya,Ya,Tidak,Ya,Tidak,Ya,Ya,Ya,Ya
4331,Kos Permata Malang 4331,Malang,Kedungkandang,1450000,Putra,Ya,Ya,Ya,Ya,Ya,Ya,Tidak,Ya,Ya,Tidak,Tidak,Ya,Tidak
4332,Kos Amanah Malang 4332,Malang,Klojen,650000,Putra,Ya,Ya,Ya,Ya,Ya,Tidak,Ya,Ya,Tidak,Tidak,Ya,Tidak,Tidak
4333,Kos Harmoni Malang 4333,Malang,Kedungkandang,1400000,Putra,Ya,Ya,Tidak,Ya,Ya,Ya,Ya,Ya,Ya,Ya,Tidak,Ya,Tidak
4334,Kos Wijaya Malang 4334,Malang,Klojen,900000,Putra,Ya,Ya,Ya,Ya,Ya,Ya,Ya,Ya,Tidak,Ya,Ya,Tidak,Ya
4335,Kos Cendana Malang 4335,Malang,Kedungkandang,600000,Putra,Ya,Tidak,Tidak,Ya,Tidak,Tidak,Tidak,Ya,Tidak,Ya,Ya,Ya,Ya
4336,Kos Permata Malang 4336,Malang,Klojen,600000,Putra,Ya,Tidak,Ya,Ya,Ya,Ya,Ya,Ya,Tidak,Tidak,Ya,Ya,Tidak
4337,Kos Puspa Malang 4337,Malang,Sukun,1050000,Campur,Ya,Ya,Tidak,Ya,Ya,Ya,Ya,Ya,Ya,Tidak,Ya,Ya,Tidak
4338,Kos Melati Malang 4338,Malang,Klojen,700000,Putra,Ya,Tidak,Ya,Ya,Ya,Ya,Ya,Ya,Ya,Ya,Tidak,Tidak,Ya
4339,Kos Mawar Malang 4339,Malang,Lowokwaru,1000000,Putri,Ya,Ya,Tidak,Ya,Ya,Tidak,Ya,Ya,Ya,Ya,Ya,Ya,Ya
4340,Kos Cendana Malang 4340,Malang,Lowokwaru,1300000,Putra,Ya,Tidak,Ya,Ya,Ya,Tidak,Ya,Ya,Tidak,Ya,Tidak,Ya,Ya
4341,Kos Puspa Malang 4341,Malang,Kedungkandang,600000,Putri,Ya,Tidak,Tidak,Ya,Ya,Ya,Tidak,Ya,Tidak,Ya,Ya,Ya,Tidak
4342,Kos Wijaya Malang 4342,Malang,Sukun,750000,Putra,Ya,Ya,Tidak,Ya,Ya,Ya,Ya,Ya,Ya,Ya,Tidak,Tidak,Ya
4343,Kos Nusantara Malang 4343,Malang,Sukun,1600000,Putra,Ya,Tidak,Tidak,Ya,Ya,Ya,Ya,Ya,Tidak,Tidak,Ya,Ya,Ya
4344,Kos Puspa Malang 4344,Malang,Kedungkandang,700000,Campur,Ya,Tidak,Ya,Ya,Tidak,Ya,Tidak,Ya,Tidak,Tidak,Tidak,Ya,Tidak
4345,Kos Mawar Malang 4345,Malang,Sukun,850000,Campur,Ya,Ya,Tidak,Ya,Tidak,Ya,Ya,Tidak,Tidak,Tidak,Tidak,Ya,Ya
4346,Kos Mawar Malang 4346,Malang,Klojen,1100000,Putra,Ya,Ya,Ya,Ya,Tidak,Ya,Ya,Ya,Tidak,Tidak,Tidak,Ya,Ya
4347,Kos Mawar Malang 4347,Malang,Kedungkandang,1750000,Campur,Ya,Tidak,Tidak,Ya,Ya,Tidak,Tidak,Ya,Ya,Ya,Tidak,Ya,Ya
4348,Kos Nusantara Malang 4348,Malang,Blimbing,1800000,Putra,Ya,Ya,Ya,Ya,Ya,Ya,Ya,Ya,Tidak,Tidak,Ya,Ya,Tidak
4349,Kos Nusantara Malang 4349,Malang,Blimbing,1450000,Campur,Ya,Tidak,Ya,Ya,Ya,Ya,Ya,Ya,Tidak,Tidak,Tidak,Ya,Tidak
4350,Kos Sakura Malang 4350,Malang,Kedungkandang,1550000,Putri,Ya,Ya,Tidak,Ya,Ya,Ya,Ya,Ya,Tidak,Tidak,Ya,Ya,Tidak
4351,Kos Anggrek Malang 4351,Malang,Klojen,1300000,Putri,Ya,Ya,Tidak,Ya,Ya,Ya,Tidak,Ya,Tidak,Tidak,Ya,Tidak,Tidak
4352,Kos Mawar Malang 4352,Malang,Klojen,1700000,Campur,Ya,Tidak,Tidak,Ya,Ya,Tidak,Ya,Ya,Tidak,Tidak,Tidak,Ya,Ya
4353,Kos Permata Malang 4353,Malang,Lowokwaru,1400000,Putri,Ya,Tidak,Tidak,Ya,Ya,Ya,Ya,Ya,Tidak,Tidak,Tidak,Ya,Ya
4354,Kos Nusantara Malang 4354,Malang,Kedungkandang,1600000,Putri,Ya,Tidak,Tidak,Ya,Ya,Tidak,Ya,Ya,Ya,Ya,Ya,Tidak,Ya
4355,Kos Cendana Malang 4355,Malang,Blimbing,950000,Campur,Ya,Ya,Tidak,Ya,Ya,Tidak,Ya,Ya,Tidak,Ya,Tidak,Tidak,Tidak
4356,Kos Mawar Malang 4356,Malang,Blimbing,1450000,Campur,Ya,Ya,Tidak,Ya,Ya,Ya,Ya,Ya,Tidak,Tidak,Tidak,Tidak,Ya
4357,Kos Harmoni Malang 4357,Malang,Lowokwaru,1800000,Putra,Ya,Ya,Tidak,Ya,Ya,Ya,Tidak,Ya,Tidak,Tidak,Tidak,Tidak,Ya
4358,Kos Amanah Malang 4358,Malang,Klojen,1150000,Putra,Ya,Tidak,Ya,Ya,Ya,Ya,Ya,Ya,Ya,Ya,Tidak,Ya,Ya
4359,Kos Anggrek Malang 4359,Malang,Kedungkandang,1700000,Campur,Tidak,Tidak,Tidak,Ya,Ya,Tidak,Ya,Ya,Tidak,Tidak,Ya,Ya,Tidak
4360,Kos Puspa Malang 4360,Malang,Kedungkandang,600000,Putra,Tidak,Ya,Ya,Ya,Ya,Tidak,Ya,Ya,Tidak,Tidak,Tidak,Tidak,Tidak
4361,Kos Kenanga Malang 4361,Malang,Kedungkandang,1050000,Putri,Ya,Tidak,Tidak,Ya,Ya,Tidak,Ya,Ya,Tidak,Ya,Ya,Tidak,Ya
4362,Kos Cendana Malang 4362,Malang,Sukun,650000,Putri,Ya,Tidak,Ya,Ya,Ya,Ya,Tidak,Ya,Tidak,Tidak,Tidak,Ya,Ya
4363,Kos Cendana Malang 4363,Malang,Lowokwaru,1250000,Putra,Ya,Tidak,Tidak,Ya,Ya,Tidak,Ya,Ya,Tidak,Tidak,Ya,Ya,Ya
4364,Kos Wijaya Malang 4364,Malang,Lowokwaru,1150000,Putra,Ya,Tidak,Ya,Ya,Ya,Ya,Ya,Ya,Ya,Ya,Ya,Ya,Ya
4365,Kos Amanah Malang 4365,Malang,Blimbing,600000,Putra,Ya,Tidak,Ya,Ya,Ya,Ya,Ya,Ya,Tidak,Ya,Tidak,Ya,Tidak
4366,Kos Kenanga Malang 4366,Malang,Sukun,650000,Putri,Ya,Tidak,Ya,Ya,Ya,Ya,Tidak,Ya,Tidak,Tidak,Ya,Ya,Ya
4367,Kos Mawar Malang 4367,Malang,Kedungkandang,1200000,Putri,Ya,Tidak,Tidak,Ya,Ya,Tidak,Ya,Tidak,Tidak,Tidak,Tidak,Ya,Ya
4368,Kos Sakura Malang 4368,Malang,Klojen,1200000,Putri,Ya,Tidak,Ya,Ya,Ya,Ya,Ya,Ya,Tidak,Tidak,Tidak,Ya,Tidak
4369,Kos Wijaya Malang 4369,Malang,Kedungkandang,600000,Putri,Ya,Ya,Tidak,Ya,Ya,Ya,Ya,Ya,Tidak,Tidak,Tidak,Ya,Ya
4370,Kos Kenanga Malang 4370,Malang,Sukun,550000,Putra,Ya,Tidak,Ya,Ya,Ya,Ya,Tidak,Ya,Tidak,Tidak,Ya,Tidak,Ya
4371,Kos Nusantara Malang 4371,Malang,Sukun,1500000,Putra,Ya,Tidak,Tidak,Ya,Ya,Ya,Ya,Ya,Tidak,Tidak,Ya,Ya,Tidak
4372,Kos Wijaya Malang 4372,Malang,Klojen,650000,Putra,Tidak,Tidak,Ya,Ya,Ya,Ya,Tidak,Ya,Tidak,Tidak,Ya,Tidak,Ya
4373,Kos Melati Malang 4373,Malang,Sukun,1300000,Putra,Ya,Tidak,Ya,Ya,Ya,Tidak,Ya,Ya,Tidak,Ya,Tidak,Tidak,Tidak
4374,Kos Permata Malang 4374,Malang,Sukun,1350000,Putri,Ya,Ya,Tidak,Ya,Ya,Tidak,Ya,Ya,Tidak,Ya,Tidak,Tidak,Tidak
4375,Kos Nusantara Malang 4375,Malang,Blimbing,1350000,Putra,Ya,Ya,Ya,Ya,Ya,Ya,Ya,Ya,Tidak,Ya,Ya,Ya,Tidak
4376,Kos Harmoni Malang 4376,Malang,Blimbing,550000,Putri,Ya,Tidak,Ya,Ya,Ya,Tidak,Ya,Ya,Tidak,Ya,Tidak,Tidak,Ya
4377,Kos Amanah Malang 4377,Malang,Lowokwaru,1800000,Campur,Ya,Tidak,Ya,Ya,Ya,Ya,Tidak,Ya,Tidak,Ya,Tidak,Ya,Tidak
4378,Kos Harmoni Malang 4378,Malang,Klojen,1100000,Putri,Ya,Ya,Tidak,Ya,Ya,Ya,Ya,Ya,Tidak,Tidak,Ya,Tidak,Tidak
4379,Kos Sakura Malang 4379,Malang,Klojen,1600000,Putri,Ya,Ya,Tidak,Ya,Ya,Ya,Ya,Ya,Tidak,Tidak,Ya,Ya,Tidak
4380,Kos Anggrek Malang 4380,Malang,Sukun,1100000,Putra,Ya,Tidak,Tidak,Ya,Ya,Ya,Tidak,Ya,Tidak,Tidak,Tidak,Tidak,Tidak
4381,Kos Harmoni Malang 4381,Malang,Lowokwaru,1350000,Campur,Ya,Tidak,Tidak,Ya,Ya,Ya,Ya,Tidak,Tidak,Tidak,Tidak,Ya,Ya
4382,Kos Wijaya Malang 4382,Malang,Klojen,1100000,Putri,Tidak,Tidak,Tidak,Ya,Ya,Ya,Ya,Ya,Ya,Tidak,Tidak,Tidak,Ya
4383,Kos Cendana Malang 4383,Malang,Sukun,1550000,Putri,Ya,Ya,Tidak,Ya,Ya,Ya,Ya,Ya,Tidak,Tidak,Tidak,Tidak,Tidak
4384,Kos Melati Malang 4384,Malang,Kedungkandang,1000000,Putri,Ya,Tidak,Tidak,Ya,Ya,Ya,Tidak,Ya,Tidak,Tidak,Tidak,Ya,Tidak
4385,Kos Wijaya Malang 4385,Malang,Lowokwaru,700000,Putra,Tidak,Ya,Ya,Ya,Ya,Ya,Ya,Ya,Ya,Tidak,Tidak,Ya,Tidak
4386,Kos Wijaya Malang 4386,Malang,Blimbing,1250000,Putra,Ya,Ya,Ya,Ya,Ya,Tidak,Tidak,Ya,Tidak,Ya,Ya,Tidak,Ya
4387,Kos Harmoni Malang 4387,Malang,Sukun,500000,Putri,Ya,Tidak,Ya,Ya,Ya,Ya,Tidak,Ya,Ya,Ya,Ya,Tidak,Tidak
4388,Kos Wijaya Malang 4388,Malang,Klojen,700000,Putri,Ya,Ya,Ya,Ya,Ya,Tidak,Ya,Ya,Tidak,Ya,Tidak,Ya,Tidak
4389,Kos Wijaya Malang 4389,Malang,Sukun,1200000,Campur,Ya,Tidak,Tidak,Ya,Ya,Ya,Ya,Ya,Tidak,Ya,Ya,Ya,Tidak
4390,Kos Anggrek Malang 4390,Malang,Klojen,1050000,Putri,Ya,Ya,Ya,Ya,Ya,Ya,Tidak,Ya,Tidak,Tidak,Tidak,Ya,Tidak
4391,Kos Anggrek Malang 4391,Malang,Sukun,750000,Putra,Ya,Tidak,Ya,Ya,Ya,Tidak,Ya,Tidak,Tidak,Ya,Tidak,Tidak,Tidak
4392,Kos Mawar Malang 4392,Malang,Blimbing,1600000,Campur,Ya,Tidak,Tidak,Ya,Ya,Ya,Tidak,Ya,Ya,Tidak,Ya,Tidak,Ya
4393,Kos Sakura Malang 4393,Malang,Klojen,1800000,Putra,Ya,Ya,Ya,Ya,Ya,Ya,Tidak,Ya,Tidak,Ya,Tidak,Ya,Tidak
4394,Kos Wijaya Malang 4394,Malang,Kedungkandang,900000,Putra,Ya,Tidak,Tidak,Ya,Ya,Tidak,Ya,Ya,Ya,Tidak,Ya,Ya,Tidak
4395,Kos Wijaya Malang 4395,Malang,Blimbing,1200000,Putra,Ya,Tidak,Tidak,Ya,Ya,Ya,Ya,Ya,Ya,Ya,Ya,Ya,Tidak
4396,Kos Cendana Malang 4396,Malang,Lowokwaru,750000,Putri,Ya,Tidak,Tidak,Ya,Ya,Ya,Tidak,Ya,Tidak,Tidak,Ya,Tidak,Tidak
4397,Kos Kenanga Malang 4397,Malang,Sukun,550000,Putra,Ya,Ya,Tidak,Ya,Ya,Ya,Ya,Ya,Ya,Tidak,Tidak,Ya,Ya
4398,Kos Puspa Malang 4398,Malang,Kedungkandang,500000,Campur,Ya,Tidak,Ya,Ya,Ya,Tidak,Ya,Ya,Ya,Tidak,Tidak,Ya,Tidak
4399,Kos Puspa Malang 4399,Malang,Sukun,1050000,Putra,Ya,Ya,Ya,Ya,Ya,Tidak,Tidak,Ya,Tidak,Tidak,Tidak,Ya,Ya
4400,Kos Puspa Malang 4400,Malang,Sukun,1550000,Putra,Ya,Tidak,Tidak,Ya,Ya,Ya,Tidak,Ya,Tidak,Tidak,Ya,Ya,Ya
4401,Kos Amanah Malang 4401,Malang,Lowokwaru,1050000,Putra,Ya,Tidak,Ya,Ya,Ya,Ya,Tidak,Ya,Tidak,Ya,Ya,Ya,Tidak
4402,Kos Wijaya Malang 4402,Malang,Lowokwaru,950000,Campur,Tidak,Tidak,Tidak,Ya,Ya,Ya,Tidak,Ya,Ya,Tidak,Ya,Ya,Ya
4403,Kos Cendana Malang 4403,Malang,Blimbing,1600000,Putri,Ya,Ya,Ya,Ya,Ya,Tidak,Tidak,Ya,Tidak,Ya,Ya,Tidak,Ya
4404,Kos Wijaya Malang 4404,Malang,Sukun,1050000,Putri,Ya,Tidak,Tidak,Ya,Ya,Ya,Ya,Ya,Tidak,Tidak,Ya,Ya,Ya
4405,Kos Melati Malang 4405,Malang,Sukun,1000000,Putra,Ya,Tidak,Ya,Ya,Ya,Ya,Tidak,Ya,Tidak,Ya,Tidak,Ya,Tidak
4406,Kos Anggrek Malang 4406,Malang,Klojen,1750000,Putri,Ya,Ya,Ya,Ya,Ya,Tidak,Ya,Ya,Ya,Ya,Tidak,Ya,Tidak
4407,Kos Cendana Malang 4407,Malang,Sukun,1500000,Putri,Ya,Ya,Ya,Ya,Ya,Tidak,Ya,Ya,Tidak,Ya,Tidak,Tidak,Tidak
4408,Kos Permata Malang 4408,Malang,Kedungkandang,1650000,Campur,Ya,Ya,Ya,Ya,Ya,Tidak,Ya,Ya,Ya,Tidak,Tidak,Tidak,Ya
4409,Kos Melati Malang 4409,Malang,Blimbing,500000,Putra,Ya,Tidak,Tidak,Ya,Ya,Ya,Ya,Ya,Ya,Ya,Tidak,Tidak,Ya
4410,Kos Amanah Malang 4410,Malang,Sukun,1550000,Campur,Ya,Tidak,Tidak,Ya,Ya,Ya,Tidak,Ya,Ya,Ya,Ya,Ya,Tidak
4411,Kos Puspa Malang 4411,Malang,Kedungkandang,850000,Putri,Ya,Ya,Ya,Ya,Ya,Tidak,Tidak,Ya,Tidak,Tidak,Tidak,Ya,Ya
4412,Kos Puspa Malang 4412,Malang,Lowokwaru,1750000,Putri,Ya,Tidak,Ya,Ya,Ya,Tidak,Ya,Ya,Tidak,Ya,Tidak,Ya,Tidak
4413,Kos Permata Malang 4413,Malang,Lowokwaru,500000,Putri,Ya,Tidak,Tidak,Ya,Ya,Ya,Ya,Ya,Ya,Tidak,Ya,Ya,Ya
4414,Kos Nusantara Malang 4414,Malang,Kedungkandang,1200000,Campur,Ya,Tidak,Ya,Ya,Ya,Tidak,Ya,Ya,Tidak,Ya,Tidak,Ya,Tidak
4415,Kos Harmoni Malang 4415,Malang,Blimbing,1450000,Putra,Ya,Tidak,Ya,Ya,Ya,Ya,Ya,Ya,Ya,Ya,Tidak,Tidak,Ya
4416,Kos Wijaya Malang 4416,Malang,Lowokwaru,850000,Putra,Ya,Ya,Tidak,Ya,Ya,Ya,Ya,Ya,Tidak,Tidak,Tidak,Ya,Ya
4417,Kos Puspa Malang 4417,Malang,Kedungkandang,650000,Putra,Tidak,Tidak,Tidak,Ya,Ya,Ya,Tidak,Ya,Tidak,Ya,Tidak,Ya,Ya
4418,Kos Harmoni Malang 4418,Malang,Blimbing,1500000,Putri,Ya,Tidak,Tidak,Ya,Ya,Ya,Tidak,Ya,Tidak,Ya,Tidak,Ya,Tidak
4419,Kos Wijaya Malang 4419,Malang,Lowokwaru,800000,Putri,Ya,Ya,Tidak,Ya,Ya,Ya,Ya,Ya,Ya,Tidak,Tidak,Ya,Tidak
4420,Kos Nusantara Malang 4420,Malang,Sukun,1350000,Campur,Ya,Tidak,Ya,Ya,Ya,Ya,Ya,Ya,Tidak,Tidak,Tidak,Ya,Ya
4421,Kos Sakura Malang 4421,Malang,Sukun,1750000,Campur,Ya,Tidak,Ya,Ya,Ya,Ya,Ya,Ya,Ya,Tidak,Ya,Ya,Tidak
4422,Kos Nusantara Malang 4422,Malang,Lowokwaru,500000,Putri,Ya,Tidak,Ya,Ya,Ya,Tidak,Ya,Tidak,Tidak,Tidak,Tidak,Ya,Tidak
4423,Kos Wijaya Malang 4423,Malang,Sukun,1800000,Putri,Ya,Ya,Tidak,Ya,Ya,Ya,Ya,Ya,Tidak,Tidak,Tidak,Tidak,Ya
4424,Kos Sakura Malang 4424,Malang,Kedungkandang,700000,Campur,Tidak,Tidak,Ya,Ya,Ya,Ya,Tidak,Ya,Ya,Tidak,Ya,Tidak,Ya
4425,Kos Mawar Malang 4425,Malang,Blimbing,1650000,Campur,Ya,Ya,Ya,Ya,Ya,Ya,Ya,Ya,Tidak,Tidak,Ya,Ya,Ya
4426,Kos Anggrek Malang 4426,Malang,Klojen,550000,Putra,Ya,Ya,Ya,Ya,Ya,Ya,Tidak,Ya,Tidak,Ya,Ya,Ya,Tidak
4427,Kos Kenanga Malang 4427,Malang,Blimbing,850000,Putri,Ya,Ya,Ya,Ya,Ya,Ya,Ya,Ya,Ya,Tidak,Tidak,Ya,Ya
4428,Kos Permata Malang 4428,Malang,Klojen,1000000,Putra,Ya,Ya,Tidak,Ya,Ya,Ya,Ya,Ya,Ya,Tidak,Tidak,Ya,Ya
4429,Kos Anggrek Malang 4429,Malang,Sukun,1450000,Campur,Ya,Tidak,Tidak,Ya,Ya,Tidak,Ya,Ya,Tidak,Ya,Ya,Ya,Tidak
4430,Kos Harmoni Malang 4430,Malang,Sukun,650000,Putri,Ya,Ya,Ya,Ya,Ya,Ya,Ya,Ya,Tidak,Ya,Tidak,Ya,Tidak
4431,Kos Cendana Malang 4431,Malang,Lowokwaru,750000,Putri,Ya,Tidak,Tidak,Ya,Ya,Ya,Tidak,Ya,Tidak,Tidak,Tidak,Ya,Tidak
4432,Kos Anggrek Malang 4432,Malang,Blimbing,1400000,Campur,Ya,Ya,Ya,Ya,Ya,Tidak,Tidak,Ya,Tidak,Tidak,Tidak,Ya,Tidak
4433,Kos Cendana Malang 4433,Malang,Kedungkandang,1300000,Putra,Ya,Tidak,Tidak,Ya,Ya,Tidak,Tidak,Ya,Ya,Tidak,Tidak,Tidak,Ya
4434,Kos Wijaya Malang 4434,Malang,Klojen,1550000,Putri,Ya,Tidak,Ya,Ya,Ya,Ya,Tidak,Ya,Tidak,Ya,Ya,Ya,Ya
4435,Kos Harmoni Malang 4435,Malang,Blimbing,1550000,Putra,Ya,Ya,Ya,Ya,Ya,Tidak,Tidak,Ya,Tidak,Ya,Tidak,Ya,Tidak
4436,Kos Kenanga Malang 4436,Malang,Sukun,650000,Putri,Ya,Tidak,Ya,Ya,Tidak,Ya,Ya,Ya,Ya,Ya,Ya,Ya,Tidak
4437,Kos Sakura Malang 4437,Malang,Sukun,500000,Putra,Ya,Tidak,Ya,Ya,Ya,Tidak,Ya,Ya,Tidak,Tidak,Ya,Ya,Ya
4438,Kos Sakura Malang 4438,Malang,Blimbing,1550000,Campur,Ya,Tidak,Ya,Ya,Ya,Tidak,Tidak,Ya,Tidak,Ya,Ya,Tidak,Tidak
4439,Kos Wijaya Malang 4439,Malang,Blimbing,900000,Putra,Ya,Tidak,Tidak,Ya,Ya,Ya,Tidak,Ya,Tidak,Ya,Tidak,Ya,Tidak
4440,Kos Amanah Malang 4440,Malang,Klojen,1650000,Campur,Ya,Ya,Tidak,Ya,Tidak,Ya,Tidak,Ya,Tidak,Ya,Tidak,Ya,Tidak
4441,Kos Nusantara Malang 4441,Malang,Blimbing,1400000,Putra,Ya,Ya,Ya,Ya,Ya,Ya,Tidak,Ya,Tidak,Tidak,Tidak,Ya,Ya
4442,Kos Puspa Malang 4442,Malang,Sukun,1600000,Putra,Ya,Ya,Ya,Ya,Ya,Ya,Ya,Ya,Tidak,Tidak,Tidak,Tidak,Tidak
4443,Kos Amanah Malang 4443,Malang,Klojen,750000,Campur,Ya,Tidak,Tidak,Ya,Ya,Tidak,Ya,Ya,Tidak,Ya,Tidak,Ya,Ya
4444,Kos Sakura Malang 4444,Malang,Kedungkandang,700000,Campur,Ya,Ya,Ya,Ya,Ya,Ya,Ya,Ya,Ya,Tidak,Ya,Ya,Tidak
4445,Kos Anggrek Malang 4445,Malang,Kedungkandang,1650000,Putra,Ya,Tidak,Tidak,Ya,Ya,Tidak,Tidak,Ya,Tidak,Ya,Tidak,Tidak,Ya
4446,Kos Permata Malang 4446,Malang,Lowokwaru,900000,Putra,Ya,Tidak,Ya,Ya,Ya,Ya,Ya,Ya,Tidak,Ya,Tidak,Tidak,Ya
4447,Kos Kenanga Malang 4447,Malang,Lowokwaru,1050000,Putri,Ya,Tidak,Ya,Ya,Ya,Tidak,Ya,Ya,Tidak,Tidak,Tidak,Ya,Ya
4448,Kos Sakura Malang 4448,Malang,Sukun,550000,Putri,Ya,Tidak,Tidak,Ya,Ya,Ya,Ya,Ya,Tidak,Tidak,Ya,Tidak,Tidak
4449,Kos Sakura Malang 4449,Malang,Blimbing,750000,Putra,Ya,Tidak,Tidak,Ya,Ya,Tidak,Ya,Ya,Tidak,Tidak,Tidak,Tidak,Ya
4450,Kos Sakura Malang 4450,Malang,Blimbing,1000000,Campur,Ya,Tidak,Tidak,Ya,Ya,Tidak,Tidak,Ya,Tidak,Ya,Tidak,Ya,Ya
4451,Kos Permata Malang 4451,Malang,Kedungkandang,900000,Putra,Ya,Tidak,Ya,Ya,Ya,Tidak,Ya,Ya,Tidak,Tidak,Tidak,Ya,Tidak
4452,Kos Wijaya Malang 4452,Malang,Lowokwaru,1050000,Putri,Ya,Ya,Ya,Ya,Ya,Tidak,Ya,Ya,Tidak,Tidak,Ya,Ya,Tidak
4453,Kos Sakura Malang 4453,Malang,Kedungkandang,1050000,Putra,Ya,Tidak,Ya,Ya,Tidak,Ya,Tidak,Ya,Tidak,Ya,Tidak,Ya,Tidak
4454,Kos Melati Malang 4454,Malang,Klojen,1600000,Putri,Tidak,Tidak,Tidak,Ya,Ya,Ya,Ya,Ya,Ya,Tidak,Tidak,Tidak,Tidak
4455,Kos Amanah Malang 4455,Malang,Kedungkandang,1750000,Campur,Ya,Ya,Tidak,Ya,Ya,Tidak,Ya,Ya,Tidak,Tidak,Ya,Tidak,Ya
4456,Kos Puspa Malang 4456,Malang,Lowokwaru,1100000,Putra,Ya,Tidak,Tidak,Ya,Ya,Ya,Ya,Ya,Ya,Ya,Tidak,Ya,Ya
4457,Kos Amanah Malang 4457,Malang,Sukun,1800000,Putri,Ya,Tidak,Ya,Ya,Ya,Ya,Tidak,Ya,Tidak,Tidak,Tidak,Ya,Ya
4458,Kos Cendana Malang 4458,Malang,Blimbing,650000,Putri,Ya,Tidak,Ya,Ya,Ya,Ya,Ya,Ya,Tidak,Ya,Tidak,Ya,Tidak
4459,Kos Wijaya Malang 4459,Malang,Klojen,1200000,Putra,Ya,Ya,Ya,Ya,Tidak,Ya,Ya,Ya,Tidak,Ya,Ya,Ya,Ya
4460,Kos Mawar Malang 4460,Malang,Sukun,800000,Putra,Ya,Ya,Tidak,Ya,Ya,Ya,Ya,Ya,Ya,Tidak,Ya,Ya,Tidak
4461,Kos Wijaya Malang 4461,Malang,Kedungkandang,550000,Putri,Ya,Tidak,Tidak,Ya,Ya,Ya,Tidak,Ya,Ya,Ya,Ya,Ya,Tidak
4462,Kos Permata Malang 4462,Malang,Sukun,1350000,Putra,Ya,Tidak,Ya,Ya,Ya,Ya,Ya,Ya,Tidak,Ya,Tidak,Ya,Ya
4463,Kos Wijaya Malang 4463,Malang,Kedungkandang,500000,Putri,Ya,Tidak,Tidak,Ya,Ya,Ya,Ya,Ya,Tidak,Tidak,Tidak,Tidak,Ya
4464,Kos Sakura Malang 4464,Malang,Klojen,1050000,Putra,Ya,Ya,Tidak,Ya,Ya,Tidak,Ya,Ya,Tidak,Ya,Tidak,Ya,Tidak
4465,Kos Cendana Malang 4465,Malang,Sukun,700000,Putra,Ya,Tidak,Tidak,Ya,Ya,Ya,Ya,Ya,Tidak,Tidak,Tidak,Tidak,Tidak
4466,Kos Mawar Malang 4466,Malang,Kedungkandang,1500000,Putra,Ya,Ya,Tidak,Ya,Ya,Ya,Ya,Ya,Tidak,Tidak,Tidak,Ya,Ya
4467,Kos Kenanga Malang 4467,Malang,Kedungkandang,1700000,Putri,Tidak,Ya,Tidak,Ya,Ya,Ya,Tidak,Ya,Tidak,Ya,Tidak,Tidak,Ya
4468,Kos Nusantara Malang 4468,Malang,Blimbing,1500000,Putra,Ya,Ya,Ya,Ya,Ya,Ya,Tidak,Ya,Tidak,Ya,Ya,Ya,Ya
4469,Kos Nusantara Malang 4469,Malang,Kedungkandang,1000000,Putri,Ya,Tidak,Ya,Ya,Ya,Ya,Ya,Ya,Ya,Ya,Tidak,Ya,Ya
4470,Kos Amanah Malang 4470,Malang,Sukun,500000,Putra,Ya,Tidak,Ya,Ya,Ya,Ya,Tidak,Ya,Tidak,Tidak,Ya,Tidak,Tidak
4471,Kos Anggrek Malang 4471,Malang,Klojen,900000,Putri,Ya,Tidak,Ya,Ya,Ya,Ya,Ya,Ya,Tidak,Tidak,Tidak,Tidak,Tidak
4472,Kos Mawar Malang 4472,Malang,Lowokwaru,1450000,Campur,Ya,Tidak,Ya,Ya,Ya,Ya,Tidak,Ya,Tidak,Tidak,Ya,Tidak,Tidak
4473,Kos Anggrek Malang 4473,Malang,Sukun,1600000,Putra,Tidak,Tidak,Tidak,Ya,Ya,Ya,Tidak,Ya,Tidak,Tidak,Ya,Tidak,Tidak
4474,Kos Nusantara Malang 4474,Malang,Kedungkandang,750000,Putra,Ya,Tidak,Ya,Ya,Ya,Ya,Tidak,Ya,Tidak,Ya,Tidak,Ya,Tidak
4475,Kos Permata Malang 4475,Malang,Blimbing,1200000,Putra,Ya,Ya,Ya,Ya,Ya,Ya,Tidak,Ya,Tidak,Ya,Ya,Ya,Tidak
4476,Kos Cendana Malang 4476,Malang,Blimbing,1800000,Putra,Ya,Ya,Tidak,Ya,Ya,Ya,Ya,Ya,Tidak,Ya,Tidak,Ya,Ya
4477,Kos Anggrek Malang 4477,Malang,Kedungkandang,1450000,Putra,Ya,Tidak,Ya,Ya,Ya,Ya,Tidak,Ya,Tidak,Ya,Tidak,Ya,Tidak
4478,Kos Sakura Malang 4478,Malang,Lowokwaru,1250000,Putra,Ya,Tidak,Tidak,Ya,Ya,Ya,Tidak,Ya,Tidak,Tidak,Ya,Tidak,Ya
4479,Kos Amanah Malang 4479,Malang,Klojen,1200000,Putra,Ya,Tidak,Tidak,Ya,Ya,Ya,Ya,Ya,Ya,Tidak,Ya,Tidak,Ya
4480,Kos Mawar Malang 4480,Malang,Lowokwaru,750000,Putra,Ya,Tidak,Ya,Ya,Ya,Ya,Ya,Ya,Tidak,Tidak,Tidak,Ya,Ya
4481,Kos Harmoni Malang 4481,Malang,Blimbing,950000,Putra,Ya,Tidak,Tidak,Ya,Ya,Ya,Tidak,Tidak,Ya,Ya,Tidak,Tidak,Ya
4482,Kos Anggrek Malang 4482,Malang,Lowokwaru,1800000,Putri,Ya,Tidak,Ya,Ya,Ya,Tidak,Ya,Tidak,Tidak,Tidak,Tidak,Ya,Ya
4483,Kos Nusantara Malang 4483,Malang,Lowokwaru,1800000,Putri,Tidak,Tidak,Tidak,Ya,Ya,Ya,Ya,Ya,Tidak,Ya,Ya,Tidak,Tidak
4484,Kos Anggrek Malang 4484,Malang,Klojen,1550000,Putra,Ya,Ya,Tidak,Ya,Ya,Tidak,Ya,Tidak,Ya,Tidak,Tidak,Ya,Tidak
4485,Kos Wijaya Malang 4485,Malang,Klojen,700000,Putra,Ya,Tidak,Ya,Ya,Ya,Tidak,Tidak,Ya,Ya,Tidak,Tidak,Ya,Ya
4486,Kos Puspa Malang 4486,Malang,Klojen,1150000,Campur,Ya,Ya,Tidak,Ya,Ya,Ya,Ya,Ya,Tidak,Tidak,Ya,Ya,Ya
4487,Kos Harmoni Malang 4487,Malang,Kedungkandang,1750000,Campur,Ya,Tidak,Tidak,Ya,Ya,Tidak,Ya,Ya,Ya,Ya,Tidak,Tidak,Ya
4488,Kos Mawar Malang 4488,Malang,Lowokwaru,1150000,Campur,Ya,Ya,Ya,Ya,Ya,Tidak,Ya,Ya,Ya,Tidak,Ya,Ya,Ya
4489,Kos Cendana Malang 4489,Malang,Blimbing,850000,Putra,Ya,Tidak,Ya,Ya,Ya,Ya,Ya,Ya,Ya,Ya,Tidak,Ya,Tidak
4490,Kos Wijaya Malang 4490,Malang,Blimbing,900000,Putra,Ya,Tidak,Ya,Ya,Tidak,Ya,Ya,Ya,Tidak,Tidak,Ya,Ya,Tidak
4491,Kos Sakura Malang 4491,Malang,Blimbing,550000,Campur,Ya,Tidak,Ya,Ya,Ya,Ya,Tidak,Ya,Tidak,Ya,Tidak,Tidak,Ya
4492,Kos Cendana Malang 4492,Malang,Blimbing,1000000,Campur,Ya,Ya,Tidak,Ya,Ya,Ya,Tidak,Ya,Tidak,Tidak,Ya,Ya,Ya
4493,Kos Mawar Malang 4493,Malang,Klojen,1350000,Putra,Ya,Ya,Tidak,Ya,Ya,Tidak,Ya,Ya,Ya,Tidak,Ya,Ya,Ya
4494,Kos Puspa Malang 4494,Malang,Sukun,1800000,Putra,Ya,Tidak,Ya,Ya,Ya,Tidak,Tidak,Ya,Tidak,Ya,Ya,Ya,Tidak
4495,Kos Anggrek Malang 4495,Malang,Klojen,1250000,Campur,Ya,Tidak,Tidak,Ya,Ya,Ya,Ya,Ya,Tidak,Ya,Ya,Ya,Ya
4496,Kos Kenanga Malang 4496,Malang,Blimbing,900000,Campur,Ya,Tidak,Ya,Ya,Ya,Ya,Ya,Ya,Tidak,Tidak,Ya,Ya,Tidak
4497,Kos Permata Malang 4497,Malang,Lowokwaru,1300000,Campur,Ya,Ya,Tidak,Ya,Ya,Tidak,Ya,Ya,Ya,Tidak,Tidak,Tidak,Ya
4498,Kos Melati Malang 4498,Malang,Blimbing,1050000,Putri,Ya,Ya,Ya,Ya,Ya,Tidak,Ya,Ya,Ya,Ya,Ya,Tidak,Tidak
4499,Kos Mawar Malang 4499,Malang,Sukun,1150000,Campur,Ya,Tidak,Ya,Ya,Ya,Tidak,Ya,Ya,Tidak,Tidak,Tidak,Ya,Tidak
4500,Kos Permata Malang 4500,Malang,Lowokwaru,950000,Putra,Ya,Tidak,Tidak,Ya,Ya,Tidak,Tidak,Ya,Tidak,Tidak,Tidak,Ya,Tidak
4501,Kos Melati Malang 4501,Malang,Blimbing,1000000,Putra,Tidak,Tidak,Tidak,Ya,Ya,Ya,Ya,Ya,Tidak,Tidak,Tidak,Tidak,Ya
4502,Kos Kenanga Malang 4502,Malang,Klojen,500000,Campur,Ya,Ya,Tidak,Ya,Ya,Ya,Tidak,Ya,Tidak,Ya,Ya,Ya,Ya
4503,Kos Harmoni Malang 4503,Malang,Kedungkandang,800000,Campur,Ya,Tidak,Ya,Ya,Ya,Ya,Tidak,Ya,Tidak,Ya,Ya,Tidak,Tidak
4504,Kos Wijaya Malang 4504,Malang,Klojen,850000,Putri,Ya,Tidak,Ya,Ya,Ya,Tidak,Ya,Ya,Ya,Ya,Tidak,Ya,Ya
4505,Kos Puspa Malang 4505,Malang,Blimbing,750000,Putri,Ya,Tidak,Ya,Ya,Tidak,Tidak,Tidak,Ya,Tidak,Ya,Tidak,Ya,Ya
4506,Kos Puspa Malang 4506,Malang,Kedungkandang,600000,Putri,Ya,Ya,Tidak,Ya,Ya,Ya,Ya,Ya,Tidak,Ya,Tidak,Tidak,Ya
4507,Kos Cendana Malang 4507,Malang,Klojen,1800000,Putri,Ya,Ya,Tidak,Ya,Ya,Ya,Ya,Ya,Tidak,Ya,Tidak,Ya,Tidak
4508,Kos Nusantara Malang 4508,Malang,Blimbing,1650000,Putra,Ya,Tidak,Ya,Ya,Ya,Ya,Ya,Ya,Tidak,Ya,Ya,Ya,Ya
4509,Kos Cendana Malang 4509,Malang,Lowokwaru,800000,Putra,Ya,Tidak,Ya,Ya,Ya,Tidak,Tidak,Ya,Tidak,Ya,Tidak,Ya,Ya
4510,Kos Sakura Malang 4510,Malang,Sukun,900000,Putra,Ya,Tidak,Tidak,Ya,Ya,Ya,Ya,Ya,Tidak,Ya,Ya,Ya,Ya
4511,Kos Nusantara Malang 4511,Malang,Blimbing,1050000,Putri,Ya,Tidak,Tidak,Ya,Ya,Tidak,Ya,Ya,Tidak,Tidak,Ya,Ya,Ya
4512,Kos Sakura Malang 4512,Malang,Sukun,1700000,Putra,Ya,Tidak,Ya,Ya,Ya,Ya,Ya,Ya,Tidak,Ya,Tidak,Ya,Tidak
4513,Kos Sakura Malang 4513,Malang,Klojen,1200000,Putri,Ya,Tidak,Tidak,Ya,Ya,Ya,Ya,Ya,Tidak,Tidak,Tidak,Ya,Ya
4514,Kos Melati Malang 4514,Malang,Kedungkandang,1000000,Putri,Tidak,Ya,Tidak,Ya,Ya,Ya,Ya,Ya,Tidak,Tidak,Tidak,Tidak,Ya
4515,Kos Cendana Malang 4515,Malang,Lowokwaru,900000,Campur,Tidak,Tidak,Tidak,Ya,Ya,Ya,Ya,Ya,Tidak,Ya,Ya,Ya,Tidak
4516,Kos Anggrek Malang 4516,Malang,Klojen,1400000,Putri,Ya,Ya,Ya,Ya,Ya,Ya,Tidak,Ya,Tidak,Ya,Tidak,Ya,Tidak
4517,Kos Cendana Malang 4517,Malang,Sukun,1800000,Putri,Ya,Tidak,Tidak,Ya,Ya,Tidak,Ya,Ya,Ya,Ya,Tidak,Ya,Ya
4518,Kos Melati Malang 4518,Malang,Sukun,550000,Putra,Ya,Tidak,Ya,Ya,Ya,Tidak,Ya,Ya,Ya,Ya,Ya,Ya,Tidak
4519,Kos Mawar Malang 4519,Malang,Sukun,850000,Putri,Ya,Tidak,Tidak,Ya,Ya,Tidak,Ya,Ya,Ya,Ya,Tidak,Ya,Ya
4520,Kos Melati Malang 4520,Malang,Kedungkandang,1100000,Putri,Ya,Tidak,Tidak,Ya,Ya,Ya,Ya,Ya,Tidak,Tidak,Tidak,Tidak,Ya
4521,Kos Cendana Malang 4521,Malang,Kedungkandang,1500000,Putra,Ya,Tidak,Tidak,Ya,Ya,Ya,Ya,Ya,Tidak,Tidak,Tidak,Tidak,Tidak
4522,Kos Nusantara Malang 4522,Malang,Blimbing,1000000,Putra,Ya,Ya,Tidak,Ya,Ya,Ya,Ya,Ya,Tidak,Ya,Tidak,Ya,Ya
4523,Kos Amanah Malang 4523,Malang,Kedungkandang,800000,Campur,Ya,Tidak,Tidak,Ya,Ya,Tidak,Ya,Tidak,Tidak,Ya,Ya,Tidak,Ya
4524,Kos Wijaya Malang 4524,Malang,Kedungkandang,1250000,Campur,Ya,Ya,Tidak,Ya,Tidak,Ya,Ya,Ya,Tidak,Ya,Ya,Tidak,Tidak
4525,Kos Anggrek Malang 4525,Malang,Kedungkandang,750000,Putri,Ya,Ya,Tidak,Ya,Ya,Tidak,Tidak,Ya,Tidak,Tidak,Ya,Tidak,Ya
4526,Kos Melati Malang 4526,Malang,Kedungkandang,750000,Putra,Ya,Tidak,Tidak,Ya,Ya,Ya,Tidak,Ya,Tidak,Tidak,Ya,Ya,Tidak
4527,Kos Nusantara Malang 4527,Malang,Sukun,700000,Putri,Ya,Ya,Tidak,Ya,Tidak,Tidak,Ya,Ya,Ya,Tidak,Ya,Ya,Ya
4528,Kos Sakura Malang 4528,Malang,Kedungkandang,1600000,Putri,Ya,Ya,Tidak,Ya,Ya,Ya,Ya,Ya,Tidak,Tidak,Ya,Ya,Ya
4529,Kos Anggrek Malang 4529,Malang,Kedungkandang,1150000,Putra,Ya,Ya,Tidak,Ya,Ya,Ya,Tidak,Ya,Tidak,Ya,Ya,Ya,Ya
4530,Kos Wijaya Malang 4530,Malang,Lowokwaru,800000,Campur,Ya,Tidak,Tidak,Ya,Ya,Ya,Ya,Tidak,Tidak,Tidak,Tidak,Ya,Ya
4531,Kos Kenanga Malang 4531,Malang,Sukun,1050000,Putri,Ya,Tidak,Tidak,Ya,Ya,Ya,Tidak,Ya,Tidak,Ya,Ya,Ya,Tidak
4532,Kos Puspa Malang 4532,Malang,Blimbing,500000,Putri,Ya,Ya,Ya,Ya,Ya,Ya,Ya,Ya,Tidak,Ya,Tidak,Tidak,Ya
4533,Kos Mawar Malang 4533,Malang,Lowokwaru,1550000,Putra,Ya,Tidak,Ya,Ya,Ya,Ya,Ya,Ya,Tidak,Ya,Tidak,Tidak,Ya
4534,Kos Anggrek Malang 4534,Malang,Klojen,650000,Putri,Ya,Ya,Tidak,Ya,Ya,Ya,Ya,Ya,Tidak,Tidak,Ya,Tidak,Ya
4535,Kos Permata Malang 4535,Malang,Blimbing,700000,Putra,Ya,Tidak,Tidak,Ya,Tidak,Ya,Ya,Ya,Tidak,Tidak,Tidak,Ya,Tidak
4536,Kos Puspa Malang 4536,Malang,Kedungkandang,900000,Putra,Tidak,Ya,Ya,Ya,Tidak,Ya,Ya,Ya,Tidak,Ya,Tidak,Tidak,Tidak
4537,Kos Permata Malang 4537,Malang,Lowokwaru,1450000,Putri,Tidak,Tidak,Tidak,Ya,Ya,Ya,Tidak,Ya,Ya,Tidak,Tidak,Tidak,Ya
4538,Kos Wijaya Malang 4538,Malang,Klojen,1400000,Putri,Ya,Tidak,Tidak,Ya,Ya,Tidak,Ya,Ya,Ya,Ya,Tidak,Tidak,Ya
4539,Kos Kenanga Malang 4539,Malang,Lowokwaru,950000,Campur,Ya,Ya,Ya,Ya,Ya,Ya,Ya,Ya,Tidak,Ya,Tidak,Ya,Tidak
4540,Kos Mawar Malang 4540,Malang,Sukun,1750000,Campur,Ya,Ya,Tidak,Ya,Ya,Tidak,Ya,Ya,Tidak,Ya,Tidak,Ya,Tidak
4541,Kos Anggrek Malang 4541,Malang,Blimbing,1150000,Putri,Ya,Tidak,Ya,Ya,Ya,Ya,Ya,Ya,Tidak,Ya,Ya,Tidak,Ya
4542,Kos Puspa Malang 4542,Malang,Sukun,700000,Putri,Ya,Ya,Ya,Ya,Ya,Ya,Ya,Ya,Tidak,Ya,Tidak,Ya,Tidak
4543,Kos Mawar Malang 4543,Malang,Klojen,1200000,Putra,Ya,Ya,Tidak,Ya,Ya,Tidak,Ya,Ya,Tidak,Ya,Tidak,Ya,Tidak
4544,Kos Harmoni Malang 4544,Malang,Klojen,700000,Putri,Ya,Tidak,Ya,Ya,Ya,Ya,Tidak,Ya,Tidak,Ya,Tidak,Ya,Tidak
4545,Kos Amanah Malang 4545,Malang,Blimbing,1300000,Putra,Ya,Tidak,Ya,Ya,Ya,Ya,Ya,Ya,Tidak,Tidak,Ya,Ya,Tidak
4546,Kos Wijaya Malang 4546,Malang,Lowokwaru,1450000,Putri,Ya,Ya,Ya,Ya,Ya,Ya,Tidak,Ya,Ya,Tidak,Tidak,Ya,Ya
4547,Kos Melati Malang 4547,Malang,Sukun,1200000,Putra,Ya,Tidak,Tidak,Ya,Ya,Ya,Ya,Ya,Tidak,Tidak,Ya,Tidak,Ya
4548,Kos Harmoni Malang 4548,Malang,Klojen,550000,Putra,Ya,Tidak,Ya,Ya,Ya,Ya,Ya,Ya,Tidak,Ya,Ya,Tidak,Ya
4549,Kos Permata Malang 4549,Malang,Sukun,1250000,Putra,Ya,Ya,Ya,Ya,Ya,Ya,Ya,Ya,Tidak,Tidak,Ya,Tidak,Ya
4550,Kos Wijaya Malang 4550,Malang,Lowokwaru,1150000,Putri,Ya,Tidak,Ya,Ya,Tidak,Ya,Ya,Ya,Ya,Tidak,Tidak,Ya,Tidak
4551,Kos Puspa Malang 4551,Malang,Lowokwaru,1300000,Putra,Tidak,Ya,Ya,Ya,Ya,Tidak,Tidak,Ya,Tidak,Ya,Tidak,Ya,Ya
4552,Kos Kenanga Malang 4552,Malang,Kedungkandang,600000,Putra,Ya,Ya,Tidak,Ya,Ya,Ya,Tidak,Ya,Tidak,Tidak,Tidak,Ya,Tidak
4553,Kos Amanah Malang 4553,Malang,Blimbing,1100000,Campur,Ya,Tidak,Ya,Ya,Ya,Tidak,Ya,Ya,Tidak,Ya,Tidak,Tidak,Ya
4554,Kos Puspa Malang 4554,Malang,Sukun,1450000,Putri,Ya,Tidak,Tidak,Ya,Ya,Ya,Ya,Ya,Ya,Ya,Ya,Ya,Tidak
4555,Kos Puspa Malang 4555,Malang,Klojen,1150000,Putri,Ya,Tidak,Tidak,Ya,Ya,Ya,Tidak,Ya,Tidak,Ya,Tidak,Ya,Tidak
4556,Kos Melati Malang 4556,Malang,Lowokwaru,1800000,Campur,Ya,Tidak,Tidak,Ya,Ya,Ya,Ya,Ya,Ya,Tidak,Ya,Ya,Ya
4557,Kos Permata Malang 4557,Malang,Blimbing,1400000,Putra,Tidak,Tidak,Ya,Ya,Ya,Tidak,Tidak,Ya,Tidak,Ya,Ya,Ya,Tidak
4558,Kos Cendana Malang 4558,Malang,Blimbing,1800000,Putri,Ya,Tidak,Tidak,Ya,Ya,Ya,Ya,Ya,Ya,Tidak,Ya,Ya,Tidak
4559,Kos Amanah Malang 4559,Malang,Sukun,700000,Putra,Tidak,Ya,Ya,Ya,Ya,Tidak,Tidak,Ya,Tidak,Ya,Ya,Ya,Tidak
4560,Kos Melati Malang 4560,Malang,Klojen,500000,Putri,Ya,Tidak,Ya,Ya,Ya,Ya,Tidak,Ya,Ya,Tidak,Ya,Ya,Tidak
4561,Kos Mawar Malang 4561,Malang,Kedungkandang,1450000,Putri,Ya,Ya,Ya,Ya,Ya,Tidak,Ya,Ya,Tidak,Tidak,Tidak,Ya,Tidak
4562,Kos Puspa Malang 4562,Malang,Klojen,1450000,Putra,Ya,Tidak,Ya,Ya,Ya,Ya,Tidak,Ya,Ya,Ya,Ya,Ya,Ya
4563,Kos Nusantara Malang 4563,Malang,Blimbing,1800000,Putri,Ya,Tidak,Tidak,Ya,Ya,Ya,Tidak,Ya,Tidak,Ya,Tidak,Tidak,Ya
4564,Kos Amanah Malang 4564,Malang,Klojen,1550000,Putra,Ya,Tidak,Ya,Ya,Ya,Ya,Tidak,Ya,Tidak,Tidak,Tidak,Tidak,Ya
4565,Kos Nusantara Malang 4565,Malang,Sukun,1550000,Campur,Ya,Ya,Tidak,Ya,Ya,Ya,Tidak,Ya,Tidak,Tidak,Ya,Ya,Ya
4566,Kos Anggrek Malang 4566,Malang,Sukun,950000,Putra,Ya,Tidak,Tidak,Ya,Ya,Ya,Tidak,Ya,Ya,Ya,Ya,Ya,Ya
4567,Kos Permata Malang 4567,Malang,Kedungkandang,850000,Campur,Ya,Ya,Ya,Ya,Ya,Ya,Ya,Tidak,Ya,Tidak,Ya,Ya,Ya
4568,Kos Kenanga Malang 4568,Malang,Kedungkandang,900000,Putra,Ya,Ya,Ya,Ya,Ya,Ya,Ya,Ya,Tidak,Ya,Tidak,Ya,Tidak
4569,Kos Sakura Malang 4569,Malang,Kedungkandang,1300000,Putra,Ya,Tidak,Tidak,Ya,Ya,Tidak,Ya,Ya,Tidak,Tidak,Tidak,Tidak,Ya
4570,Kos Puspa Malang 4570,Malang,Kedungkandang,700000,Campur,Ya,Tidak,Tidak,Ya,Ya,Ya,Ya,Ya,Tidak,Ya,Ya,Ya,Ya
4571,Kos Amanah Malang 4571,Malang,Sukun,1450000,Putra,Ya,Tidak,Tidak,Ya,Ya,Ya,Tidak,Ya,Ya,Tidak,Ya,Tidak,Tidak
4572,Kos Permata Malang 4572,Malang,Kedungkandang,1450000,Campur,Tidak,Tidak,Tidak,Ya,Ya,Ya,Ya,Ya,Tidak,Tidak,Ya,Ya,Ya
4573,Kos Anggrek Malang 4573,Malang,Sukun,700000,Putra,Ya,Tidak,Tidak,Ya,Ya,Tidak,Ya,Ya,Tidak,Tidak,Tidak,Tidak,Ya
4574,Kos Melati Malang 4574,Malang,Lowokwaru,550000,Putra,Ya,Ya,Ya,Ya,Ya,Tidak,Ya,Ya,Tidak,Tidak,Tidak,Ya,Ya
4575,Kos Mawar Malang 4575,Malang,Klojen,750000,Campur,Ya,Ya,Ya,Ya,Ya,Tidak,Ya,Ya,Tidak,Tidak,Tidak,Ya,Ya
4576,Kos Sakura Malang 4576,Malang,Blimbing,1550000,Putra,Ya,Tidak,Tidak,Ya,Ya,Ya,Ya,Ya,Ya,Tidak,Tidak,Ya,Ya
4577,Kos Kenanga Malang 4577,Malang,Klojen,1100000,Putri,Ya,Tidak,Tidak,Ya,Ya,Ya,Ya,Ya,Tidak,Ya,Tidak,Ya,Tidak
4578,Kos Puspa Malang 4578,Malang,Lowokwaru,1650000,Putri,Ya,Tidak,Tidak,Ya,Ya,Ya,Tidak,Ya,Tidak,Ya,Ya,Ya,Ya
4579,Kos Kenanga Malang 4579,Malang,Kedungkandang,950000,Putri,Ya,Ya,Ya,Ya,Ya,Ya,Ya,Ya,Ya,Ya,Tidak,Ya,Tidak
4580,Kos Amanah Malang 4580,Malang,Blimbing,500000,Campur,Ya,Ya,Ya,Ya,Ya,Ya,Tidak,Ya,Ya,Tidak,Ya,Ya,Tidak
4581,Kos Permata Malang 4581,Malang,Sukun,1500000,Putri,Ya,Tidak,Ya,Ya,Ya,Tidak,Ya,Ya,Tidak,Tidak,Ya,Tidak,Ya
4582,Kos Kenanga Malang 4582,Malang,Lowokwaru,1050000,Putra,Ya,Tidak,Tidak,Ya,Tidak,Ya,Ya,Ya,Tidak,Ya,Ya,Ya,Ya
4583,Kos Anggrek Malang 4583,Malang,Klojen,1050000,Putra,Ya,Tidak,Tidak,Ya,Ya,Ya,Ya,Ya,Tidak,Tidak,Ya,Ya,Ya
4584,Kos Kenanga Malang 4584,Malang,Klojen,500000,Putri,Ya,Tidak,Ya,Ya,Ya,Ya,Tidak,Ya,Tidak,Tidak,Ya,Ya,Tidak
4585,Kos Mawar Malang 4585,Malang,Lowokwaru,1650000,Campur,Ya,Tidak,Tidak,Ya,Ya,Ya,Ya,Ya,Tidak,Tidak,Tidak,Ya,Tidak
4586,Kos Harmoni Malang 4586,Malang,Sukun,1600000,Campur,Ya,Tidak,Ya,Ya,Ya,Ya,Tidak,Ya,Tidak,Ya,Tidak,Tidak,Ya
4587,Kos Sakura Malang 4587,Malang,Klojen,850000,Campur,Ya,Tidak,Ya,Ya,Ya,Tidak,Tidak,Ya,Tidak,Tidak,Ya,Ya,Tidak
4588,Kos Amanah Malang 4588,Malang,Kedungkandang,800000,Putri,Ya,Ya,Tidak,Ya,Ya,Ya,Ya,Ya,Tidak,Ya,Tidak,Ya,Ya
4589,Kos Harmoni Malang 4589,Malang,Blimbing,1400000,Putri,Ya,Ya,Ya,Ya,Ya,Tidak,Ya,Ya,Tidak,Tidak,Ya,Tidak,Tidak
4590,Kos Permata Malang 4590,Malang,Blimbing,1500000,Putri,Ya,Tidak,Ya,Ya,Ya,Tidak,Ya,Ya,Tidak,Ya,Ya,Ya,Ya
4591,Kos Permata Malang 4591,Malang,Blimbing,1200000,Putri,Ya,Ya,Tidak,Ya,Ya,Tidak,Ya,Ya,Tidak,Ya,Tidak,Tidak,Ya
4592,Kos Harmoni Malang 4592,Malang,Kedungkandang,1450000,Putri,Ya,Tidak,Tidak,Ya,Ya,Ya,Tidak,Ya,Tidak,Tidak,Ya,Ya,Tidak
4593,Kos Sakura Malang 4593,Malang,Blimbing,1450000,Putra,Ya,Tidak,Ya,Ya,Ya,Ya,Tidak,Ya,Ya,Ya,Ya,Ya,Tidak
4594,Kos Melati Malang 4594,Malang,Sukun,1500000,Putri,Ya,Tidak,Tidak,Ya,Ya,Ya,Ya,Ya,Ya,Ya,Ya,Tidak,Tidak
4595,Kos Wijaya Malang 4595,Malang,Blimbing,550000,Putra,Ya,Ya,Ya,Ya,Ya,Ya,Ya,Ya,Tidak,Ya,Tidak,Ya,Ya
4596,Kos Harmoni Malang 4596,Malang,Sukun,1250000,Putri,Ya,Tidak,Ya,Ya,Ya,Tidak,Ya,Tidak,Ya,Ya,Ya,Ya,Ya
4597,Kos Amanah Malang 4597,Malang,Kedungkandang,1150000,Putra,Ya,Tidak,Ya,Ya,Ya,Tidak,Ya,Tidak,Ya,Tidak,Tidak,Tidak,Tidak
4598,Kos Cendana Malang 4598,Malang,Sukun,1750000,Campur,Ya,Tidak,Ya,Ya,Ya,Ya,Ya,Ya,Tidak,Ya,Tidak,Ya,Ya
4599,Kos Sakura Malang 4599,Malang,Blimbing,500000,Putri,Ya,Tidak,Tidak,Ya,Ya,Tidak,Tidak,Ya,Tidak,Ya,Ya,Ya,Ya
4600,Kos Sakura Malang 4600,Malang,Blimbing,1500000,Campur,Ya,Tidak,Tidak,Ya,Ya,Ya,Tidak,Ya,Ya,Ya,Tidak,Ya,Tidak
4601,Kos Melati Malang 4601,Malang,Kedungkandang,650000,Campur,Ya,Ya,Tidak,Ya,Ya,Ya,Tidak,Ya,Ya,Ya,Ya,Ya,Tidak
4602,Kos Wijaya Malang 4602,Malang,Klojen,650000,Putri,Tidak,Tidak,Tidak,Ya,Ya,Ya,Ya,Ya,Tidak,Ya,Ya,Ya,Ya
4603,Kos Harmoni Malang 4603,Malang,Lowokwaru,1350000,Campur,Ya,Tidak,Ya,Ya,Ya,Ya,Ya,Ya,Tidak,Tidak,Ya,Ya,Ya
4604,Kos Permata Malang 4604,Malang,Klojen,1800000,Putra,Ya,Tidak,Tidak,Ya,Ya,Ya,Ya,Ya,Tidak,Ya,Tidak,Tidak,Tidak
4605,Kos Harmoni Malang 4605,Malang,Kedungkandang,1450000,Putra,Ya,Ya,Tidak,Ya,Ya,Tidak,Tidak,Ya,Ya,Tidak,Tidak,Ya,Ya
4606,Kos Wijaya Malang 4606,Malang,Sukun,1750000,Putri,Ya,Ya,Tidak,Ya,Ya,Ya,Tidak,Ya,Tidak,Ya,Tidak,Ya,Tidak
4607,Kos Wijaya Malang 4607,Malang,Lowokwaru,1100000,Campur,Tidak,Tidak,Ya,Ya,Ya,Ya,Tidak,Ya,Tidak,Tidak,Tidak,Ya,Tidak
4608,Kos Permata Malang 4608,Malang,Lowokwaru,1800000,Putra,Tidak,Tidak,Tidak,Ya,Ya,Ya,Tidak,Tidak,Tidak,Ya,Ya,Ya,Ya
4609,Kos Melati Malang 4609,Malang,Blimbing,1600000,Putra,Tidak,Tidak,Tidak,Ya,Ya,Ya,Ya,Ya,Ya,Tidak,Ya,Tidak,Tidak
4610,Kos Nusantara Malang 4610,Malang,Lowokwaru,1500000,Putri,Ya,Tidak,Tidak,Ya,Ya,Ya,Tidak,Ya,Tidak,Tidak,Ya,Ya,Ya
4611,Kos Cendana Malang 4611,Malang,Klojen,950000,Putri,Ya,Tidak,Ya,Ya,Ya,Ya,Ya,Ya,Ya,Ya,Tidak,Ya,Ya
4612,Kos Sakura Malang 4612,Malang,Sukun,1300000,Putra,Ya,Tidak,Tidak,Ya,Ya,Tidak,Ya,Ya,Ya,Ya,Ya,Ya,Ya
4613,Kos Permata Malang 4613,Malang,Sukun,1450000,Campur,Ya,Tidak,Tidak,Ya,Ya,Ya,Ya,Ya,Tidak,Ya,Ya,Ya,Tidak
4614,Kos Puspa Malang 4614,Malang,Klojen,1700000,Putri,Ya,Ya,Tidak,Ya,Ya,Ya,Ya,Ya,Ya,Ya,Ya,Ya,Ya
4615,Kos Amanah Malang 4615,Malang,Klojen,1250000,Putri,Ya,Tidak,Tidak,Ya,Ya,Ya,Ya,Ya,Tidak,Tidak,Ya,Tidak,Tidak
4616,Kos Amanah Malang 4616,Malang,Kedungkandang,1000000,Putra,Ya,Ya,Tidak,Ya,Ya,Tidak,Ya,Ya,Ya,Ya,Tidak,Tidak,Ya
4617,Kos Cendana Malang 4617,Malang,Blimbing,550000,Putri,Ya,Tidak,Ya,Ya,Ya,Ya,Ya,Ya,Tidak,Tidak,Ya,Ya,Ya
4618,Kos Melati Malang 4618,Malang,Sukun,500000,Putra,Ya,Tidak,Tidak,Ya,Ya,Tidak,Tidak,Ya,Ya,Ya,Tidak,Ya,Ya
4619,Kos Amanah Malang 4619,Malang,Sukun,1800000,Campur,Ya,Ya,Tidak,Ya,Ya,Ya,Ya,Ya,Ya,Tidak,Ya,Ya,Ya
4620,Kos Kenanga Malang 4620,Malang,Lowokwaru,1150000,Putri,Ya,Ya,Tidak,Ya,Ya,Tidak,Ya,Ya,Tidak,Tidak,Ya,Ya,Tidak
4621,Kos Harmoni Malang 4621,Malang,Blimbing,1650000,Putri,Ya,Tidak,Tidak,Ya,Ya,Ya,Tidak,Ya,Ya,Tidak,Ya,Ya,Ya
4622,Kos Kenanga Malang 4622,Malang,Blimbing,850000,Putra,Ya,Tidak,Tidak,Ya,Ya,Ya,Tidak,Ya,Tidak,Ya,Ya,Ya,Tidak
4623,Kos Mawar Malang 4623,Malang,Kedungkandang,950000,Putra,Ya,Tidak,Tidak,Ya,Ya,Ya,Ya,Ya,Ya,Ya,Ya,Ya,Ya
4624,Kos Wijaya Malang 4624,Malang,Lowokwaru,500000,Campur,Tidak,Ya,Tidak,Ya,Ya,Ya,Ya,Ya,Tidak,Ya,Ya,Tidak,Ya
4625,Kos Wijaya Malang 4625,Malang,Klojen,1800000,Putra,Tidak,Tidak,Tidak,Ya,Ya,Ya,Tidak,Ya,Tidak,Tidak,Tidak,Ya,Tidak
4626,Kos Mawar Malang 4626,Malang,Blimbing,800000,Campur,Ya,Tidak,Tidak,Ya,Ya,Tidak,Tidak,Ya,Tidak,Tidak,Ya,Tidak,Ya
4627,Kos Amanah Malang 4627,Malang,Klojen,800000,Putri,Ya,Tidak,Ya,Ya,Ya,Ya,Ya,Ya,Tidak,Tidak,Ya,Ya,Ya
4628,Kos Melati Malang 4628,Malang,Blimbing,1150000,Putra,Ya,Tidak,Tidak,Ya,Ya,Ya,Ya,Ya,Tidak,Ya,Tidak,Tidak,Tidak
4629,Kos Wijaya Malang 4629,Malang,Kedungkandang,1800000,Putra,Ya,Tidak,Ya,Ya,Ya,Ya,Tidak,Ya,Tidak,Ya,Tidak,Ya,Ya
4630,Kos Kenanga Malang 4630,Malang,Klojen,700000,Campur,Ya,Ya,Tidak,Ya,Ya,Ya,Ya,Ya,Ya,Tidak,Tidak,Tidak,Ya
4631,Kos Puspa Malang 4631,Malang,Kedungkandang,500000,Putri,Ya,Tidak,Tidak,Ya,Ya,Ya,Ya,Ya,Tidak,Tidak,Ya,Ya,Ya
4632,Kos Kenanga Malang 4632,Malang,Kedungkandang,1700000,Putri,Ya,Ya,Ya,Ya,Ya,Tidak,Tidak,Ya,Tidak,Ya,Tidak,Ya,Ya
4633,Kos Puspa Malang 4633,Malang,Sukun,550000,Putra,Ya,Tidak,Tidak,Ya,Ya,Ya,Tidak,Ya,Tidak,Tidak,Tidak,Ya,Tidak
4634,Kos Harmoni Malang 4634,Malang,Kedungkandang,1500000,Campur,Ya,Tidak,Tidak,Ya,Ya,Ya,Tidak,Ya,Ya,Ya,Ya,Tidak,Ya
4635,Kos Harmoni Malang 4635,Malang,Klojen,750000,Putra,Ya,Ya,Ya,Ya,Ya,Ya,Tidak,Ya,Tidak,Tidak,Ya,Ya,Ya
4636,Kos Melati Malang 4636,Malang,Lowokwaru,1450000,Campur,Ya,Ya,Tidak,Ya,Ya,Tidak,Tidak,Ya,Tidak,Ya,Tidak,Ya,Ya
4637,Kos Permata Malang 4637,Malang,Blimbing,950000,Campur,Ya,Ya,Tidak,Ya,Ya,Ya,Ya,Ya,Tidak,Ya,Tidak,Tidak,Tidak
4638,Kos Amanah Malang 4638,Malang,Sukun,600000,Putra,Ya,Ya,Ya,Ya,Ya,Ya,Ya,Tidak,Tidak,Tidak,Ya,Ya,Ya
4639,Kos Mawar Malang 4639,Malang,Sukun,1200000,Putra,Ya,Tidak,Tidak,Ya,Ya,Ya,Ya,Ya,Ya,Ya,Tidak,Tidak,Ya
4640,Kos Puspa Malang 4640,Malang,Sukun,1600000,Putri,Ya,Ya,Tidak,Ya,Ya,Ya,Ya,Ya,Ya,Ya,Tidak,Ya,Tidak
4641,Kos Permata Malang 4641,Malang,Kedungkandang,600000,Putri,Ya,Ya,Ya,Ya,Ya,Ya,Ya,Ya,Tidak,Tidak,Tidak,Tidak,Ya
4642,Kos Harmoni Malang 4642,Malang,Blimbing,1250000,Campur,Ya,Tidak,Tidak,Ya,Ya,Tidak,Ya,Ya,Tidak,Ya,Ya,Tidak,Tidak
4643,Kos Mawar Malang 4643,Malang,Kedungkandang,500000,Campur,Ya,Ya,Ya,Ya,Ya,Tidak,Ya,Ya,Ya,Tidak,Ya,Ya,Ya
4644,Kos Mawar Malang 4644,Malang,Kedungkandang,700000,Putri,Ya,Tidak,Ya,Ya,Ya,Ya,Tidak,Ya,Tidak,Ya,Ya,Tidak,Ya
4645,Kos Puspa Malang 4645,Malang,Klojen,1650000,Putri,Ya,Tidak,Tidak,Ya,Ya,Ya,Ya,Tidak,Ya,Ya,Ya,Ya,Tidak
4646,Kos Melati Malang 4646,Malang,Sukun,600000,Putra,Ya,Tidak,Tidak,Ya,Ya,Ya,Tidak,Ya,Ya,Ya,Tidak,Ya,Ya
4647,Kos Amanah Malang 4647,Malang,Sukun,1100000,Putra,Ya,Ya,Ya,Ya,Ya,Tidak,Ya,Ya,Tidak,Tidak,Ya,Ya,Ya
4648,Kos Mawar Malang 4648,Malang,Klojen,1400000,Campur,Ya,Tidak,Ya,Ya,Ya,Ya,Ya,Ya,Tidak,Tidak,Tidak,Ya,Tidak
4649,Kos Puspa Malang 4649,Malang,Kedungkandang,650000,Putra,Ya,Ya,Ya,Ya,Ya,Ya,Ya,Ya,Ya,Ya,Tidak,Ya,Ya
4650,Kos Amanah Malang 4650,Malang,Kedungkandang,700000,Campur,Ya,Tidak,Tidak,Ya,Ya,Tidak,Tidak,Ya,Tidak,Tidak,Tidak,Ya,Ya
4651,Kos Melati Malang 4651,Malang,Lowokwaru,1550000,Putra,Ya,Tidak,Tidak,Ya,Ya,Ya,Ya,Ya,Tidak,Tidak,Tidak,Ya,Ya
4652,Kos Sakura Malang 4652,Malang,Kedungkandang,1300000,Putri,Ya,Ya,Ya,Ya,Ya,Ya,Tidak,Ya,Tidak,Tidak,Ya,Ya,Tidak
4653,Kos Nusantara Malang 4653,Malang,Blimbing,1500000,Campur,Ya,Ya,Ya,Ya,Ya,Ya,Tidak,Ya,Tidak,Tidak,Ya,Ya,Ya
4654,Kos Nusantara Malang 4654,Malang,Lowokwaru,1800000,Putri,Ya,Ya,Tidak,Ya,Ya,Ya,Ya,Ya,Tidak,Tidak,Tidak,Ya,Ya
4655,Kos Wijaya Malang 4655,Malang,Kedungkandang,850000,Putri,Ya,Tidak,Tidak,Ya,Ya,Ya,Ya,Ya,Tidak,Tidak,Ya,Tidak,Tidak
4656,Kos Kenanga Malang 4656,Malang,Lowokwaru,1450000,Putra,Ya,Ya,Ya,Ya,Ya,Ya,Tidak,Ya,Ya,Ya,Tidak,Ya,Ya
4657,Kos Mawar Malang 4657,Malang,Sukun,800000,Putra,Ya,Ya,Ya,Ya,Ya,Ya,Tidak,Ya,Tidak,Ya,Ya,Ya,Tidak
4658,Kos Cendana Malang 4658,Malang,Lowokwaru,1050000,Putri,Ya,Tidak,Ya,Ya,Ya,Tidak,Tidak,Ya,Tidak,Tidak,Tidak,Tidak,Ya
4659,Kos Anggrek Malang 4659,Malang,Blimbing,750000,Putra,Ya,Tidak,Ya,Ya,Ya,Ya,Tidak,Ya,Tidak,Tidak,Ya,Ya,Ya
4660,Kos Nusantara Malang 4660,Malang,Klojen,1750000,Putra,Ya,Tidak,Tidak,Ya,Ya,Ya,Tidak,Ya,Ya,Tidak,Tidak,Tidak,Tidak
4661,Kos Cendana Malang 4661,Malang,Kedungkandang,1800000,Putra,Ya,Ya,Tidak,Ya,Ya,Tidak,Tidak,Ya,Tidak,Tidak,Tidak,Ya,Ya
4662,Kos Cendana Malang 4662,Malang,Lowokwaru,950000,Putri,Ya,Tidak,Tidak,Ya,Ya,Tidak,Ya,Ya,Ya,Ya,Ya,Ya,Ya
4663,Kos Kenanga Malang 4663,Malang,Kedungkandang,1550000,Putri,Ya,Tidak,Tidak,Ya,Ya,Ya,Ya,Ya,Ya,Tidak,Ya,Tidak,Tidak
4664,Kos Kenanga Malang 4664,Malang,Lowokwaru,1600000,Putri,Ya,Ya,Tidak,Ya,Ya,Ya,Ya,Ya,Tidak,Tidak,Ya,Ya,Ya
4665,Kos Nusantara Malang 4665,Malang,Sukun,1200000,Putri,Ya,Tidak,Tidak,Ya,Ya,Ya,Ya,Ya,Tidak,Ya,Tidak,Ya,Tidak
4666,Kos Permata Malang 4666,Malang,Sukun,850000,Campur,Ya,Ya,Ya,Ya,Ya,Ya,Tidak,Ya,Tidak,Tidak,Tidak,Ya,Ya
4667,Kos Permata Malang 4667,Malang,Lowokwaru,1100000,Putra,Ya,Tidak,Ya,Ya,Ya,Ya,Ya,Ya,Tidak,Tidak,Ya,Ya,Tidak
4668,Kos Permata Malang 4668,Malang,Lowokwaru,1400000,Putri,Ya,Tidak,Ya,Ya,Ya,Ya,Ya,Ya,Tidak,Tidak,Tidak,Tidak,Ya
4669,Kos Amanah Malang 4669,Malang,Sukun,1750000,Putri,Ya,Ya,Ya,Ya,Tidak,Ya,Ya,Ya,Ya,Tidak,Tidak,Ya,Tidak
4670,Kos Wijaya Malang 4670,Malang,Blimbing,1500000,Putri,Ya,Tidak,Tidak,Ya,Ya,Ya,Tidak,Ya,Tidak,Ya,Tidak,Ya,Ya
4671,Kos Mawar Malang 4671,Malang,Kedungkandang,1500000,Putri,Ya,Tidak,Tidak,Ya,Ya,Ya,Ya,Ya,Tidak,Tidak,Ya,Ya,Ya
4672,Kos Nusantara Malang 4672,Malang,Sukun,1400000,Putra,Ya,Ya,Tidak,Ya,Ya,Tidak,Ya,Ya,Tidak,Ya,Tidak,Tidak,Ya
4673,Kos Mawar Malang 4673,Malang,Kedungkandang,1050000,Putra,Ya,Ya,Ya,Ya,Ya,Ya,Ya,Ya,Tidak,Tidak,Tidak,Ya,Ya
4674,Kos Puspa Malang 4674,Malang,Kedungkandang,1700000,Putri,Ya,Tidak,Ya,Ya,Ya,Ya,Ya,Ya,Tidak,Ya,Tidak,Ya,Tidak
4675,Kos Sakura Malang 4675,Malang,Kedungkandang,1350000,Putri,Ya,Ya,Tidak,Ya,Ya,Tidak,Tidak,Tidak,Tidak,Tidak,Tidak,Ya,Ya
4676,Kos Melati Malang 4676,Malang,Sukun,1150000,Putra,Ya,Ya,Tidak,Ya,Ya,Tidak,Tidak,Ya,Ya,Tidak,Ya,Ya,Ya
4677,Kos Anggrek Malang 4677,Malang,Kedungkandang,1400000,Putri,Ya,Tidak,Ya,Ya,Ya,Ya,Ya,Ya,Tidak,Ya,Ya,Ya,Ya
4678,Kos Permata Malang 4678,Malang,Klojen,550000,Putra,Ya,Ya,Ya,Ya,Ya,Tidak,Ya,Ya,Tidak,Tidak,Ya,Ya,Ya
4679,Kos Anggrek Malang 4679,Malang,Lowokwaru,1300000,Campur,Ya,Tidak,Tidak,Ya,Ya,Ya,Tidak,Ya,Tidak,Ya,Ya,Ya,Ya
4680,Kos Permata Malang 4680,Malang,Lowokwaru,1450000,Putri,Ya,Tidak,Ya,Ya,Ya,Ya,Tidak,Ya,Tidak,Ya,Ya,Tidak,Ya
4681,Kos Mawar Malang 4681,Malang,Lowokwaru,950000,Putra,Ya,Ya,Tidak,Ya,Ya,Tidak,Tidak,Ya,Tidak,Ya,Tidak,Ya,Tidak
4682,Kos Wijaya Malang 4682,Malang,Klojen,1800000,Putra,Ya,Tidak,Tidak,Ya,Ya,Tidak,Ya,Ya,Tidak,Tidak,Tidak,Ya,Ya
4683,Kos Nusantara Malang 4683,Malang,Klojen,1350000,Putri,Ya,Ya,Ya,Ya,Ya,Tidak,Ya,Ya,Tidak,Ya,Tidak,Ya,Tidak
4684,Kos Wijaya Malang 4684,Malang,Lowokwaru,1150000,Putri,Ya,Tidak,Ya,Ya,Ya,Ya,Ya,Ya,Tidak,Tidak,Ya,Ya,Ya
4685,Kos Amanah Malang 4685,Malang,Blimbing,750000,Putra,Ya,Tidak,Tidak,Ya,Ya,Ya,Ya,Ya,Tidak,Tidak,Tidak,Tidak,Ya
4686,Kos Puspa Malang 4686,Malang,Lowokwaru,1750000,Putri,Ya,Ya,Ya,Ya,Ya,Ya,Ya,Ya,Tidak,Tidak,Ya,Tidak,Ya
4687,Kos Kenanga Malang 4687,Malang,Blimbing,1100000,Putra,Ya,Tidak,Ya,Ya,Ya,Ya,Ya,Ya,Tidak,Tidak,Tidak,Tidak,Ya
4688,Kos Puspa Malang 4688,Malang,Blimbing,1750000,Putra,Ya,Tidak,Tidak,Ya,Ya,Ya,Ya,Ya,Tidak,Tidak,Ya,Ya,Tidak
4689,Kos Nusantara Malang 4689,Malang,Sukun,550000,Putra,Ya,Tidak,Ya,Ya,Ya,Ya,Ya,Ya,Tidak,Ya,Tidak,Tidak,Tidak
4690,Kos Cendana Malang 4690,Malang,Blimbing,1250000,Putri,Ya,Tidak,Tidak,Ya,Ya,Ya,Tidak,Ya,Ya,Tidak,Tidak,Ya,Tidak
4691,Kos Melati Solo 4691,Solo,Laweyan,650000,Campur,Ya,Tidak,Tidak,Ya,Ya,Tidak,Ya,Ya,Tidak,Tidak,Tidak,Ya,Tidak
4692,Kos Puspa Solo 4692,Solo,Jebres,650000,Putri,Ya,Ya,Ya,Ya,Ya,Tidak,Ya,Ya,Ya,Ya,Tidak,Ya,Ya
4693,Kos Puspa Solo 4693,Solo,Pasar Kliwon,1050000,Campur,Ya,Tidak,Ya,Ya,Ya,Tidak,Ya,Ya,Tidak,Ya,Ya,Ya,Ya
4694,Kos Puspa Solo 4694,Solo,Pasar Kliwon,1000000,Putri,Ya,Ya,Tidak,Ya,Ya,Ya,Ya,Ya,Tidak,Ya,Tidak,Ya,Tidak
4695,Kos Puspa Solo 4695,Solo,Serengan,800000,Campur,Ya,Ya,Tidak,Ya,Ya,Ya,Ya,Ya,Tidak,Tidak,Tidak,Ya,Tidak
4696,Kos Harmoni Solo 4696,Solo,Laweyan,1400000,Campur,Ya,Tidak,Tidak,Ya,Tidak,Ya,Tidak,Ya,Tidak,Tidak,Ya,Tidak,Tidak
4697,Kos Anggrek Solo 4697,Solo,Laweyan,1050000,Putra,Tidak,Ya,Ya,Ya,Ya,Tidak,Ya,Ya,Tidak,Tidak,Tidak,Ya,Ya
4698,Kos Kenanga Solo 4698,Solo,Banjarsari,1300000,Putra,Ya,Ya,Ya,Ya,Ya,Ya,Ya,Ya,Tidak,Tidak,Ya,Tidak,Tidak
4699,Kos Melati Solo 4699,Solo,Banjarsari,650000,Putra,Ya,Ya,Ya,Ya,Ya,Tidak,Tidak,Ya,Tidak,Ya,Tidak,Ya,Tidak
4700,Kos Permata Solo 4700,Solo,Serengan,700000,Putri,Ya,Ya,Tidak,Ya,Ya,Tidak,Ya,Ya,Ya,Ya,Tidak,Ya,Tidak
4701,Kos Wijaya Solo 4701,Solo,Pasar Kliwon,1300000,Putra,Ya,Tidak,Tidak,Ya,Ya,Ya,Ya,Ya,Tidak,Ya,Tidak,Ya,Tidak
4702,Kos Mawar Solo 4702,Solo,Banjarsari,500000,Campur,Ya,Tidak,Ya,Ya,Ya,Ya,Ya,Ya,Tidak,Ya,Ya,Tidak,Tidak
4703,Kos Nusantara Solo 4703,Solo,Pasar Kliwon,850000,Putri,Ya,Tidak,Tidak,Ya,Ya,Tidak,Ya,Ya,Tidak,Ya,Tidak,Tidak,Tidak
4704,Kos Wijaya Solo 4704,Solo,Jebres,1200000,Campur,Ya,Ya,Tidak,Ya,Ya,Ya,Ya,Ya,Tidak,Ya,Tidak,Tidak,Ya
4705,Kos Wijaya Solo 4705,Solo,Jebres,1150000,Putri,Ya,Tidak,Ya,Ya,Ya,Ya,Ya,Ya,Tidak,Ya,Tidak,Ya,Tidak
4706,Kos Wijaya Solo 4706,Solo,Banjarsari,900000,Campur,Ya,Tidak,Tidak,Ya,Ya,Tidak,Ya,Ya,Tidak,Ya,Ya,Tidak,Ya
4707,Kos Nusantara Solo 4707,Solo,Laweyan,850000,Campur,Ya,Tidak,Ya,Ya,Ya,Ya,Tidak,Ya,Tidak,Ya,Tidak,Ya,Tidak
4708,Kos Nusantara Solo 4708,Solo,Laweyan,1050000,Putra,Ya,Ya,Tidak,Ya,Tidak,Ya,Ya,Ya,Tidak,Ya,Ya,Ya,Tidak
4709,Kos Sakura Solo 4709,Solo,Serengan,600000,Putri,Ya,Tidak,Ya,Ya,Ya,Ya,Tidak,Ya,Tidak,Ya,Tidak,Ya,Tidak
4710,Kos Permata Solo 4710,Solo,Jebres,800000,Putri,Ya,Tidak,Ya,Ya,Ya,Ya,Tidak,Ya,Tidak,Ya,Ya,Ya,Ya
4711,Kos Sakura Solo 4711,Solo,Banjarsari,1200000,Putri,Ya,Ya,Ya,Ya,Ya,Ya,Tidak,Ya,Tidak,Tidak,Tidak,Ya,Tidak
4712,Kos Amanah Solo 4712,Solo,Jebres,1250000,Putri,Ya,Ya,Tidak,Ya,Ya,Ya,Ya,Tidak,Tidak,Ya,Ya,Ya,Tidak
4713,Kos Nusantara Solo 4713,Solo,Jebres,1050000,Putra,Ya,Tidak,Tidak,Ya,Ya,Tidak,Tidak,Ya,Tidak,Tidak,Ya,Ya,Tidak
4714,Kos Amanah Solo 4714,Solo,Laweyan,1100000,Putri,Ya,Ya,Ya,Ya,Ya,Tidak,Ya,Ya,Tidak,Tidak,Tidak,Ya,Ya
4715,Kos Melati Solo 4715,Solo,Jebres,1050000,Putra,Ya,Tidak,Ya,Ya,Ya,Ya,Ya,Ya,Tidak,Tidak,Tidak,Tidak,Ya
4716,Kos Kenanga Solo 4716,Solo,Banjarsari,700000,Campur,Ya,Ya,Tidak,Ya,Ya,Tidak,Tidak,Ya,Tidak,Tidak,Ya,Ya,Ya
4717,Kos Puspa Solo 4717,Solo,Serengan,1500000,Putri,Ya,Tidak,Tidak,Ya,Ya,Ya,Ya,Ya,Tidak,Tidak,Tidak,Ya,Ya
4718,Kos Wijaya Solo 4718,Solo,Banjarsari,550000,Putra,Ya,Ya,Ya,Ya,Ya,Ya,Ya,Ya,Tidak,Ya,Ya,Tidak,Ya
4719,Kos Puspa Solo 4719,Solo,Pasar Kliwon,1050000,Campur,Ya,Tidak,Ya,Ya,Tidak,Tidak,Tidak,Ya,Tidak,Tidak,Tidak,Ya,Tidak
4720,Kos Anggrek Solo 4720,Solo,Jebres,500000,Campur,Ya,Tidak,Ya,Ya,Ya,Ya,Ya,Ya,Ya,Ya,Tidak,Ya,Ya
4721,Kos Sakura Solo 4721,Solo,Serengan,900000,Putri,Ya,Ya,Ya,Ya,Ya,Ya,Ya,Ya,Ya,Tidak,Ya,Ya,Tidak
4722,Kos Kenanga Solo 4722,Solo,Pasar Kliwon,1050000,Putra,Ya,Tidak,Ya,Ya,Ya,Tidak,Ya,Tidak,Ya,Tidak,Ya,Tidak,Tidak
4723,Kos Wijaya Solo 4723,Solo,Serengan,1400000,Campur,Ya,Tidak,Ya,Ya,Ya,Tidak,Tidak,Ya,Tidak,Tidak,Ya,Ya,Ya
4724,Kos Nusantara Solo 4724,Solo,Jebres,900000,Putra,Ya,Ya,Ya,Ya,Ya,Ya,Ya,Ya,Tidak,Tidak,Tidak,Ya,Tidak
4725,Kos Melati Solo 4725,Solo,Serengan,850000,Putra,Tidak,Tidak,Tidak,Ya,Ya,Tidak,Tidak,Ya,Tidak,Ya,Ya,Ya,Tidak
4726,Kos Sakura Solo 4726,Solo,Laweyan,1400000,Putra,Ya,Tidak,Tidak,Ya,Ya,Ya,Ya,Ya,Tidak,Tidak,Ya,Tidak,Tidak
4727,Kos Anggrek Solo 4727,Solo,Serengan,650000,Putri,Tidak,Tidak,Ya,Ya,Ya,Ya,Tidak,Ya,Tidak,Tidak,Tidak,Ya,Ya
4728,Kos Permata Solo 4728,Solo,Banjarsari,1100000,Campur,Ya,Tidak,Tidak,Ya,Ya,Ya,Ya,Ya,Tidak,Tidak,Ya,Tidak,Ya
4729,Kos Kenanga Solo 4729,Solo,Banjarsari,1000000,Putra,Ya,Tidak,Tidak,Ya,Ya,Tidak,Tidak,Ya,Ya,Ya,Ya,Tidak,Tidak
4730,Kos Harmoni Solo 4730,Solo,Pasar Kliwon,1250000,Putri,Ya,Tidak,Ya,Ya,Ya,Ya,Tidak,Ya,Tidak,Tidak,Tidak,Ya,Tidak
4731,Kos Harmoni Solo 4731,Solo,Banjarsari,800000,Putra,Ya,Tidak,Ya,Ya,Tidak,Ya,Tidak,Tidak,Tidak,Ya,Ya,Ya,Tidak
4732,Kos Puspa Solo 4732,Solo,Serengan,1000000,Putra,Ya,Tidak,Tidak,Ya,Ya,Tidak,Tidak,Ya,Tidak,Ya,Tidak,Ya,Ya
4733,Kos Melati Solo 4733,Solo,Pasar Kliwon,1000000,Campur,Ya,Tidak,Tidak,Ya,Tidak,Ya,Ya,Ya,Tidak,Tidak,Ya,Ya,Ya
4734,Kos Cendana Solo 4734,Solo,Banjarsari,800000,Putri,Ya,Tidak,Ya,Ya,Ya,Ya,Ya,Ya,Tidak,Ya,Ya,Ya,Tidak
4735,Kos Wijaya Solo 4735,Solo,Serengan,750000,Putra,Ya,Tidak,Ya,Ya,Ya,Ya,Ya,Ya,Tidak,Tidak,Tidak,Tidak,Tidak
4736,Kos Wijaya Solo 4736,Solo,Pasar Kliwon,550000,Putra,Ya,Tidak,Tidak,Ya,Ya,Ya,Ya,Ya,Tidak,Ya,Ya,Ya,Tidak
4737,Kos Anggrek Solo 4737,Solo,Serengan,650000,Putri,Ya,Tidak,Tidak,Ya,Ya,Tidak,Ya,Ya,Tidak,Tidak,Tidak,Ya,Ya
4738,Kos Kenanga Solo 4738,Solo,Pasar Kliwon,700000,Putri,Tidak,Ya,Ya,Ya,Ya,Ya,Ya,Ya,Tidak,Tidak,Tidak,Tidak,Ya
4739,Kos Nusantara Solo 4739,Solo,Banjarsari,600000,Putra,Ya,Ya,Tidak,Ya,Ya,Tidak,Tidak,Tidak,Ya,Tidak,Tidak,Ya,Tidak
4740,Kos Puspa Solo 4740,Solo,Laweyan,1250000,Putra,Ya,Tidak,Tidak,Ya,Tidak,Ya,Tidak,Ya,Tidak,Tidak,Ya,Ya,Tidak
4741,Kos Cendana Solo 4741,Solo,Laweyan,1250000,Campur,Ya,Ya,Ya,Ya,Ya,Ya,Tidak,Ya,Ya,Ya,Ya,Ya,Ya
4742,Kos Permata Solo 4742,Solo,Serengan,1150000,Putri,Ya,Tidak,Tidak,Ya,Ya,Tidak,Ya,Ya,Tidak,Tidak,Tidak,Tidak,Ya
4743,Kos Melati Solo 4743,Solo,Banjarsari,1200000,Campur,Ya,Ya,Tidak,Ya,Ya,Tidak,Ya,Ya,Tidak,Tidak,Ya,Ya,Ya
4744,Kos Cendana Solo 4744,Solo,Banjarsari,700000,Putri,Ya,Ya,Tidak,Ya,Ya,Tidak,Ya,Ya,Tidak,Ya,Ya,Tidak,Ya
4745,Kos Cendana Solo 4745,Solo,Banjarsari,900000,Putra,Ya,Tidak,Tidak,Ya,Ya,Tidak,Ya,Ya,Tidak,Tidak,Tidak,Ya,Tidak
4746,Kos Harmoni Solo 4746,Solo,Laweyan,700000,Putri,Ya,Ya,Tidak,Ya,Ya,Ya,Ya,Ya,Tidak,Tidak,Tidak,Ya,Tidak
4747,Kos Puspa Solo 4747,Solo,Pasar Kliwon,1150000,Putra,Tidak,Ya,Tidak,Ya,Ya,Ya,Ya,Ya,Ya,Tidak,Ya,Tidak,Tidak
4748,Kos Sakura Solo 4748,Solo,Jebres,700000,Campur,Ya,Tidak,Tidak,Ya,Ya,Ya,Ya,Ya,Tidak,Ya,Ya,Ya,Tidak
4749,Kos Permata Solo 4749,Solo,Laweyan,800000,Campur,Ya,Ya,Tidak,Ya,Ya,Ya,Tidak,Ya,Tidak,Ya,Tidak,Tidak,Ya
4750,Kos Wijaya Solo 4750,Solo,Pasar Kliwon,550000,Putri,Ya,Tidak,Ya,Ya,Ya,Ya,Tidak,Ya,Tidak,Tidak,Ya,Ya,Ya
4751,Kos Anggrek Solo 4751,Solo,Serengan,1450000,Putri,Ya,Ya,Ya,Ya,Ya,Ya,Ya,Ya,Ya,Ya,Tidak,Ya,Tidak
4752,Kos Nusantara Solo 4752,Solo,Laweyan,1250000,Campur,Tidak,Tidak,Tidak,Ya,Ya,Ya,Ya,Tidak,Tidak,Ya,Tidak,Ya,Ya
4753,Kos Amanah Solo 4753,Solo,Serengan,1500000,Campur,Ya,Tidak,Ya,Ya,Ya,Ya,Ya,Ya,Tidak,Tidak,Ya,Ya,Tidak
4754,Kos Puspa Solo 4754,Solo,Banjarsari,900000,Putri,Ya,Tidak,Tidak,Ya,Ya,Tidak,Tidak,Ya,Tidak,Tidak,Ya,Tidak,Tidak
4755,Kos Cendana Solo 4755,Solo,Laweyan,750000,Putri,Ya,Tidak,Ya,Ya,Ya,Ya,Ya,Tidak,Tidak,Ya,Tidak,Ya,Tidak
4756,Kos Harmoni Solo 4756,Solo,Serengan,900000,Campur,Ya,Tidak,Tidak,Ya,Ya,Tidak,Tidak,Ya,Tidak,Tidak,Tidak,Tidak,Ya
4757,Kos Mawar Solo 4757,Solo,Banjarsari,1050000,Putra,Ya,Ya,Ya,Ya,Tidak,Ya,Tidak,Tidak,Tidak,Tidak,Tidak,Ya,Tidak
4758,Kos Mawar Solo 4758,Solo,Banjarsari,750000,Putra,Ya,Tidak,Tidak,Ya,Ya,Ya,Ya,Ya,Tidak,Ya,Ya,Tidak,Tidak
4759,Kos Nusantara Solo 4759,Solo,Pasar Kliwon,1250000,Campur,Ya,Ya,Ya,Ya,Ya,Ya,Ya,Ya,Tidak,Tidak,Ya,Ya,Tidak
4760,Kos Melati Solo 4760,Solo,Banjarsari,900000,Putra,Tidak,Ya,Ya,Ya,Ya,Tidak,Tidak,Ya,Tidak,Ya,Ya,Ya,Ya
4761,Kos Kenanga Solo 4761,Solo,Serengan,1150000,Putri,Ya,Ya,Ya,Ya,Ya,Ya,Ya,Ya,Tidak,Tidak,Tidak,Ya,Tidak
4762,Kos Cendana Solo 4762,Solo,Banjarsari,500000,Campur,Ya,Tidak,Tidak,Ya,Ya,Ya,Ya,Ya,Tidak,Tidak,Tidak,Tidak,Ya
4763,Kos Puspa Solo 4763,Solo,Pasar Kliwon,800000,Putri,Tidak,Tidak,Tidak,Ya,Ya,Tidak,Ya,Ya,Tidak,Tidak,Ya,Tidak,Ya
4764,Kos Harmoni Solo 4764,Solo,Banjarsari,1500000,Putra,Ya,Ya,Ya,Ya,Ya,Tidak,Ya,Ya,Tidak,Tidak,Tidak,Ya,Ya
4765,Kos Wijaya Solo 4765,Solo,Laweyan,950000,Putra,Ya,Ya,Tidak,Ya,Tidak,Ya,Tidak,Ya,Tidak,Tidak,Tidak,Tidak,Tidak
4766,Kos Mawar Solo 4766,Solo,Pasar Kliwon,600000,Putri,Ya,Tidak,Tidak,Ya,Ya,Ya,Tidak,Ya,Tidak,Tidak,Ya,Tidak,Ya
4767,Kos Anggrek Solo 4767,Solo,Banjarsari,1150000,Putri,Ya,Tidak,Ya,Ya,Ya,Ya,Ya,Ya,Ya,Ya,Ya,Ya,Tidak
4768,Kos Permata Solo 4768,Solo,Pasar Kliwon,1000000,Putra,Ya,Tidak,Tidak,Ya,Tidak,Ya,Tidak,Ya,Tidak,Tidak,Tidak,Ya,Ya
4769,Kos Melati Solo 4769,Solo,Banjarsari,1250000,Putri,Ya,Tidak,Tidak,Ya,Ya,Ya,Ya,Ya,Tidak,Ya,Tidak,Tidak,Tidak
4770,Kos Permata Solo 4770,Solo,Jebres,800000,Putri,Ya,Tidak,Tidak,Ya,Ya,Ya,Tidak,Ya,Tidak,Tidak,Ya,Tidak,Ya
4771,Kos Cendana Solo 4771,Solo,Serengan,1300000,Putra,Ya,Ya,Tidak,Ya,Ya,Tidak,Tidak,Ya,Ya,Tidak,Ya,Tidak,Tidak
4772,Kos Sakura Solo 4772,Solo,Pasar Kliwon,1050000,Campur,Ya,Ya,Ya,Ya,Ya,Ya,Ya,Tidak,Tidak,Tidak,Tidak,Ya,Ya
4773,Kos Mawar Solo 4773,Solo,Laweyan,1350000,Putri,Ya,Tidak,Ya,Ya,Ya,Ya,Tidak,Ya,Tidak,Ya,Tidak,Tidak,Tidak
4774,Kos Kenanga Solo 4774,Solo,Serengan,1100000,Putra,Tidak,Tidak,Ya,Ya,Ya,Ya,Ya,Ya,Tidak,Tidak,Ya,Ya,Tidak
4775,Kos Melati Solo 4775,Solo,Serengan,1500000,Putra,Ya,Tidak,Tidak,Ya,Ya,Tidak,Tidak,Ya,Ya,Ya,Tidak,Ya,Ya
4776,Kos Cendana Solo 4776,Solo,Jebres,1050000,Putra,Ya,Ya,Ya,Ya,Ya,Ya,Ya,Ya,Ya,Tidak,Tidak,Ya,Ya
4777,Kos Permata Solo 4777,Solo,Pasar Kliwon,1500000,Putri,Ya,Ya,Ya,Ya,Ya,Ya,Tidak,Ya,Tidak,Ya,Ya,Tidak,Tidak
4778,Kos Nusantara Solo 4778,Solo,Laweyan,1000000,Campur,Ya,Tidak,Ya,Ya,Ya,Ya,Tidak,Ya,Ya,Tidak,Tidak,Ya,Tidak
4779,Kos Wijaya Solo 4779,Solo,Banjarsari,900000,Putra,Ya,Tidak,Ya,Ya,Ya,Tidak,Ya,Ya,Ya,Tidak,Ya,Tidak,Ya
4780,Kos Nusantara Solo 4780,Solo,Jebres,1000000,Putri,Ya,Ya,Ya,Ya,Tidak,Ya,Ya,Ya,Tidak,Ya,Tidak,Tidak,Ya
4781,Kos Sakura Solo 4781,Solo,Serengan,1350000,Campur,Ya,Tidak,Ya,Ya,Ya,Ya,Ya,Ya,Tidak,Tidak,Tidak,Tidak,Tidak
4782,Kos Puspa Solo 4782,Solo,Serengan,750000,Putri,Ya,Ya,Tidak,Ya,Ya,Ya,Ya,Tidak,Tidak,Tidak,Tidak,Tidak,Tidak
4783,Kos Cendana Solo 4783,Solo,Pasar Kliwon,550000,Putra,Ya,Ya,Ya,Ya,Ya,Ya,Tidak,Ya,Tidak,Tidak,Ya,Tidak,Ya
4784,Kos Harmoni Solo 4784,Solo,Jebres,800000,Putra,Ya,Tidak,Ya,Ya,Ya,Tidak,Tidak,Ya,Tidak,Ya,Ya,Ya,Ya
4785,Kos Permata Solo 4785,Solo,Serengan,700000,Putra,Ya,Ya,Ya,Ya,Ya,Ya,Tidak,Ya,Tidak,Tidak,Tidak,Ya,Ya
4786,Kos Mawar Solo 4786,Solo,Jebres,1400000,Putri,Ya,Tidak,Tidak,Ya,Ya,Ya,Ya,Ya,Tidak,Ya,Tidak,Ya,Tidak
4787,Kos Permata Solo 4787,Solo,Pasar Kliwon,1100000,Putra,Tidak,Tidak,Tidak,Ya,Ya,Ya,Ya,Ya,Tidak,Ya,Tidak,Tidak,Ya
4788,Kos Harmoni Solo 4788,Solo,Jebres,1100000,Putri,Tidak,Tidak,Tidak,Ya,Tidak,Ya,Ya,Ya,Ya,Tidak,Tidak,Ya,Ya
4789,Kos Kenanga Solo 4789,Solo,Banjarsari,1200000,Putra,Ya,Tidak,Ya,Ya,Ya,Ya,Tidak,Ya,Tidak,Ya,Tidak,Ya,Tidak
4790,Kos Kenanga Solo 4790,Solo,Laweyan,1150000,Campur,Ya,Tidak,Ya,Ya,Ya,Tidak,Ya,Ya,Tidak,Ya,Tidak,Ya,Ya
4791,Kos Anggrek Solo 4791,Solo,Jebres,1450000,Putra,Ya,Tidak,Tidak,Ya,Ya,Ya,Tidak,Ya,Tidak,Ya,Tidak,Ya,Ya
4792,Kos Harmoni Solo 4792,Solo,Jebres,500000,Putra,Ya,Tidak,Ya,Ya,Ya,Ya,Tidak,Ya,Tidak,Tidak,Ya,Ya,Tidak
4793,Kos Cendana Solo 4793,Solo,Banjarsari,600000,Putra,Ya,Tidak,Tidak,Ya,Ya,Tidak,Ya,Ya,Tidak,Ya,Tidak,Tidak,Tidak
4794,Kos Amanah Solo 4794,Solo,Jebres,1100000,Putra,Ya,Ya,Tidak,Ya,Ya,Ya,Tidak,Ya,Ya,Tidak,Ya,Tidak,Tidak
4795,Kos Mawar Solo 4795,Solo,Banjarsari,1450000,Campur,Ya,Ya,Tidak,Ya,Ya,Ya,Tidak,Ya,Ya,Ya,Tidak,Tidak,Tidak
4796,Kos Melati Solo 4796,Solo,Banjarsari,900000,Putri,Ya,Ya,Tidak,Ya,Ya,Ya,Tidak,Ya,Ya,Ya,Ya,Ya,Tidak
4797,Kos Nusantara Solo 4797,Solo,Banjarsari,550000,Campur,Ya,Tidak,Ya,Ya,Ya,Ya,Ya,Ya,Tidak,Tidak,Tidak,Ya,Ya
4798,Kos Melati Solo 4798,Solo,Laweyan,1350000,Putra,Ya,Tidak,Ya,Ya,Ya,Ya,Ya,Ya,Tidak,Tidak,Tidak,Ya,Ya
4799,Kos Anggrek Solo 4799,Solo,Serengan,1200000,Putri,Ya,Tidak,Ya,Ya,Ya,Ya,Ya,Ya,Tidak,Tidak,Ya,Ya,Ya
4800,Kos Nusantara Solo 4800,Solo,Jebres,1050000,Putra,Ya,Ya,Tidak,Ya,Ya,Tidak,Tidak,Ya,Tidak,Tidak,Tidak,Ya,Ya
4801,Kos Anggrek Solo 4801,Solo,Serengan,1500000,Putra,Ya,Tidak,Ya,Ya,Ya,Ya,Tidak,Ya,Tidak,Tidak,Ya,Ya,Ya
4802,Kos Permata Solo 4802,Solo,Pasar Kliwon,500000,Putri,Ya,Tidak,Tidak,Ya,Ya,Ya,Tidak,Ya,Tidak,Tidak,Tidak,Ya,Ya
4803,Kos Puspa Solo 4803,Solo,Pasar Kliwon,1500000,Putri,Ya,Ya,Tidak,Ya,Ya,Ya,Ya,Ya,Tidak,Tidak,Ya,Tidak,Ya
4804,Kos Melati Solo 4804,Solo,Banjarsari,700000,Putri,Ya,Tidak,Ya,Ya,Tidak,Ya,Ya,Ya,Tidak,Tidak,Tidak,Tidak,Tidak
4805,Kos Mawar Solo 4805,Solo,Serengan,1000000,Campur,Ya,Tidak,Tidak,Ya,Ya,Tidak,Ya,Ya,Tidak,Ya,Ya,Tidak,Tidak
4806,Kos Harmoni Solo 4806,Solo,Serengan,550000,Campur,Ya,Ya,Ya,Ya,Ya,Ya,Ya,Ya,Tidak,Ya,Tidak,Ya,Ya
4807,Kos Melati Solo 4807,Solo,Pasar Kliwon,1400000,Putri,Ya,Tidak,Tidak,Ya,Ya,Tidak,Tidak,Ya,Ya,Ya,Tidak,Tidak,Ya
4808,Kos Permata Solo 4808,Solo,Banjarsari,650000,Putri,Ya,Tidak,Ya,Ya,Ya,Ya,Ya,Ya,Tidak,Ya,Tidak,Ya,Ya
4809,Kos Puspa Solo 4809,Solo,Serengan,950000,Campur,Ya,Tidak,Tidak,Ya,Tidak,Ya,Ya,Ya,Ya,Ya,Tidak,Tidak,Ya
4810,Kos Harmoni Solo 4810,Solo,Banjarsari,1400000,Campur,Ya,Tidak,Tidak,Ya,Ya,Ya,Tidak,Ya,Ya,Ya,Ya,Ya,Ya
4811,Kos Puspa Solo 4811,Solo,Pasar Kliwon,1000000,Putri,Ya,Tidak,Tidak,Ya,Ya,Ya,Tidak,Ya,Ya,Ya,Ya,Ya,Ya
4812,Kos Nusantara Solo 4812,Solo,Jebres,1250000,Putra,Ya,Tidak,Tidak,Ya,Ya,Ya,Tidak,Ya,Tidak,Tidak,Tidak,Ya,Ya
4813,Kos Amanah Solo 4813,Solo,Jebres,1200000,Campur,Ya,Ya,Tidak,Ya,Ya,Ya,Ya,Ya,Tidak,Tidak,Ya,Tidak,Ya
4814,Kos Nusantara Solo 4814,Solo,Pasar Kliwon,550000,Campur,Ya,Ya,Tidak,Ya,Ya,Ya,Tidak,Tidak,Tidak,Tidak,Tidak,Ya,Ya
4815,Kos Puspa Solo 4815,Solo,Banjarsari,600000,Putra,Ya,Tidak,Tidak,Ya,Ya,Ya,Ya,Ya,Tidak,Tidak,Tidak,Tidak,Ya
4816,Kos Cendana Solo 4816,Solo,Pasar Kliwon,700000,Putri,Ya,Tidak,Tidak,Ya,Ya,Ya,Ya,Tidak,Tidak,Tidak,Tidak,Ya,Tidak
4817,Kos Kenanga Solo 4817,Solo,Laweyan,850000,Putra,Ya,Ya,Tidak,Ya,Ya,Tidak,Ya,Ya,Tidak,Ya,Ya,Ya,Ya
4818,Kos Puspa Solo 4818,Solo,Laweyan,500000,Putra,Ya,Ya,Tidak,Ya,Ya,Tidak,Tidak,Ya,Tidak,Ya,Tidak,Tidak,Tidak
4819,Kos Sakura Solo 4819,Solo,Jebres,500000,Putra,Ya,Tidak,Tidak,Ya,Ya,Ya,Tidak,Ya,Tidak,Tidak,Tidak,Ya,Ya
4820,Kos Nusantara Solo 4820,Solo,Banjarsari,800000,Campur,Ya,Tidak,Tidak,Ya,Ya,Ya,Ya,Ya,Ya,Tidak,Ya,Ya,Ya
4821,Kos Wijaya Solo 4821,Solo,Pasar Kliwon,700000,Campur,Ya,Ya,Tidak,Ya,Ya,Ya,Tidak,Ya,Ya,Ya,Tidak,Ya,Ya
4822,Kos Melati Solo 4822,Solo,Pasar Kliwon,1450000,Campur,Ya,Ya,Ya,Ya,Ya,Tidak,Ya,Ya,Tidak,Tidak,Ya,Tidak,Ya
4823,Kos Cendana Solo 4823,Solo,Serengan,1050000,Putri,Ya,Ya,Ya,Ya,Ya,Tidak,Tidak,Ya,Ya,Tidak,Tidak,Ya,Ya
4824,Kos Anggrek Solo 4824,Solo,Banjarsari,900000,Putra,Ya,Ya,Ya,Ya,Ya,Ya,Tidak,Ya,Tidak,Ya,Tidak,Tidak,Ya
4825,Kos Mawar Solo 4825,Solo,Pasar Kliwon,1300000,Putra,Ya,Tidak,Tidak,Ya,Ya,Ya,Ya,Ya,Tidak,Tidak,Tidak,Tidak,Ya
4826,Kos Nusantara Solo 4826,Solo,Jebres,1450000,Putra,Ya,Ya,Ya,Ya,Ya,Ya,Ya,Ya,Tidak,Tidak,Tidak,Ya,Tidak
4827,Kos Anggrek Solo 4827,Solo,Pasar Kliwon,1200000,Putra,Ya,Ya,Ya,Ya,Ya,Ya,Ya,Tidak,Ya,Ya,Ya,Ya,Ya
4828,Kos Amanah Solo 4828,Solo,Jebres,1300000,Putra,Ya,Ya,Ya,Ya,Ya,Ya,Tidak,Ya,Ya,Ya,Ya,Ya,Tidak
4829,Kos Permata Solo 4829,Solo,Pasar Kliwon,1500000,Putri,Ya,Tidak,Tidak,Ya,Tidak,Ya,Ya,Ya,Ya,Tidak,Tidak,Tidak,Ya
4830,Kos Puspa Solo 4830,Solo,Pasar Kliwon,750000,Putri,Ya,Tidak,Tidak,Ya,Ya,Tidak,Tidak,Tidak,Tidak,Tidak,Ya,Tidak,Ya
4831,Kos Nusantara Solo 4831,Solo,Laweyan,600000,Putri,Ya,Tidak,Ya,Ya,Ya,Tidak,Tidak,Ya,Tidak,Ya,Ya,Ya,Tidak
4832,Kos Cendana Solo 4832,Solo,Jebres,650000,Putra,Ya,Tidak,Tidak,Ya,Ya,Ya,Tidak,Ya,Tidak,Ya,Ya,Ya,Tidak
4833,Kos Nusantara Solo 4833,Solo,Jebres,700000,Putri,Ya,Tidak,Ya,Ya,Ya,Ya,Ya,Ya,Tidak,Tidak,Tidak,Tidak,Tidak
4834,Kos Harmoni Solo 4834,Solo,Banjarsari,1000000,Putri,Ya,Tidak,Ya,Ya,Ya,Ya,Ya,Ya,Ya,Tidak,Ya,Tidak,Tidak
4835,Kos Puspa Solo 4835,Solo,Pasar Kliwon,1150000,Putri,Ya,Tidak,Ya,Ya,Ya,Ya,Ya,Ya,Tidak,Ya,Tidak,Tidak,Tidak
4836,Kos Puspa Solo 4836,Solo,Laweyan,1500000,Putri,Ya,Ya,Tidak,Ya,Ya,Ya,Tidak,Ya,Ya,Tidak,Tidak,Ya,Ya
4837,Kos Cendana Solo 4837,Solo,Banjarsari,550000,Putra,Ya,Tidak,Ya,Ya,Ya,Ya,Ya,Ya,Tidak,Ya,Ya,Ya,Ya
4838,Kos Melati Solo 4838,Solo,Jebres,1150000,Putri,Ya,Ya,Ya,Ya,Ya,Ya,Ya,Ya,Tidak,Ya,Tidak,Tidak,Tidak
4839,Kos Melati Solo 4839,Solo,Jebres,1450000,Putra,Ya,Tidak,Tidak,Ya,Ya,Tidak,Ya,Ya,Tidak,Tidak,Ya,Ya,Tidak
4840,Kos Cendana Solo 4840,Solo,Jebres,600000,Putra,Ya,Tidak,Ya,Ya,Ya,Ya,Ya,Ya,Tidak,Ya,Tidak,Ya,Tidak
4841,Kos Anggrek Solo 4841,Solo,Pasar Kliwon,950000,Campur,Ya,Ya,Ya,Ya,Ya,Tidak,Tidak,Ya,Tidak,Ya,Tidak,Ya,Tidak
4842,Kos Mawar Solo 4842,Solo,Pasar Kliwon,1000000,Putri,Ya,Ya,Ya,Ya,Ya,Tidak,Ya,Ya,Tidak,Ya,Ya,Tidak,Ya
4843,Kos Permata Solo 4843,Solo,Laweyan,1000000,Campur,Tidak,Ya,Tidak,Ya,Ya,Ya,Ya,Ya,Tidak,Tidak,Ya,Ya,Ya
4844,Kos Sakura Solo 4844,Solo,Pasar Kliwon,1300000,Campur,Ya,Tidak,Tidak,Ya,Ya,Ya,Ya,Ya,Ya,Tidak,Ya,Tidak,Tidak
4845,Kos Kenanga Solo 4845,Solo,Banjarsari,650000,Putri,Ya,Ya,Tidak,Ya,Ya,Ya,Tidak,Ya,Ya,Tidak,Tidak,Ya,Ya
4846,Kos Mawar Solo 4846,Solo,Jebres,750000,Putra,Ya,Tidak,Tidak,Ya,Ya,Ya,Ya,Ya,Tidak,Ya,Tidak,Ya,Ya
4847,Kos Puspa Solo 4847,Solo,Banjarsari,1500000,Putri,Ya,Ya,Tidak,Ya,Ya,Ya,Tidak,Ya,Ya,Ya,Ya,Tidak,Ya
4848,Kos Nusantara Solo 4848,Solo,Laweyan,750000,Campur,Tidak,Ya,Ya,Ya,Ya,Ya,Ya,Ya,Tidak,Ya,Tidak,Tidak,Ya
4849,Kos Puspa Solo 4849,Solo,Banjarsari,1100000,Putra,Ya,Tidak,Ya,Ya,Ya,Ya,Ya,Ya,Ya,Ya,Tidak,Ya,Tidak
4850,Kos Mawar Solo 4850,Solo,Laweyan,550000,Putra,Ya,Ya,Ya,Ya,Ya,Tidak,Ya,Ya,Tidak,Tidak,Ya,Tidak,Ya
4851,Kos Anggrek Solo 4851,Solo,Banjarsari,850000,Putra,Ya,Tidak,Ya,Ya,Ya,Tidak,Ya,Ya,Tidak,Ya,Tidak,Tidak,Tidak
4852,Kos Anggrek Solo 4852,Solo,Laweyan,500000,Campur,Ya,Tidak,Ya,Ya,Ya,Ya,Ya,Ya,Ya,Ya,Ya,Ya,Tidak
4853,Kos Anggrek Solo 4853,Solo,Pasar Kliwon,1400000,Putra,Ya,Ya,Tidak,Ya,Ya,Ya,Ya,Ya,Tidak,Ya,Tidak,Ya,Ya
4854,Kos Sakura Solo 4854,Solo,Pasar Kliwon,1100000,Putri,Ya,Ya,Tidak,Ya,Ya,Tidak,Ya,Ya,Ya,Tidak,Ya,Tidak,Ya
4855,Kos Harmoni Solo 4855,Solo,Laweyan,650000,Putra,Ya,Tidak,Tidak,Ya,Ya,Ya,Ya,Ya,Tidak,Ya,Ya,Ya,Tidak
4856,Kos Cendana Solo 4856,Solo,Pasar Kliwon,1150000,Putri,Ya,Ya,Tidak,Ya,Tidak,Ya,Tidak,Ya,Ya,Ya,Ya,Tidak,Ya
4857,Kos Sakura Solo 4857,Solo,Banjarsari,600000,Putri,Ya,Tidak,Tidak,Ya,Ya,Tidak,Ya,Ya,Tidak,Tidak,Tidak,Tidak,Tidak
4858,Kos Kenanga Solo 4858,Solo,Laweyan,1100000,Campur,Ya,Tidak,Tidak,Ya,Ya,Ya,Ya,Ya,Tidak,Ya,Tidak,Ya,Tidak
4859,Kos Permata Solo 4859,Solo,Jebres,1000000,Putra,Ya,Ya,Ya,Ya,Ya,Ya,Ya,Ya,Ya,Ya,Tidak,Ya,Ya
4860,Kos Puspa Solo 4860,Solo,Banjarsari,700000,Putri,Tidak,Tidak,Ya,Ya,Ya,Tidak,Ya,Ya,Tidak,Tidak,Tidak,Ya,Tidak
4861,Kos Harmoni Solo 4861,Solo,Laweyan,1300000,Putra,Ya,Ya,Ya,Ya,Ya,Ya,Tidak,Ya,Ya,Tidak,Tidak,Ya,Tidak
4862,Kos Sakura Solo 4862,Solo,Jebres,1000000,Putra,Tidak,Tidak,Ya,Ya,Ya,Ya,Tidak,Ya,Tidak,Ya,Tidak,Ya,Tidak
4863,Kos Melati Solo 4863,Solo,Serengan,1450000,Campur,Ya,Tidak,Ya,Ya,Ya,Ya,Ya,Ya,Tidak,Tidak,Tidak,Tidak,Tidak
4864,Kos Harmoni Solo 4864,Solo,Jebres,650000,Campur,Ya,Tidak,Ya,Ya,Ya,Tidak,Tidak,Ya,Ya,Ya,Tidak,Tidak,Tidak
4865,Kos Melati Solo 4865,Solo,Serengan,1400000,Putra,Ya,Ya,Tidak,Ya,Ya,Ya,Tidak,Ya,Ya,Ya,Ya,Tidak,Ya
4866,Kos Sakura Solo 4866,Solo,Laweyan,1300000,Putri,Ya,Tidak,Tidak,Ya,Ya,Ya,Ya,Ya,Ya,Tidak,Tidak,Ya,Tidak
4867,Kos Mawar Solo 4867,Solo,Laweyan,700000,Putri,Ya,Tidak,Ya,Ya,Ya,Tidak,Ya,Ya,Tidak,Tidak,Tidak,Ya,Tidak
4868,Kos Nusantara Solo 4868,Solo,Serengan,1350000,Putri,Ya,Tidak,Tidak,Ya,Ya,Ya,Ya,Tidak,Tidak,Ya,Ya,Ya,Ya
4869,Kos Kenanga Solo 4869,Solo,Jebres,1500000,Campur,Ya,Ya,Tidak,Ya,Ya,Tidak,Tidak,Ya,Tidak,Ya,Tidak,Ya,Ya
4870,Kos Wijaya Solo 4870,Solo,Pasar Kliwon,1400000,Campur,Ya,Tidak,Ya,Ya,Tidak,Tidak,Tidak,Ya,Tidak,Tidak,Tidak,Tidak,Ya
4871,Kos Permata Solo 4871,Solo,Jebres,950000,Campur,Ya,Tidak,Ya,Ya,Ya,Ya,Tidak,Ya,Ya,Ya,Tidak,Ya,Ya
4872,Kos Melati Solo 4872,Solo,Pasar Kliwon,850000,Putra,Tidak,Tidak,Ya,Ya,Ya,Ya,Ya,Ya,Ya,Ya,Tidak,Ya,Ya
4873,Kos Sakura Solo 4873,Solo,Jebres,650000,Campur,Ya,Tidak,Ya,Ya,Ya,Ya,Tidak,Tidak,Tidak,Tidak,Tidak,Ya,Ya
4874,Kos Cendana Solo 4874,Solo,Laweyan,900000,Putri,Tidak,Ya,Tidak,Ya,Tidak,Ya,Tidak,Ya,Tidak,Ya,Ya,Ya,Tidak
4875,Kos Melati Solo 4875,Solo,Laweyan,950000,Campur,Ya,Tidak,Ya,Ya,Ya,Ya,Tidak,Ya,Tidak,Tidak,Tidak,Ya,Ya
4876,Kos Cendana Solo 4876,Solo,Banjarsari,900000,Putri,Ya,Tidak,Ya,Ya,Ya,Tidak,Ya,Ya,Ya,Ya,Tidak,Ya,Tidak
4877,Kos Harmoni Solo 4877,Solo,Serengan,550000,Putri,Ya,Tidak,Ya,Ya,Ya,Ya,Ya,Ya,Tidak,Tidak,Ya,Ya,Ya
4878,Kos Cendana Solo 4878,Solo,Banjarsari,850000,Putra,Tidak,Tidak,Tidak,Ya,Ya,Tidak,Ya,Ya,Tidak,Ya,Ya,Ya,Ya
4879,Kos Anggrek Solo 4879,Solo,Jebres,800000,Putri,Ya,Tidak,Ya,Ya,Ya,Tidak,Ya,Ya,Tidak,Ya,Ya,Tidak,Ya
4880,Kos Mawar Solo 4880,Solo,Laweyan,700000,Campur,Tidak,Ya,Ya,Ya,Ya,Ya,Tidak,Ya,Ya,Ya,Tidak,Tidak,Ya
4881,Kos Cendana Solo 4881,Solo,Serengan,1400000,Putra,Ya,Ya,Tidak,Ya,Ya,Ya,Tidak,Ya,Tidak,Tidak,Tidak,Ya,Ya
4882,Kos Wijaya Solo 4882,Solo,Serengan,650000,Campur,Ya,Ya,Tidak,Ya,Ya,Tidak,Ya,Ya,Tidak,Ya,Tidak,Ya,Tidak
4883,Kos Sakura Solo 4883,Solo,Banjarsari,500000,Putra,Ya,Tidak,Tidak,Ya,Tidak,Tidak,Ya,Ya,Tidak,Ya,Ya,Ya,Ya
4884,Kos Melati Solo 4884,Solo,Banjarsari,700000,Putri,Ya,Tidak,Tidak,Ya,Ya,Ya,Ya,Ya,Tidak,Tidak,Tidak,Ya,Ya
4885,Kos Amanah Solo 4885,Solo,Banjarsari,1100000,Putra,Tidak,Tidak,Ya,Ya,Ya,Ya,Ya,Ya,Ya,Tidak,Tidak,Ya,Tidak
4886,Kos Mawar Solo 4886,Solo,Banjarsari,1000000,Putri,Ya,Tidak,Tidak,Ya,Ya,Ya,Tidak,Ya,Ya,Tidak,Ya,Ya,Ya
4887,Kos Wijaya Solo 4887,Solo,Pasar Kliwon,650000,Putri,Ya,Tidak,Tidak,Ya,Ya,Ya,Ya,Tidak,Tidak,Ya,Tidak,Ya,Ya
4888,Kos Harmoni Solo 4888,Solo,Banjarsari,850000,Putra,Ya,Tidak,Ya,Ya,Ya,Ya,Ya,Ya,Tidak,Ya,Tidak,Ya,Tidak
4889,Kos Sakura Solo 4889,Solo,Serengan,1450000,Putri,Ya,Ya,Tidak,Ya,Ya,Tidak,Tidak,Ya,Tidak,Ya,Ya,Ya,Ya
4890,Kos Puspa Solo 4890,Solo,Laweyan,1350000,Putri,Ya,Tidak,Tidak,Ya,Ya,Tidak,Ya,Ya,Tidak,Tidak,Ya,Ya,Ya
4891,Kos Kenanga Solo 4891,Solo,Jebres,1100000,Putra,Ya,Ya,Tidak,Ya,Ya,Ya,Ya,Ya,Tidak,Ya,Ya,Ya,Ya
4892,Kos Amanah Solo 4892,Solo,Laweyan,500000,Campur,Ya,Ya,Ya,Ya,Ya,Ya,Ya,Ya,Tidak,Ya,Tidak,Ya,Tidak
4893,Kos Melati Solo 4893,Solo,Banjarsari,800000,Putra,Ya,Ya,Tidak,Ya,Ya,Ya,Tidak,Ya,Ya,Ya,Ya,Ya,Tidak
4894,Kos Sakura Solo 4894,Solo,Laweyan,1000000,Campur,Ya,Tidak,Ya,Ya,Ya,Ya,Ya,Ya,Tidak,Tidak,Ya,Tidak,Ya
4895,Kos Mawar Solo 4895,Solo,Pasar Kliwon,1500000,Campur,Ya,Tidak,Ya,Ya,Ya,Tidak,Tidak,Ya,Tidak,Tidak,Tidak,Ya,Tidak
4896,Kos Sakura Solo 4896,Solo,Jebres,1150000,Putra,Ya,Tidak,Tidak,Ya,Ya,Ya,Ya,Ya,Tidak,Tidak,Tidak,Ya,Ya
4897,Kos Amanah Solo 4897,Solo,Pasar Kliwon,1250000,Putri,Tidak,Tidak,Ya,Ya,Ya,Ya,Tidak,Ya,Ya,Ya,Ya,Tidak,Tidak
4898,Kos Nusantara Solo 4898,Solo,Jebres,650000,Putri,Ya,Tidak,Tidak,Ya,Tidak,Ya,Ya,Ya,Tidak,Tidak,Tidak,Ya,Tidak
4899,Kos Sakura Solo 4899,Solo,Laweyan,1500000,Campur,Ya,Tidak,Ya,Ya,Ya,Ya,Tidak,Ya,Tidak,Ya,Tidak,Ya,Ya
4900,Kos Kenanga Solo 4900,Solo,Banjarsari,750000,Campur,Ya,Tidak,Tidak,Ya,Ya,Tidak,Ya,Ya,Tidak,Tidak,Tidak,Ya,Ya
4901,Kos Mawar Solo 4901,Solo,Jebres,500000,Putra,Tidak,Tidak,Ya,Ya,Ya,Ya,Ya,Ya,Tidak,Ya,Tidak,Ya,Tidak
4902,Kos Kenanga Solo 4902,Solo,Banjarsari,800000,Putra,Ya,Ya,Ya,Ya,Ya,Tidak,Ya,Ya,Tidak,Tidak,Tidak,Ya,Ya
4903,Kos Sakura Solo 4903,Solo,Laweyan,1050000,Putri,Ya,Tidak,Ya,Ya,Ya,Tidak,Ya,Ya,Tidak,Tidak,Tidak,Ya,Tidak
4904,Kos Permata Solo 4904,Solo,Pasar Kliwon,900000,Campur,Ya,Tidak,Tidak,Ya,Ya,Tidak,Ya,Ya,Tidak,Tidak,Ya,Tidak,Tidak
4905,Kos Harmoni Solo 4905,Solo,Jebres,1300000,Putra,Tidak,Tidak,Ya,Ya,Ya,Ya,Tidak,Ya,Tidak,Ya,Tidak,Ya,Ya
4906,Kos Anggrek Solo 4906,Solo,Serengan,1150000,Putra,Ya,Tidak,Tidak,Ya,Ya,Tidak,Ya,Ya,Tidak,Tidak,Tidak,Ya,Tidak
4907,Kos Harmoni Solo 4907,Solo,Laweyan,1300000,Campur,Ya,Tidak,Tidak,Ya,Ya,Tidak,Ya,Ya,Tidak,Tidak,Ya,Tidak,Ya
4908,Kos Harmoni Solo 4908,Solo,Serengan,550000,Putri,Ya,Tidak,Tidak,Ya,Ya,Ya,Ya,Ya,Tidak,Ya,Ya,Ya,Tidak
4909,Kos Nusantara Solo 4909,Solo,Pasar Kliwon,1050000,Putri,Ya,Tidak,Tidak,Ya,Ya,Ya,Ya,Ya,Tidak,Ya,Ya,Tidak,Ya
4910,Kos Amanah Solo 4910,Solo,Serengan,1450000,Putri,Ya,Tidak,Ya,Ya,Ya,Ya,Ya,Ya,Tidak,Tidak,Ya,Ya,Tidak
4911,Kos Nusantara Solo 4911,Solo,Banjarsari,1100000,Campur,Ya,Tidak,Tidak,Ya,Tidak,Ya,Tidak,Ya,Tidak,Tidak,Tidak,Ya,Ya
4912,Kos Kenanga Solo 4912,Solo,Serengan,1000000,Putra,Ya,Ya,Ya,Ya,Ya,Tidak,Tidak,Ya,Ya,Tidak,Ya,Ya,Tidak
4913,Kos Nusantara Solo 4913,Solo,Banjarsari,550000,Putra,Ya,Ya,Ya,Ya,Ya,Ya,Tidak,Ya,Ya,Ya,Tidak,Ya,Tidak
4914,Kos Puspa Solo 4914,Solo,Pasar Kliwon,950000,Putri,Ya,Tidak,Ya,Ya,Ya,Tidak,Tidak,Ya,Tidak,Tidak,Tidak,Ya,Ya
4915,Kos Amanah Solo 4915,Solo,Laweyan,800000,Putri,Ya,Tidak,Tidak,Ya,Ya,Ya,Ya,Ya,Tidak,Tidak,Tidak,Ya,Tidak
4916,Kos Wijaya Solo 4916,Solo,Laweyan,750000,Putri,Tidak,Tidak,Tidak,Ya,Ya,Ya,Ya,Ya,Ya,Ya,Ya,Ya,Tidak
4917,Kos Anggrek Solo 4917,Solo,Laweyan,700000,Putri,Ya,Tidak,Tidak,Ya,Ya,Ya,Ya,Ya,Ya,Ya,Tidak,Ya,Ya
4918,Kos Nusantara Solo 4918,Solo,Serengan,1350000,Campur,Ya,Ya,Ya,Ya,Ya,Ya,Ya,Ya,Tidak,Ya,Tidak,Ya,Tidak
4919,Kos Nusantara Solo 4919,Solo,Jebres,1050000,Putri,Ya,Tidak,Ya,Ya,Ya,Ya,Tidak,Ya,Ya,Ya,Ya,Ya,Ya
4920,Kos Sakura Solo 4920,Solo,Laweyan,1300000,Campur,Ya,Tidak,Tidak,Ya,Ya,Ya,Ya,Ya,Ya,Ya,Tidak,Tidak,Ya
4921,Kos Cendana Solo 4921,Solo,Laweyan,1000000,Putra,Ya,Tidak,Ya,Ya,Ya,Ya,Ya,Ya,Ya,Ya,Tidak,Ya,Tidak
4922,Kos Mawar Solo 4922,Solo,Laweyan,550000,Putra,Ya,Ya,Tidak,Ya,Ya,Ya,Tidak,Tidak,Ya,Tidak,Tidak,Ya,Tidak
4923,Kos Mawar Solo 4923,Solo,Jebres,800000,Putri,Ya,Tidak,Tidak,Ya,Ya,Tidak,Ya,Ya,Tidak,Tidak,Tidak,Ya,Tidak
4924,Kos Kenanga Solo 4924,Solo,Serengan,1300000,Putri,Ya,Tidak,Ya,Ya,Ya,Ya,Tidak,Ya,Ya,Tidak,Tidak,Tidak,Ya
4925,Kos Wijaya Solo 4925,Solo,Serengan,1500000,Putra,Tidak,Tidak,Ya,Ya,Ya,Tidak,Tidak,Ya,Tidak,Tidak,Ya,Ya,Ya
4926,Kos Kenanga Solo 4926,Solo,Laweyan,1300000,Putri,Ya,Ya,Tidak,Ya,Ya,Ya,Ya,Ya,Tidak,Tidak,Ya,Ya,Tidak
4927,Kos Mawar Solo 4927,Solo,Laweyan,900000,Campur,Ya,Ya,Ya,Ya,Ya,Tidak,Ya,Ya,Tidak,Ya,Tidak,Ya,Ya
4928,Kos Sakura Solo 4928,Solo,Serengan,550000,Campur,Ya,Tidak,Tidak,Ya,Ya,Ya,Ya,Ya,Tidak,Ya,Ya,Ya,Tidak
4929,Kos Cendana Solo 4929,Solo,Pasar Kliwon,1500000,Putra,Ya,Ya,Ya,Ya,Tidak,Tidak,Ya,Tidak,Ya,Ya,Tidak,Tidak,Tidak
4930,Kos Harmoni Solo 4930,Solo,Laweyan,1500000,Campur,Ya,Tidak,Tidak,Ya,Ya,Ya,Ya,Ya,Tidak,Ya,Tidak,Ya,Ya
4931,Kos Sakura Solo 4931,Solo,Serengan,1450000,Putri,Ya,Tidak,Ya,Ya,Tidak,Ya,Ya,Ya,Ya,Tidak,Tidak,Ya,Ya
4932,Kos Mawar Solo 4932,Solo,Laweyan,1400000,Campur,Ya,Tidak,Tidak,Ya,Ya,Ya,Tidak,Ya,Tidak,Tidak,Tidak,Ya,Tidak
4933,Kos Permata Solo 4933,Solo,Pasar Kliwon,550000,Campur,Ya,Ya,Ya,Ya,Ya,Tidak,Ya,Ya,Tidak,Ya,Ya,Ya,Tidak
4934,Kos Mawar Solo 4934,Solo,Serengan,500000,Campur,Ya,Ya,Ya,Ya,Ya,Ya,Ya,Ya,Ya,Tidak,Tidak,Tidak,Tidak
4935,Kos Cendana Solo 4935,Solo,Serengan,700000,Putri,Ya,Tidak,Ya,Ya,Ya,Ya,Tidak,Ya,Tidak,Ya,Tidak,Ya,Tidak
4936,Kos Permata Solo 4936,Solo,Pasar Kliwon,1050000,Putri,Ya,Tidak,Ya,Ya,Ya,Ya,Ya,Ya,Tidak,Ya,Ya,Ya,Tidak
4937,Kos Wijaya Solo 4937,Solo,Banjarsari,1050000,Putra,Ya,Tidak,Tidak,Ya,Ya,Ya,Ya,Ya,Tidak,Ya,Ya,Ya,Tidak
4938,Kos Kenanga Solo 4938,Solo,Jebres,700000,Putri,Ya,Ya,Tidak,Ya,Ya,Ya,Ya,Tidak,Ya,Ya,Tidak,Ya,Tidak
4939,Kos Permata Solo 4939,Solo,Jebres,700000,Putri,Ya,Tidak,Tidak,Ya,Ya,Ya,Tidak,Ya,Tidak,Ya,Ya,Ya,Ya
4940,Kos Amanah Solo 4940,Solo,Pasar Kliwon,700000,Campur,Ya,Tidak,Ya,Ya,Ya,Tidak,Tidak,Ya,Tidak,Tidak,Tidak,Tidak,Tidak
4941,Kos Puspa Solo 4941,Solo,Serengan,1250000,Putra,Ya,Ya,Tidak,Ya,Ya,Ya,Ya,Ya,Tidak,Tidak,Ya,Ya,Ya
4942,Kos Permata Solo 4942,Solo,Banjarsari,650000,Putra,Tidak,Tidak,Tidak,Ya,Ya,Ya,Ya,Ya,Tidak,Ya,Ya,Tidak,Tidak
4943,Kos Cendana Solo 4943,Solo,Jebres,550000,Putri,Ya,Tidak,Ya,Ya,Ya,Ya,Ya,Tidak,Ya,Ya,Tidak,Ya,Ya
4944,Kos Nusantara Solo 4944,Solo,Banjarsari,700000,Campur,Ya,Tidak,Tidak,Ya,Ya,Ya,Ya,Ya,Tidak,Ya,Tidak,Ya,Ya
4945,Kos Nusantara Solo 4945,Solo,Pasar Kliwon,550000,Campur,Ya,Ya,Ya,Ya,Ya,Ya,Ya,Ya,Ya,Ya,Tidak,Ya,Ya
4946,Kos Puspa Solo 4946,Solo,Pasar Kliwon,550000,Putra,Ya,Tidak,Tidak,Ya,Ya,Ya,Ya,Ya,Tidak,Ya,Ya,Ya,Ya
4947,Kos Amanah Solo 4947,Solo,Banjarsari,550000,Campur,Ya,Ya,Tidak,Ya,Ya,Ya,Ya,Ya,Ya,Ya,Tidak,Ya,Ya
4948,Kos Permata Solo 4948,Solo,Serengan,1250000,Putra,Ya,Tidak,Tidak,Ya,Ya,Ya,Ya,Ya,Tidak,Tidak,Ya,Ya,Tidak
4949,Kos Anggrek Solo 4949,Solo,Banjarsari,1250000,Putra,Ya,Ya,Tidak,Ya,Ya,Ya,Tidak,Ya,Tidak,Tidak,Tidak,Ya,Ya
4950,Kos Cendana Solo 4950,Solo,Pasar Kliwon,950000,Campur,Ya,Tidak,Ya,Ya,Ya,Ya,Tidak,Ya,Tidak,Ya,Tidak,Tidak,Ya
4951,Kos Sakura Solo 4951,Solo,Serengan,1450000,Putra,Ya,Tidak,Ya,Ya,Ya,Tidak,Tidak,Tidak,Tidak,Ya,Ya,Tidak,Ya
4952,Kos Melati Solo 4952,Solo,Serengan,650000,Putra,Ya,Ya,Tidak,Ya,Ya,Tidak,Tidak,Ya,Ya,Tidak,Tidak,Tidak,Ya
4953,Kos Permata Solo 4953,Solo,Jebres,700000,Campur,Ya,Tidak,Ya,Ya,Tidak,Ya,Ya,Ya,Tidak,Ya,Ya,Ya,Ya
4954,Kos Harmoni Solo 4954,Solo,Banjarsari,900000,Putra,Ya,Tidak,Tidak,Ya,Ya,Ya,Tidak,Ya,Tidak,Ya,Ya,Tidak,Tidak
4955,Kos Wijaya Solo 4955,Solo,Banjarsari,850000,Putri,Ya,Tidak,Ya,Ya,Ya,Ya,Tidak,Ya,Tidak,Ya,Tidak,Ya,Ya
4956,Kos Melati Solo 4956,Solo,Serengan,700000,Putri,Tidak,Ya,Ya,Ya,Ya,Ya,Ya,Ya,Ya,Tidak,Tidak,Ya,Ya
4957,Kos Kenanga Solo 4957,Solo,Serengan,900000,Putri,Ya,Tidak,Ya,Ya,Ya,Ya,Tidak,Ya,Tidak,Tidak,Ya,Tidak,Ya
4958,Kos Permata Solo 4958,Solo,Serengan,900000,Putri,Ya,Tidak,Ya,Ya,Ya,Ya,Tidak,Ya,Tidak,Tidak,Tidak,Ya,Ya
4959,Kos Cendana Solo 4959,Solo,Jebres,1150000,Putri,Ya,Tidak,Tidak,Ya,Ya,Tidak,Ya,Ya,Tidak,Ya,Ya,Tidak,Ya
4960,Kos Harmoni Solo 4960,Solo,Jebres,1250000,Campur,Ya,Tidak,Tidak,Ya,Ya,Ya,Ya,Ya,Tidak,Ya,Tidak,Ya,Ya
4961,Kos Amanah Solo 4961,Solo,Laweyan,900000,Campur,Ya,Tidak,Ya,Ya,Ya,Ya,Ya,Ya,Tidak,Ya,Tidak,Ya,Ya
4962,Kos Sakura Solo 4962,Solo,Banjarsari,850000,Putri,Ya,Tidak,Ya,Ya,Ya,Ya,Tidak,Ya,Ya,Tidak,Ya,Ya,Tidak
4963,Kos Sakura Solo 4963,Solo,Laweyan,1400000,Campur,Ya,Tidak,Tidak,Ya,Ya,Ya,Tidak,Ya,Tidak,Tidak,Tidak,Ya,Ya
4964,Kos Kenanga Solo 4964,Solo,Laweyan,850000,Putra,Ya,Tidak,Ya,Ya,Ya,Ya,Ya,Ya,Tidak,Ya,Ya,Ya,Tidak
4965,Kos Kenanga Solo 4965,Solo,Pasar Kliwon,1400000,Putra,Ya,Tidak,Tidak,Ya,Ya,Ya,Ya,Ya,Tidak,Tidak,Tidak,Ya,Ya
4966,Kos Amanah Solo 4966,Solo,Laweyan,500000,Putri,Ya,Ya,Ya,Ya,Ya,Tidak,Ya,Ya,Tidak,Ya,Ya,Ya,Ya
4967,Kos Nusantara Solo 4967,Solo,Serengan,1000000,Campur,Ya,Tidak,Tidak,Ya,Ya,Ya,Ya,Tidak,Tidak,Ya,Ya,Ya,Ya
4968,Kos Wijaya Solo 4968,Solo,Jebres,1050000,Putri,Ya,Ya,Tidak,Ya,Ya,Ya,Ya,Ya,Ya,Ya,Ya,Ya,Ya
4969,Kos Mawar Solo 4969,Solo,Pasar Kliwon,600000,Putri,Ya,Tidak,Tidak,Ya,Ya,Tidak,Tidak,Ya,Ya,Tidak,Ya,Ya,Ya
4970,Kos Nusantara Solo 4970,Solo,Jebres,650000,Putra,Ya,Tidak,Ya,Ya,Tidak,Ya,Ya,Ya,Tidak,Tidak,Ya,Ya,Tidak
4971,Kos Kenanga Solo 4971,Solo,Pasar Kliwon,1300000,Putra,Ya,Tidak,Ya,Ya,Ya,Ya,Ya,Ya,Ya,Tidak,Tidak,Ya,Tidak
4972,Kos Sakura Solo 4972,Solo,Laweyan,1200000,Putri,Ya,Tidak,Ya,Ya,Ya,Ya,Ya,Ya,Ya,Tidak,Tidak,Ya,Ya
4973,Kos Sakura Solo 4973,Solo,Laweyan,950000,Putra,Ya,Tidak,Ya,Ya,Ya,Ya,Ya,Tidak,Tidak,Tidak,Tidak,Ya,Tidak
4974,Kos Wijaya Solo 4974,Solo,Banjarsari,950000,Putri,Tidak,Ya,Tidak,Ya,Ya,Tidak,Ya,Ya,Tidak,Tidak,Tidak,Tidak,Tidak
4975,Kos Puspa Solo 4975,Solo,Jebres,900000,Putri,Ya,Tidak,Tidak,Ya,Tidak,Ya,Tidak,Ya,Tidak,Tidak,Tidak,Tidak,Ya
4976,Kos Mawar Solo 4976,Solo,Laweyan,1450000,Campur,Ya,Ya,Ya,Ya,Ya,Tidak,Ya,Ya,Tidak,Tidak,Tidak,Ya,Tidak
4977,Kos Permata Solo 4977,Solo,Pasar Kliwon,800000,Campur,Ya,Ya,Ya,Ya,Ya,Ya,Tidak,Ya,Tidak,Tidak,Tidak,Ya,Tidak
4978,Kos Anggrek Solo 4978,Solo,Jebres,950000,Putri,Ya,Ya,Ya,Ya,Ya,Ya,Tidak,Ya,Tidak,Ya,Ya,Tidak,Ya
4979,Kos Cendana Solo 4979,Solo,Laweyan,550000,Campur,Ya,Tidak,Ya,Ya,Ya,Ya,Ya,Ya,Ya,Tidak,Tidak,Ya,Ya
4980,Kos Cendana Solo 4980,Solo,Banjarsari,1350000,Campur,Ya,Tidak,Tidak,Ya,Ya,Ya,Tidak,Ya,Tidak,Tidak,Ya,Tidak,Ya
4981,Kos Kenanga Solo 4981,Solo,Pasar Kliwon,600000,Putri,Ya,Tidak,Ya,Ya,Ya,Ya,Tidak,Ya,Tidak,Tidak,Tidak,Ya,Ya
4982,Kos Mawar Solo 4982,Solo,Laweyan,550000,Putra,Ya,Tidak,Ya,Ya,Ya,Ya,Tidak,Ya,Tidak,Tidak,Tidak,Tidak,Ya
4983,Kos Kenanga Solo 4983,Solo,Banjarsari,750000,Putra,Ya,Tidak,Tidak,Ya,Ya,Ya,Ya,Ya,Ya,Tidak,Ya,Tidak,Tidak
4984,Kos Anggrek Solo 4984,Solo,Banjarsari,1400000,Putri,Ya,Ya,Tidak,Ya,Ya,Ya,Tidak,Ya,Tidak,Ya,Tidak,Ya,Tidak
4985,Kos Kenanga Solo 4985,Solo,Pasar Kliwon,1500000,Campur,Ya,Tidak,Ya,Ya,Ya,Ya,Tidak,Ya,Tidak,Tidak,Tidak,Ya,Ya
4986,Kos Kenanga Solo 4986,Solo,Jebres,1400000,Putri,Tidak,Tidak,Ya,Ya,Ya,Tidak,Ya,Ya,Ya,Ya,Ya,Ya,Tidak
4987,Kos Amanah Solo 4987,Solo,Jebres,1400000,Putri,Tidak,Ya,Tidak,Ya,Ya,Ya,Tidak,Ya,Tidak,Ya,Tidak,Ya,Ya
4988,Kos Sakura Solo 4988,Solo,Pasar Kliwon,1250000,Putri,Ya,Tidak,Tidak,Ya,Ya,Tidak,Ya,Ya,Tidak,Ya,Ya,Tidak,Ya
4989,Kos Melati Solo 4989,Solo,Pasar Kliwon,1300000,Putra,Ya,Tidak,Tidak,Ya,Ya,Ya,Ya,Ya,Tidak,Tidak,Ya,Ya,Ya
4990,Kos Mawar Solo 4990,Solo,Jebres,1450000,Putra,Ya,Ya,Tidak,Ya,Ya,Ya,Tidak,Ya,Tidak,Tidak,Tidak,Tidak,Ya
4991,Kos Harmoni Solo 4991,Solo,Serengan,900000,Putra,Ya,Ya,Ya,Ya,Ya,Tidak,Ya,Ya,Ya,Ya,Ya,Ya,Tidak
4992,Kos Nusantara Solo 4992,Solo,Pasar Kliwon,550000,Putra,Ya,Tidak,Ya,Ya,Ya,Ya,Tidak,Ya,Tidak,Tidak,Tidak,Ya,Ya
4993,Kos Nusantara Solo 4993,Solo,Laweyan,600000,Putri,Ya,Tidak,Tidak,Ya,Ya,Ya,Ya,Ya,Tidak,Ya,Ya,Tidak,Ya
4994,Kos Cendana Solo 4994,Solo,Banjarsari,550000,Campur,Ya,Ya,Tidak,Ya,Ya,Ya,Tidak,Ya,Tidak,Tidak,Ya,Tidak,Tidak
4995,Kos Kenanga Solo 4995,Solo,Laweyan,1050000,Campur,Tidak,Ya,Tidak,Ya,Ya,Ya,Ya,Ya,Tidak,Tidak,Tidak,Ya,Tidak
4996,Kos Melati Solo 4996,Solo,Jebres,1050000,Putra,Ya,Tidak,Tidak,Ya,Ya,Tidak,Tidak,Ya,Tidak,Tidak,Tidak,Tidak,Ya
4997,Kos Permata Solo 4997,Solo,Pasar Kliwon,550000,Putri,Ya,Tidak,Ya,Ya,Ya,Tidak,Ya,Ya,Ya,Ya,Ya,Ya,Tidak
4998,Kos Sakura Solo 4998,Solo,Jebres,1500000,Campur,Ya,Tidak,Tidak,Ya,Ya,Tidak,Ya,Ya,Tidak,Ya,Ya,Tidak,Ya
4999,Kos Sakura Solo 4999,Solo,Laweyan,1200000,Campur,Ya,Ya,Tidak,Ya,Ya,Ya,Tidak,Ya,Tidak,Ya,Tidak,Ya,Ya
5000,Kos Melati Solo 5000,Solo,Laweyan,1400000,Putri,Ya,Tidak,Tidak,Ya,Ya,Ya,Ya,Ya,Tidak,Ya,Ya,Ya,Ya
